paper_id,ee_identifier,PI_decision,d1,d1_rationale,d2,d2_rationale,d1_ne_d2,primary_outcome,verifier_decision,verifier_rationale,final_outcome,primary_parse_error,primary_error,verifier_parse_error,verifier_error,primary_request_hash,verifier_request_hash,primary_wall_s,verifier_wall_s,reprocessed_after_interrupt
290,EE-138,exclude,exclude,"The paper describes an autonomous robotic system used in implant placement, but it does not mention any physical surgical task involving tissue, phantoms, or in-vivo models. The focus is on clinical outcomes (patient satisfaction) rather than evaluating surgical autonomy, task accuracy, or safety events. Additionally, the title and abstract do not provide evidence of the system controlling or directing a physical robot to execute a surgical action, which is a key inclusion criterion.",exclude,"The paper describes an autonomous robotic system used in implant placement, but it does not mention any physical surgical task involving tissue, phantoms, or in-vivo models. The focus is on clinical outcomes (patient satisfaction) rather than evaluating the autonomy level, task accuracy, or safety events in a surgical context. Additionally, the title and abstract do not provide evidence of the robotic system controlling or directing a physical robot to execute a surgical action, which is a key inclusion criterion.",False,OUT,,,OUT,False,False,False,False,7374b6189cebb6b490c721e38bdaf8dd37b1d5be1066d822e4752c95339caa63,,6.406,,False
306,EE-154,exclude,include,"The paper involves a task-autonomous robotic system for zygomatic implant placement, which is a physical surgical task. It compares the accuracy of a task-autonomous robotic system with dynamic navigation, meeting the intervention and comparator criteria. The study is an in vitro study, which is within the inclusion criteria for physical surgical tasks. The title and abstract suggest the presence of an autonomous robotic component, which is a key inclusion criterion. The paper is in English and appears to be a peer-reviewed original research article. There is no indication that it is a systematic review, meta-analysis, or non-surgical robotics application.",include,"The paper involves a task-autonomous robotic system for zygomatic implant placement, which is a physical surgical task. It compares the accuracy of a task-autonomous robotic system with dynamic navigation, meeting the intervention and comparator criteria. The study is an in vitro study, which is within the inclusion criteria for physical surgical tasks. The title and abstract suggest the presence of an autonomous robotic component, which is a key inclusion criterion. The paper is in English and appears to be a peer-reviewed original research article. There is no indication that it is a systematic review, meta-analysis, or non-surgical robotics application.",False,IN,exclude,"The abstract describes zygomatic implant (ZI) placement, which falls under dental/oral and maxillofacial surgery – an excluded specialty. While the system is described as 'task-autonomous', the context is a specialty-specific procedure, triggering the exclusion criteria for those fields.",FLAGGED,False,False,False,False,6bf5d424f16c50c12df7f40f85b6a90a4e2ede7d2e6db2bd10aa499fa6b7afe6,3d71186ec0de44910ea08dc1d0d24cdb7feaf72f36a6a9fc1459bdba2b3a942f,7.848,8.304,False
362,EE-210,exclude,exclude,"The paper describes dental implant surgery, which falls under the excluded specialties (dental surgery). Even though the paper involves autonomous robotic surgery, the specialty is explicitly excluded according to the review's criteria.",exclude,"The paper describes dental implant surgery, which falls under the excluded specialties (dental surgery). Even though the paper involves autonomous robotic surgery, the specialty is explicitly excluded according to the review's criteria.",False,OUT,,,OUT,False,False,False,False,30be6f3e4a26cf7255b3cc88d6c77eddb3a944562487e08581b932d7b786681e,,3.649,,False
356,EE-204,exclude,include,"The paper describes a robotic system performing a physical surgical task (zygomatic implant placement) with autonomous or semi-autonomous control. It involves a physical surgical task on a human patient, includes preoperative planning and robotic execution, and reports on accuracy metrics. The study meets the inclusion criteria for population, intervention, and outcomes. It is a peer-reviewed original research article in English, published within the specified timeframe. The specialty (oral and maxillofacial surgery) is excluded, but the paper describes a generalizable autonomous task (implant placement) rather than a specialty-specific one, so it is included.",include,"The paper describes a robotic system performing a physical surgical task (zygomatic implant placement) with autonomous or semi-autonomous control. It involves a physical surgical task on a human patient, includes preoperative planning and robotic execution, and reports on accuracy metrics. The study meets the inclusion criteria for population, intervention, and outcomes. It is a peer-reviewed original research article in English, published within the specified timeframe. The specialty (oral and maxillofacial surgery) is excluded, but the paper describes a generalizable autonomous task (implant placement) rather than a specialty-specific one, so it is included.",False,IN,exclude,"The abstract describes a robotic *assistance* with implant placement, but does not detail any autonomous or semi-autonomous decision-making by the robot. The system appears to follow a pre-planned path with robotic *execution* of the plan, but lacks any indication of independent action or adaptation. This aligns with purely teleoperated/master-slave systems, which are excluded. It does not meet the criteria for an autonomous or semi-autonomous component.",FLAGGED,False,False,False,False,61cb763acd2a4d14caab6db0afaae942362c18c7e0a67f97c5316b5c173a80d4,8783367aa504eb9c527cd266d4b3e45dd66f18f99c75343d26a7a11ab915d8c4,8.133,11.898,False
336,EE-184,exclude,exclude,"The paper describes a clinical study on autonomous robotic-assisted full-arch implant surgery, which falls under dental surgery. Dental surgery is explicitly excluded per the specialty scope criteria. Additionally, the abstract does not mention any autonomous or semi-autonomous robotic component that controls or directs a physical robot to execute a surgical action, which is a required inclusion criterion.",include,"The paper describes autonomous robotic-assisted full-arch implant surgery, which involves a physical surgical task (dental implant surgery). The ADIR system is an autonomous or semi-autonomous robotic component that controls or directs a physical robot to execute a surgical action. The study is a prospective clinical study, which is a peer-reviewed original research paper. The paper is in English and published within the specified timeframe (2010–2025). Although the specialty is dental surgery, which is excluded, the task described (full-arch implant surgery) is not specialty-specific and is considered a generalizable autonomous capability. Therefore, it meets the inclusion criteria.",True,FLAGGED,,,FLAGGED,False,False,False,False,f8ec69156f6a6ed00b29830f6048359f9a978b36f20266bf25742355883267a0,,6.733,,False
600,EE-448,exclude,include,"The paper describes an autonomous robotic osteotomy system for mandibular ramal bone harvest, evaluated against manual surgery using phantom models. It involves a physical surgical task (bone harvesting), an autonomous robotic component that controls the execution of the surgical action, and reports on task accuracy and error rates. The study is peer-reviewed, in English, and published within the specified timeframe. While the specialty is oral and maxillofacial surgery, which is excluded, the task described (bone harvesting) is considered a generalizable autonomous capability and thus included under the 'bench/preclinical autonomy' category.",include,"The paper describes an autonomous robotic osteotomy system for mandibular ramal bone harvest, involving a physical surgical task on a phantom model. It evaluates the accuracy of the robotic system compared to manual surgery, which aligns with the review's focus on autonomous or semi-autonomous surgical robotic systems performing physical surgical tasks. The study involves a physical robot executing a surgical action, and the outcomes include task accuracy and error rates. The specialty is oral and maxillofacial surgery, which is excluded, but the paper describes a generalizable autonomous task (osteotomy) performed in an orthopedic context (mandibular ramal bone harvest), which is included under the specialty scope. The paper is in English, peer-reviewed, and published between 2010 and 2025.",False,IN,exclude,"The specialty is oral and maxillofacial surgery (mandibular osteotomy), which is explicitly excluded. While bench/preclinical tasks are included regardless of specialty, this is a specific surgical task within an excluded specialty. The abstract does describe autonomous execution, a physical task, and original research, but fails the specialty scope criteria.",FLAGGED,False,False,False,False,883fec640d60e2b389d6c835bbc6e78b1d806bc56036abc010478399d528d9aa,e45e5d57aa35a0b6ced8323a1533235ceb282da6a51be6f08daf058ce9950e92,8.935,9.46,False
257,EE-105,exclude,exclude,"The paper describes a robotic-assisted surgical system for impacted teeth extraction in children, but it does not mention any level of autonomy in the robotic system. The intervention is described as 'robotic-assisted,' which implies continuous human control rather than autonomous or semi-autonomous behavior. Since the paper does not involve an autonomous or semi-autonomous robotic component that controls or directs a physical robot to execute a surgical action, it does not meet the inclusion criteria.",exclude,"The paper describes a robotic-assisted surgical system for impacted teeth extraction in children, but it does not mention any level of autonomy in the robotic system. The intervention is described as 'robotic-assisted,' which implies continuous human control rather than autonomous or semi-autonomous behavior. Since the paper does not involve an autonomous or semi-autonomous robotic component that controls or directs a physical robot to execute a surgical action, it does not meet the inclusion criteria.",False,OUT,,,OUT,False,False,False,False,0d1092eb839a7e1902bf9a48e6414454bee5910c2bd11999027b66b1a5f5a145,,6.462,,False
258,EE-106,exclude,include,"The paper involves a semi-autonomous robotic system (SARS) performing a physical surgical task (implant placement) in an in-vivo model (completely edentulous models). It compares the SARS to a dynamic navigation system (DNS), which can be considered a comparator. The study evaluates task accuracy (trueness and precision) and includes outcomes such as deviation measurements. The paper is peer-reviewed, in English, and published between 2010 and 2025. The robotic system controls the physical execution of the surgical task, meeting the inclusion criteria for autonomy. The specialty is dental surgery, which is excluded, but the task (implant placement) is considered a generalizable autonomous capability and is included under the 'bench/preclinical autonomy' category.",include,"The paper involves a semi-autonomous robotic system (SARS) performing a physical surgical task (implant placement) in an in-vivo model (completely edentulous models). It compares the SARS to a dynamic navigation system (DNS), which can be considered a comparator. The study evaluates task accuracy (trueness and precision) and includes outcomes such as deviation measurements. The robotic system controls the physical robot to execute the surgical action, meeting the inclusion criteria for an autonomous or semi-autonomous robotic component. The study is peer-reviewed, in English, and published between 2010 and 2025. The specialty is dental surgery, which is excluded, but the task (implant placement) is considered a generalizable autonomous capability, thus it is included.",False,IN,exclude,"The study focuses on dental implant surgery, which is explicitly excluded from the specialty scope. While a robotic system is involved, the surgical task is within a excluded specialty.",FLAGGED,False,False,False,False,8468eb5546da7ac5b9c82ba10ec17aebeefbf5361d258f263fc36a9527079071,f5d9295499cebe11210208f0b6cd209196619ce400af80b3e6220c872994d8f2,10.046,6.72,False
261,EE-109,exclude,exclude,"The paper describes a study involving cochlear implant electrode insertion, which falls under ophthalmic surgery, which is explicitly excluded per the specialty scope criteria. Additionally, the abstract does not mention any autonomous or semi-autonomous robotic component controlling or directing a physical robot to execute a surgical action, which is a required inclusion criterion.",exclude,"The paper describes a study involving cochlear implant electrode insertion, which falls under ophthalmic surgery, which is explicitly excluded per the specialty scope criteria. Additionally, the abstract does not mention any autonomous or semi-autonomous robotic component controlling or directing a physical robot to execute a surgical action, which is a required inclusion criterion.",False,OUT,,,OUT,False,False,False,False,dd4cc1fe5feaa76a66b7f4f99cac13ab643944d5182854b8aa438592ce64a6d8,,4.866,,False
57,EE-026,exclude,exclude,"The paper describes a clinical trial involving robotic drilling for cochlear implantation, but it does not involve an autonomous or semi-autonomous robotic component that controls or directs a physical robot to execute a surgical action. The robotic drilling is performed under the guidance of preoperative imaging and intraoperative imaging, but the actual drilling is not autonomously executed by the robotic system. The procedure is manually created by the surgeon, indicating that the robotic system does not perform the physical surgical task autonomously. Additionally, the paper is a clinical trial rather than a peer-reviewed original research paper focused on autonomy in surgical robotics.",exclude,"The paper describes a robotic system used in a clinical setting for cochlear implantation, but it does not involve an autonomous or semi-autonomous robotic component that controls or directs a physical robot to execute a surgical action. The robotic drilling is performed under the guidance of preoperative imaging and intraoperative imaging, but the actual drilling is not autonomous; it is likely under the control of the surgeon. Additionally, the paper is a clinical trial rather than a peer-reviewed original research paper focused on autonomy in surgical robotics. The paper also does not meet the inclusion criteria for specialty scope as it falls under ophthalmic surgery, which is excluded.",False,OUT,,,OUT,False,False,False,False,a1159e3275ed111ae8f0ec2a218d3bda93359b865966f0bd12ed12ecafc2735b,,8.062,,False
354,EE-202,exclude,exclude,"The paper describes a semi-autonomous stereotactic brain biopsy robotic system, which falls under neurosurgery. According to the exclusion criteria, neurosurgery is explicitly excluded unless the autonomous task is generalizable. The title and abstract suggest the system is specialty-specific (brain biopsy), which is a neurosurgical task. Therefore, it does not meet the inclusion criteria.",exclude,"The paper describes a semi-autonomous stereotactic brain biopsy robotic system, which falls under neurosurgery. According to the exclusion criteria, neurosurgery is explicitly excluded unless the autonomous task is generalizable. The title and abstract suggest the system is specialty-specific (brain biopsy), which is a neurosurgical task. Therefore, it does not meet the inclusion criteria.",False,OUT,,,OUT,False,False,False,False,18442634fb6cab8c7b8512bd4d9a0d987063dd9db642d08ebf6f1511b6152af0,,5.366,,False
598,EE-446,exclude,exclude,"The paper describes a robotic system for autonomous percutaneous vertebroplasty, which falls under orthopedic surgery. According to the exclusion criteria, orthopedic surgery is excluded unless the autonomous task is generalizable. The title and abstract suggest the system is specifically designed for vertebroplasty, a specialty-specific task in orthopedic surgery, and thus does not meet the inclusion criteria.",exclude,"The paper describes a robotic system for autonomous percutaneous vertebroplasty, which falls under orthopedic surgery. According to the exclusion criteria, orthopedic surgery is excluded unless the autonomous task is generalizable. The title and abstract suggest the system is specifically designed for vertebroplasty, a specialty-specific task in orthopedic surgery, and thus does not meet the inclusion criteria.",False,OUT,,,OUT,False,False,False,False,4bf791331f587bbffbbf7e7639a745eb3c6b385bbbcbb8b72f71e55c51cdd6b4,,5.795,,False
360,EE-208,exclude,include,"The paper describes a cadaveric study involving a novel spinal robotic system performing an autonomous laminectomy, which is a physical surgical task. The title and abstract suggest the system operates autonomously (Level V autonomy), which aligns with the review's focus on autonomous or semi-autonomous surgical robotic systems. The study involves a physical surgical task on cadavers, meets the language and publication date criteria, and does not fall under excluded specialties. The abstract does not mention exclusion criteria such as non-surgical robotics or simulation studies without autonomous behavior.",include,"The paper describes a cadaveric study involving a novel spinal robotic system performing an autonomous laminectomy, which is a physical surgical task. The title indicates the use of an autonomous robotic system, meeting the population and intervention criteria. The study involves a physical surgical task (cadaver), and the focus is on accuracy evaluation, which aligns with the outcomes of interest. The specialty is thoracic surgery, which is included in the review scope. There is no mention of exclusion criteria such as non-surgical robotics, simulation without autonomous behavior, or excluded specialties like neurosurgery. The paper is likely peer-reviewed and in English, though the abstract does not confirm publication date, but the title and abstract suggest it meets inclusion criteria.",False,IN,exclude,"The specialty scope explicitly excludes neurosurgery, and the paper focuses on spinal laminectomy, a neurosurgical procedure. While the abstract mentions 'autonomous laminectomy', the procedure itself falls within the excluded neurosurgical specialty. Therefore, it fails the specialty scope criteria.",FLAGGED,False,False,False,False,61f0db5876601e5d0613bf0df835d74dd1cd663bcebc8827f246a3d418bd12ce,55b0c40edd5206e7cf0cff9e27b1718312c515db13418f72c1114ef32ede3a04,8.07,8.012,False
302,EE-150,exclude,include,"The paper describes an autonomous robotic system for spinal decompression, which is a surgical task. The title mentions the system's accuracy and safety, which aligns with the outcomes of interest. The system is described as autonomous, meeting the intervention criteria. The specialty is spinal surgery, which is included in the review. The paper is likely peer-reviewed and in English, though the abstract does not confirm publication date or full details, but the inclusion criteria allow for partial evidence.",include,"The paper describes an autonomous robotic system for spinal decompression, which is a surgical task. The title and abstract mention the system's accuracy and safety, which aligns with the outcomes of interest. The system is autonomous, meeting the intervention criteria. The specialty is spinal surgery, which is included in the review. The paper is likely peer-reviewed and in English, though the abstract does not confirm publication date or full details, but the inclusion criteria allow for partial evidence.",False,IN,exclude,"The abstract describes an autonomous system performing a *spinal* posterior decompression. Spinal surgery falls within the excluded specialty of neurosurgery. While the abstract mentions autonomous planning and cutting, the context is specifically neurosurgical, and therefore excluded based on the specialty scope.",FLAGGED,False,False,False,False,ef17f0a3e0287da31eecf23fcfb170769a5461466c6aec61e5e05d4f0df2f622,57016d32bdbd3830745ff99168b5941a3ac5f8c30ce3b0a4cfe206929264f97f,6.364,7.741,False
603,EE-451,exclude,include,"The paper describes an autonomous robotic system for cranial-milling tasks in in vitro animal experiments. It involves a physical surgical task (cranium-milling) and an autonomous or semi-autonomous robotic component that controls the execution of the surgical action. The study meets the inclusion criteria for population, intervention (autonomous robotic control), and outcomes (task accuracy/error rate, autonomy level). The specialty is neurosurgery, which is excluded only if the task is specialty-specific, but the paper describes a generalizable autonomous task. The paper is in English, peer-reviewed, and published between 2010 and 2025.",include,"The paper describes an autonomous robotic system for cranial-milling tasks, which is a physical surgical task performed on an in vitro animal model. The system demonstrates autonomous behavior through the use of a model-free adaptive nonlinear force control algorithm and a breakthrough detection algorithm, which allows the robot to perform the task with minimal human intervention. The study meets the inclusion criteria for surgical robotics with autonomy, and the task is relevant to neurosurgery, which is included in the specialty scope. The paper is in English, peer-reviewed, and published between 2010 and 2025.",False,IN,exclude,"The specialty is neurosurgery, which is explicitly excluded. While the abstract mentions a generalizable task (skull milling), the context is specifically neurosurgical, triggering the exclusion criteria. The paper describes an autonomous task *within* a neurosurgical context, and therefore does not meet the inclusion criteria for generalizable tasks performed in excluded specialties.",FLAGGED,False,False,False,False,7d83284c44a38aa1a7983e7a69f35a3a1fc30b390234823a833ded23a64b4bf8,daa603eab80a475dd92465b84468ba64bb339cc3fa119a47d9b8ff1d2511d945,8.41,9.888,False
372,EE-220,exclude,exclude,"The paper describes a robotic system for spinal procedures, but it does not mention any level of autonomy or semi-autonomy in the robotic system's operation. The abstract indicates the system allows for comparable placement as a freehand technique, which suggests it may be teleoperated rather than autonomous. Since the paper does not meet the inclusion criteria of involving an autonomous or semi-autonomous robotic component that controls or directs a physical robot to execute a surgical action, it is excluded.",exclude,"The paper describes a robotic system for spinal procedures, but it does not mention any level of autonomy or semi-autonomy in the robotic system's operation. The abstract indicates the system allows for comparable placement as a freehand technique, which suggests it may be teleoperated rather than autonomous. Since the paper does not meet the inclusion criteria of involving an autonomous or semi-autonomous robotic component that controls or directs a physical robot to execute a surgical action, it is excluded.",False,OUT,,,OUT,False,False,False,False,94fa86d4009f83549e25ce47c82e76d71340c1516e21cb3678b351b2eb1e988e,,6.345,,False
450,EE-298,exclude,include,"The abstract mentions a robotic platform for neuroendoscopy with autonomous and hands-on control, which suggests the presence of an autonomous or semi-autonomous robotic component. The paper involves a physical surgical task (neuroendoscopy) and is likely peer-reviewed. However, the abstract does not provide sufficient detail to confirm all inclusion criteria (e.g., autonomy level, task accuracy, or safety events). The paper is within the publication date range (2010–2025), and the specialty (neurosurgery) is excluded unless the task is generalizable. The abstract does not clarify whether the task is specialty-specific or generalizable, so it is included for further evaluation.",include,"The abstract mentions a robotic platform for neuroendoscopy with autonomous and hands-on control, which suggests the presence of an autonomous or semi-autonomous robotic component. The paper involves a physical surgical task (neuroendoscopy) and is likely peer-reviewed. However, the abstract does not provide sufficient detail to confirm all inclusion criteria (e.g., autonomy level, task accuracy, or safety events). The paper is within the publication date range (2010–2025), and the specialty (neurosurgery) is excluded unless the task is generalizable. The abstract does not clarify whether the task is specialty-specific or generalizable, so it is included for further evaluation.",False,IN,exclude,"The abstract is extremely brief and only states that autonomous *and* hands-on control were achieved. It does not explicitly state that the robot *executed* a surgical action autonomously. Furthermore, the title specifies 'neuroendoscopy', which falls within the excluded specialty of neurosurgery. Without further information, it's reasonable to assume this is a specialty-specific application and therefore excluded based on the specialty scope.",FLAGGED,False,False,False,False,e2aecd1fc86351565a6737677b63f8a1509611c76377dc4a536930e8be0d9ba8,3e5fa96d01c1b4b274bae5e21900e7bb3901ae2ca6251c2a4bd412d177629d2f,8.695,10.555,False
582,EE-430,exclude,exclude,"The paper focuses on a neurosurgical robot system (RONNA) and evaluates localization strategies for frameless stereotactic neurosurgery. However, the study does not involve autonomous or semi-autonomous robotic systems performing physical surgical tasks. Instead, it describes a localization strategy for a robotic system that is likely teleoperated, not autonomous. The paper is about improving navigation accuracy, not about autonomy levels (Yang et al. Levels 1–5) or autonomous task execution. Additionally, neurosurgery is an excluded specialty unless the task is generalizable. This paper describes a specialty-specific task (neurosurgical localization), and there is no indication of autonomy in the task execution.",exclude,"The paper focuses on neurosurgical robotics, which is excluded under the specialty scope. Neurosurgery is explicitly excluded unless the autonomous task is generalizable. The paper describes a neurosurgical robot system (RONNA) and evaluates localization strategies for frameless stereotactic neurosurgery, which is a specialty-specific application. Since the task is not generalizable and falls under the excluded specialty, the paper is excluded.",False,OUT,,,OUT,False,False,False,False,0d65cc0ba2b8e00a09c79322e3d6351d3c2f25504fd4a93005cc414563bbf3b3,,7.457,,False
737,EE-585,exclude,exclude,"The title and abstract mention neurosurgery, which is an excluded specialty. The paper does not provide sufficient information to determine if it involves autonomous or semi-autonomous robotic systems performing physical surgical tasks, and it is unclear if the robotic component controls or directs a physical robot to execute a surgical action.",exclude,"The title and abstract mention neurosurgery, which is an excluded specialty. The paper does not provide sufficient information to determine if it involves autonomous or semi-autonomous robotic systems performing physical surgical tasks, and it is unclear if the robotic component controls or directs a physical robot to execute a surgical action.",False,OUT,,,OUT,False,False,False,False,49504aadeb453b2b8b6c23cb96eca75ec0ffc0a7aacf348e74a8784d5de8bf55,,4.613,,False
264,EE-112,exclude,exclude,"The paper describes a robotic system for craniotomy, which falls under neurosurgery. According to the exclusion criteria, neurosurgery is explicitly excluded unless the autonomous task is generalizable. The paper focuses on a specialty-specific autonomous task (autonomous bone drilling and milling in craniotomy), which is excluded under the specialty scope.",exclude,"The paper describes a robotic system for craniotomy, which falls under neurosurgery. According to the exclusion criteria, neurosurgery is explicitly excluded unless the autonomous task is generalizable. The paper focuses on a specialty-specific autonomous task (autonomous bone drilling and milling in craniotomy), which is excluded under the specialty scope.",False,OUT,,,OUT,False,False,False,False,7750cd2bd2646ecd4b6e0c015e552682a3d40d9b0d5855a29c3cd059b151a962,,5.204,,False
413,EE-261,exclude,exclude,"The paper describes a neurosurgical application involving autonomous robotic navigation and registration, but it is focused on neuroregistration and neuronavigation rather than performing physical surgical tasks on tissue, phantoms, or in-vivo models. The abstract does not mention any physical surgical task execution by the robotic system, which is a key inclusion criterion. Additionally, the paper is in the field of neurosurgery, which is explicitly excluded unless the autonomous task is generalizable (e.g., suturing, knot-tying). This paper appears to be more about navigation and registration rather than executing physical surgical actions, and thus does not meet the inclusion criteria.",exclude,"The paper describes a neurosurgical application involving autonomous robotic navigation and registration, but it is focused on neuroregistration and neuronavigation rather than performing physical surgical tasks on tissue, phantoms, or in-vivo models. The abstract does not mention any physical surgical task execution by the robotic system, which is a key inclusion criterion. Additionally, the paper is in the field of neurosurgery, which is explicitly excluded unless the autonomous task is generalizable (e.g., suturing, knot-tying). This paper appears to be more about navigation and registration rather than executing physical surgical actions, and thus does not meet the inclusion criteria.",False,OUT,,,OUT,False,False,False,False,759a58d1e6953d1073df1c955aaeab23b6b44ea229629dd4aac35bfb97d95c1c,,8.321,,False
429,EE-277,exclude,exclude,"The paper describes a robot-guided neuromapping system for nerve-sparing taTME, but it is focused on a specific surgical specialty (neurosurgery) and involves a task that is specialty-specific (neuromapping during rectal cancer surgery). According to the exclusion criteria, neurosurgery is excluded unless the autonomous task is generalizable. This paper describes a specialty-specific autonomous task (neuromapping during rectal cancer surgery), which falls under the excluded specialty. Additionally, the paper does not involve a physical surgical task performed by an autonomous or semi-autonomous robotic system that controls or directs a physical robot to execute a surgical action; instead, it describes a robotic-assisted neuromapping system that is still under human control.",exclude,"The paper describes a robot-guided neuromapping system for nerve-sparing taTME, but it is focused on neurosurgery and specifically involves autonomous or semi-autonomous robotic behavior in a specialty-specific context (neurosurgery). According to the exclusion criteria, neurosurgery is excluded unless the autonomous task is generalizable. This paper describes a specialty-specific autonomous task (neuromapping in neurosurgery), which falls under the excluded specialty.",False,OUT,,,OUT,False,False,False,False,2cd64822366ac13e8d49b39ff73c6c657c8f7589c2f8bbd45b50f684737e30f3,,8.054,,False
800,EE-648,exclude,exclude,"The paper focuses on neurosurgical practice, which is excluded under the specialty scope. Neurosurgery is explicitly listed as an excluded specialty unless the autonomous task is generalizable. The abstract does not indicate that the autonomous task described is generalizable, and the focus is on neurosurgical applications, which fall under the excluded specialty.",exclude,"The paper focuses on neurosurgical practice, which is excluded under the specialty scope. Neurosurgery is explicitly listed as an excluded specialty unless the autonomous task is generalizable. The abstract does not indicate that the autonomous task described is generalizable, and the focus is on neurosurgical applications, which fall under the excluded specialty.",False,OUT,,,OUT,False,False,False,False,f410d38c16fdd3da84b78278f7565eebced9eff64fe3b89ec18a5c6c6ac130d1,,5.054,,False
435,EE-283,exclude,include,"The paper describes a semi-autonomous robotic system for image-guided brain tumour resection, which involves an autonomous or semi-autonomous robotic component controlling a physical robot to execute a surgical action. It is a bench-top study, which is within the included specialties (bench/preclinical autonomy). The paper is in English, peer-reviewed, and published between 2010 and 2025. The study involves a physical surgical task (bench-top simulation) and includes semi-autonomous robotic behavior, meeting the inclusion criteria.",include,"The paper describes a semi-autonomous robotic system for image-guided brain tumour resection, which involves an autonomous or semi-autonomous robotic component controlling a physical robot to execute a surgical action. It is a bench-top study, which is within the included specialties (bench/preclinical autonomy). The paper is in English, peer-reviewed, and published between 2010 and 2025. It meets the criteria for inclusion as it involves a physical surgical task and an autonomous/semi-autonomous robotic component.",False,IN,exclude,"The abstract describes a 'semi-automated laboratory setup' and a 'simulating' procedure. While it mentions robotic assistance, the focus is on the setup and simulation itself, not the execution of a surgical task *by* an autonomous/semi-autonomous robot. It lacks detail on the autonomous component actually controlling the robot to perform a surgical action. The study appears to be bench-top and focused on the system's development rather than evaluating autonomous surgical performance. Additionally, the specialty is neurosurgery, which is explicitly excluded unless the task is generalizable (which isn't indicated here).",FLAGGED,False,False,False,False,7378e50b0b8713aa1a9c20f0e8237aa73a91abc9179f430f4818573a018900a2,a180c74e22f43591b11a7c135aed0644d19932cf97000cea7c2b7a9baa34095c,7.04,13.98,False
404,EE-252,exclude,exclude,"The paper describes a simulation study involving autonomous robotic navigation for neurosurgery, but it is explicitly excluded because it focuses on ophthalmic surgery (neurosurgery is not excluded, but the paper's focus is on intracranial applications, which are part of neurosurgery). However, the paper is about a vegetable specimen and does not involve a physical surgical task on tissue, phantoms, or in-vivo models. Additionally, the study is a simulation without demonstrating autonomous/semi-autonomous robotic behavior in the simulation, which is excluded. The paper also does not meet the inclusion criteria for surgical robotics involving physical surgical tasks.",exclude,"The paper describes a simulation study involving autonomous robotic navigation for neurosurgery, but it is explicitly excluded because it focuses on ophthalmic surgery (neurosurgery is not excluded, but the paper's focus is on intracranial applications, which are part of neurosurgery). However, the paper is about a vegetable specimen and does not involve a physical surgical task on tissue, phantoms, or in-vivo models. Additionally, the study is a simulation without demonstrating autonomous/semi-autonomous robotic behavior in the simulation, which is excluded. The paper also does not meet the inclusion criteria for surgical robotics involving physical surgical tasks.",False,OUT,,,OUT,False,False,False,False,6c2b1e5d726708eb8e072588d97a76c1b44e18400cf744f11bb19bb6853ebdf7,,8.343,,False
280,EE-128,exclude,exclude,"The paper describes an ophthalmic surgery application, which falls under the excluded specialties (ophthalmic surgery). The study involves a robot-assisted system, but the specialty is explicitly excluded from the review scope.",exclude,"The paper describes an ophthalmic surgery application, which falls under the excluded specialties (ophthalmic surgery). Even though the task involves autonomous robotic behavior, the specialty is explicitly excluded according to the review's criteria.",False,OUT,,,OUT,False,False,False,False,06e4c20f67729584cf6d1c80b4d16cc0b4f7b6504daa9928ec53815698f12ca6,,3.796,,False
333,EE-181,exclude,exclude,"The paper describes a robotic system for autonomous needle navigation in subretinal injections, which is an ophthalmic surgery specialty. According to the exclusion criteria, ophthalmic surgery is explicitly excluded from the review scope.",exclude,"The paper describes a subretinal injection procedure, which falls under ophthalmic surgery, a specialty explicitly excluded in the review criteria. Additionally, the paper does not involve a physical surgical task on tissue, phantoms, or in-vivo models with an autonomous or semi-autonomous robotic component that controls or directs a physical robot to execute a surgical action. The focus is on autonomous needle navigation using iOCT and a robotic system, but the task is specific to ophthalmic surgery and does not meet the inclusion criteria for the specified specialties.",False,OUT,,,OUT,False,False,False,False,10311a402062a09509cbf788459e584d2baeff9fed4a6283451eeeb818bcc1c2,,5.636,,False
650,EE-498,exclude,include,"The paper describes a robotic system performing a physical surgical task (needle insertion in DALK) with an autonomous or semi-autonomous component (data-driven model predictive controller). It involves an ex vivo model, which is acceptable under the inclusion criteria. The study evaluates task accuracy (needle positioning), which is one of the specified outcomes. The paper is peer-reviewed, in English, and published within the specified timeframe. It does not involve non-surgical robotics or excluded specialties. The abstract does not mention exclusion criteria such as simulation frameworks without autonomous behavior or excluded specialties like neurosurgery.",include,"The paper describes a robotic system performing a physical surgical task (needle insertion in DALK) with an autonomous or semi-autonomous component (data-driven model predictive controller). It involves an ex vivo model, which is acceptable under the inclusion criteria. The system controls or directs a physical robot to execute a surgical action, meeting the requirement for an autonomous or semi-autonomous robotic component. The paper is peer-reviewed, in English, and published within the specified timeframe. It does not fall under excluded specialties or types of studies.",False,IN,exclude,"The abstract describes a robotic needle insertion system, but focuses on *controlling* the robot based on a model predictive controller. It does not demonstrate or evaluate autonomous/semi-autonomous *behavior* of the robot itself. The core contribution is a control algorithm, not an autonomous surgical task. This falls under the exclusion criterion of 'ML/CV methodology papers that only analyze...without controlling a robot to execute a surgical action'. Additionally, the specialty is ophthalmic surgery, which is explicitly excluded.",FLAGGED,False,False,False,False,96e2b8bc9d0ea732941ca366d8c5acc1e47d953b1d25b03806248f4e81458329,6d5a7f529799765dd6e910588073f94020664041f62a4442859efd70921b617d,7.313,12.228,False
325,EE-173,exclude,exclude,"The paper describes a robotic cochlear implant surgery, which falls under ophthalmic or neurosurgical contexts. Since ophthalmic surgery is explicitly excluded, and the paper does not describe a generalizable autonomous task outside of the specialty-specific context (e.g., electrode insertion in the inner ear), it is excluded.",exclude,"The paper describes a robotic cochlear implant surgery, which falls under ophthalmic or neurosurgical contexts. According to the exclusion criteria, ophthalmic surgery is excluded, and neurosurgery is excluded unless the task is generalizable. The paper specifically describes a specialty-specific autonomous task (cochlear implantation) in a neurosurgical context, which is excluded.",False,OUT,,,OUT,False,False,False,False,f35285aa4bc1219c962c64ab3054cc6b0e94229ebedabc2df0c9373cae3f3307,,5.27,,False
426,EE-274,exclude,include,"The paper describes a semi-automated robotic system (IRISS) that performs a physical surgical task (cataract removal) using OCT guidance. The system involves autonomous or semi-autonomous robotic behavior that controls or directs a physical robot to execute a surgical action. The task is performed on a biological model (postmortem pig eyes), and the system includes real-time supervision and intervention by the surgeon. The paper is a peer-reviewed original research article in English, published between 2010 and 2025. The specialty is ophthalmic surgery, which is excluded, but the task described (cataract removal) is not a specialty-specific task in ophthalmic surgery and is considered a generalizable autonomous capability. Therefore, it meets the inclusion criteria.",include,"The paper describes a semi-automated robotic system (IRISS) that performs a physical surgical task (cataract removal) using OCT guidance. The system involves autonomous or semi-autonomous robotic behavior that controls or directs a physical robot to execute a surgical action. The task is performed on a biological model (postmortem pig eyes), and the system includes real-time supervision and intervention by the surgeon. The paper is a peer-reviewed original research article in English, published between 2010 and 2025. The specialty is ophthalmic surgery, which is excluded, but the task described (cataract removal) is not a specialty-specific task in ophthalmic surgery and is considered a generalizable autonomous capability. Therefore, it meets the inclusion criteria.",False,IN,exclude,"The specialty is ophthalmic surgery, which is explicitly excluded. While the abstract describes a semi-automated system, the exclusion criteria specifically exclude ophthalmic surgery papers.",FLAGGED,False,False,False,False,a15b32753115bbb29f5ae295c1d4016ffa80bbd36a1319d3ddecce1de6aa3fcb,c62560c72739757ef86fb0a42469fda8dfc10a81e58ce323f2ebedc9631bdb6b,9.844,6.393,False
596,EE-444,exclude,include,"The paper describes an autonomous cornea suturing robotic system that performs a physical surgical task (corneal suturing) on a clinical model. It involves an autonomous or semi-autonomous robotic component that controls or directs a physical robot to execute a surgical action. The study is peer-reviewed, in English, and published within the specified timeframe. The task involves quantifying cornea-instrument-robot interaction for autonomous operations, which aligns with the review's focus on autonomy in surgical robotics. The specialty (ophthalmic surgery) is excluded, but the paper describes a generalizable autonomous task (cornea suturing) rather than a specialty-specific task, so it is included.",include,"The paper describes an autonomous cornea suturing robotic system that performs a physical surgical task (corneal suturing) on a clinical model. It involves an autonomous or semi-autonomous robotic component that controls or directs a physical robot to execute a surgical action. The study is peer-reviewed, in English, and published within the specified timeframe. The task accuracy and feasibility of autonomous performance are discussed, aligning with the outcomes of interest. The specialty (ophthalmic surgery) is excluded, but the paper describes a generalizable autonomous task (cornea suturing) rather than a specialty-specific one, so it is included.",False,IN,exclude,"The specialty is ophthalmic surgery, which is explicitly excluded. While the abstract describes autonomous suturing, the specialty context triggers exclusion per the defined scope.",FLAGGED,False,False,False,False,1221ecff316d67fd047e3ad60c93c17e35a57576f1ef92ee5afa2abbaba1634b,2b53f8bbb59b15dba5d07c74079de1af164f799cc9a8a0acbff885c33d66120d,8.554,6.183,False
341,EE-189,exclude,exclude,"The paper describes a robotic system for subretinal injection, which falls under ophthalmic surgery. Ophthalmic surgery is explicitly excluded in the specialty scope.",exclude,"The paper describes a robotic system for subretinal injection, which falls under ophthalmic surgery. Ophthalmic surgery is explicitly excluded in the specialty scope.",False,OUT,,,OUT,False,False,False,False,296493cedb019ae363d78ad79f215805a6334af00aea5d67e2e211250f65d0ad,,3.242,,False
705,EE-553,exclude,exclude,"The paper describes a semi-autonomous surgical robot for human retina surgery, which falls under ophthalmic surgery, a specialty explicitly excluded in the review criteria. Additionally, the abstract does not mention any physical surgical task performed on tissue, phantoms, or in-vivo models, and it does not specify the level of autonomy or comparator as required for inclusion.",exclude,"The paper describes a semi-autonomous surgical robot for human retina surgery, which falls under ophthalmic surgery, a specialty explicitly excluded in the review criteria. Additionally, the abstract does not mention any physical surgical task performed on tissue, phantoms, or in-vivo models, and it does not specify the autonomy level or any comparison with human-controlled systems.",False,OUT,,,OUT,False,False,False,False,bfe912e7ca410e4dc4ca22acfe5a9c0d2b8b08e99d3d7e937295788451063410,,5.313,,False
309,EE-157,exclude,include,"The paper describes an autonomous robotic system for retinal microsurgery, involving a physical surgical task (subretinal injection) on an in-vivo model (pig eyes). It includes an autonomous or semi-autonomous robotic component that controls the physical robot to execute a surgical action. The system integrates RGB-D imaging and CNNs for autonomous navigation, which aligns with the Yang et al. autonomy levels. The paper is peer-reviewed, in English, and published within the specified timeframe. While the specialty is ophthalmic surgery, which is excluded, the task described (subretinal injection) is a generalizable autonomous capability and thus included under the bench/preclinical autonomy category.",include,"The paper describes an autonomous robotic system for retinal microsurgery, involving a physical surgical task (subretinal injection) on an in-vivo model (pig eyes). It includes an autonomous or semi-autonomous robotic component that controls the physical robot to execute a surgical action. The system integrates RGB-D imaging and CNNs for autonomous navigation, which aligns with the Yang et al. autonomy levels. The paper is peer-reviewed, in English, and published within the specified timeframe. Although the paper is in the field of ophthalmic surgery, which is excluded, the task described (subretinal injection) is a generalizable autonomous capability and thus included under the bench/preclinical autonomy category.",False,IN,exclude,"The specialty is ophthalmic surgery, which is explicitly excluded. While the abstract describes autonomous navigation, the procedure (retinal microsurgery) falls within an excluded specialty.",FLAGGED,False,False,False,False,41dde4e69089ab43cc50f8e7ce4b598344c8cc06a717f456c59d60f1ceaca20d,aeaf88b801bfcd88ea295146760edc5cbb0478e9eee65d6438a5ae78a489d7f0,8.889,6.477,False
730,EE-578,exclude,include,"The paper describes a surgical robot for vitreoretinal surgery, which is within the included specialties (ophthalmic surgery is excluded, but the paper is about vitreoretinal surgery, which is not explicitly excluded). The robot performs autonomous tasks (autonomous detection of tool tip height using shadow projection). The study involves a physical surgical task (vitreoretinal surgery on the eye). The paper includes metrics related to task accuracy (height estimation error). The paper is in English, peer-reviewed, and published within the specified timeframe. It does not mention exclusion criteria such as non-surgical robotics or simulation frameworks without autonomous behavior.",include,"The paper describes a surgical robot for vitreoretinal surgery, which is within the included specialties (ophthalmic surgery is excluded, but the paper is about vitreoretinal surgery, which is not explicitly excluded). The robot performs autonomous tasks (autonomous detection of tool tip height using shadow projection). The study involves a physical surgical task (vitreoretinal surgery on the eye ground). The paper includes a method for autonomous positioning and evaluates accuracy (error rate). The paper is in English, peer-reviewed, and published within the specified timeframe. It does not involve non-surgical robotics or excluded specialties like neurosurgery or orthopedic surgery. The study does not appear to be a systematic review, meta-analysis, or scoping review.",False,IN,exclude,"The specialty is ophthalmic surgery, which is explicitly excluded. While the abstract describes autonomous positioning, the surgical task (vitreoretinal surgery/ILM peeling) falls within an excluded specialty.",FLAGGED,False,False,False,False,9f5bec1e9392f51e7eff2d29d5a780d98b1487d3347415641a39bb7ef6b6431a,6af544ad5d80ba42303976fe35671a28bbcff37e7da4206145cbfd9f14a8df4f,8.73,6.925,False
785,EE-633,exclude,include,"The paper describes a robotic system for bone drilling in orthopedic trauma surgery, which involves an autonomous or semi-autonomous robotic component that controls a physical robot to execute a surgical action. The study includes ex-vivo experiments on bones, which meet the inclusion criteria for physical surgical tasks. The paper also mentions autonomous drilling modes and control parameters, which align with the intervention criteria. The specialty is orthopedic surgery, which is excluded only if the task is specialty-specific, but the paper describes a generalizable autonomous task (bone drilling) in an orthopedic context. The paper is in English, peer-reviewed, and published between 2010 and 2025.",include,"The paper describes a robotic system for bone drilling in orthopedic trauma surgery, which involves an autonomous or semi-autonomous robotic component that controls a physical robot to execute a surgical action. The study includes ex-vivo experiments on bones, which meet the inclusion criteria for physical surgical tasks. The paper does not mention exclusion criteria such as non-surgical robotics, simulation frameworks without autonomous behavior, or excluded specialties like orthopedic surgery if the task is generalizable. The abstract does not explicitly state exclusion criteria, so the paper is included for further verification.",False,IN,exclude,"The paper focuses on orthopedic trauma surgery, which is an excluded specialty. While the abstract describes a robot performing bone drilling, the specialty context dictates exclusion based on the defined scope. Although bench/preclinical tasks are included regardless of specialty, this study is clearly applied to orthopedic trauma, not a generalizable task.",FLAGGED,False,False,False,False,7595621fdfaf644797f25d551587fe64458f18548b6b825182b6b44198388529,53635a9e4f9104675efb0d4a2cfaca422b793b070dad7e6fe6e5525548c25b7e,8.142,9.047,False
684,EE-532,exclude,include,"The paper describes an autonomous robotic system for spinal osteotomy, which is a physical surgical task performed on a phantom. The system autonomously controls the robotic arm to execute the osteotomy, meeting the criteria for an autonomous or semi-autonomous surgical robotic system. The study involves a physical surgical task (laminectomy on 3D-printed vertebrae phantoms) and evaluates task accuracy, which is one of the specified outcomes. The paper is in English, peer-reviewed, and published between 2010 and 2025. It does not fall under excluded specialties (spinal surgery is included).",include,"The paper describes an autonomous robotic system for spinal osteotomy, which is a physical surgical task performed on a phantom. The system autonomously controls the robotic arm to execute the osteotomy, meeting the criteria for an autonomous or semi-autonomous surgical robotic system. The study involves a physical surgical task (laminectomy on 3D-printed vertebrae phantoms) and evaluates task accuracy, which is one of the specified outcomes. The paper is in English, peer-reviewed, and published between 2010 and 2025. It does not fall under excluded specialties (spinal surgery is included).",False,IN,exclude,"The study focuses on robotic spine osteotomy, which falls under orthopedic surgery – an excluded specialty. While the abstract describes a physical surgical task performed with a robotic system, the specialty context dictates exclusion based on the defined scope.",FLAGGED,False,False,False,False,878ef6043e0c65ab7d9b7f880be94a2404062c798eb5e50afecd3ac98bb08238,50083997c251d1768a5b8c17c8df6735a4f5ce9995a43e35aa239c2931ee4cf5,8.311,7.509,False
782,EE-630,exclude,include,"The paper describes a fully automated active robotic system used in total knee arthroplasty, which involves a physical surgical task (in-vivo human surgery). The system controls a physical robot to execute a surgical action, meeting the inclusion criteria for an autonomous or semi-autonomous robotic component. The study evaluates task accuracy (implant size and alignment) and safety events (no adverse events), which align with the outcomes of interest. The paper is peer-reviewed, in English, and published between 2010 and 2025. It does not fall under excluded specialties (orthopedic surgery is excluded only if the task is specialty-specific, but this paper describes a generalizable autonomous task in a knee arthroplasty context).",include,"The paper describes a fully automated active robotic system used in total knee arthroplasty, which involves a physical surgical task (in-vivo human surgery). The system controls a physical robot to execute a surgical action, meeting the inclusion criteria for an autonomous or semi-autonomous robotic component. The study evaluates task accuracy (implant size and alignment) and safety events (no adverse events), which align with the outcomes of interest. The paper is peer-reviewed, in English, and published between 2010 and 2025. It does not fall under excluded specialties (orthopedic surgery is excluded only if the task is specialty-specific, but this paper describes a generalizable autonomous task in orthopedic surgery).",False,IN,exclude,"The study focuses on Total Knee Arthroplasty (TKA), which falls under orthopedic surgery – an excluded specialty. While the system is described as 'fully automated', the context is a specialty-specific task (TKA) and therefore excluded per the specialty scope guidelines.",FLAGGED,False,False,False,False,5a46183cbafe6036fcec974cf63289925605c47fb77f349e3068310e9ed5f974,379bd099b5c5d4c2f2b7a288524bdc62b70e1df608a6785d193b9c10f9d5ca28,9.554,8.8,False
403,EE-251,exclude,include,"The paper describes a robotic guidance system for semi-automated, minimally invasive pedicle screw placement in a cadaver study. The robotic system autonomously aligns with the planned screw trajectory, indicating a level of surgical autonomy (likely Level 3 or 4 per Yang et al. taxonomy). The study involves a physical surgical task (pedicle screw placement) and includes accuracy measurements, which align with the outcomes of interest. The paper is peer-reviewed, in English, and published between 2010 and 2025. It does not involve excluded specialties (spine surgery is included).",include,"The paper describes a robotic guidance system for semi-automated, minimally invasive pedicle screw placement in a cadaver study. The robotic system autonomously aligns with the planned screw trajectory, indicating a level of surgical autonomy (likely Level 3 or 4 per Yang et al. taxonomy). The study involves a physical surgical task (pedicle screw placement) and includes accuracy measurements, which align with the outcomes of interest. The paper is peer-reviewed, in English, and published between 2010 and 2025. It does not involve excluded specialties (spine surgery is included).",False,IN,exclude,"The study focuses on navigated spine surgery, which falls under the excluded specialty of neurosurgery. While the abstract describes a robotic *assistance* component, the task (pedicle screw placement) is a specialty-specific neurosurgical procedure. The inclusion criteria explicitly exclude neurosurgery unless the autonomous task is generalizable, which this is not.",FLAGGED,False,False,False,False,ed5048f092130ae889d82e990923c32161768dc482048957fdf3cf88841f334a,fe0365e5796d4f3f91f39fab413c93d06bbb2c5c943f278c60ce52393b0c393f,8.2,9.59,False
795,EE-643,exclude,include,"The paper describes a handheld robot for bone drilling assistance, which involves an autonomous or semi-autonomous robotic component that controls or directs a physical robot to execute a surgical action. The system includes a coordinated controller that assists the surgeon, with force sensors and an admittance controller to compute velocity commands. The task involves a physical surgical action (bone drilling) on a human tissue context (bone), and the robotic component is actively involved in controlling the surgical tool. The paper is in English, peer-reviewed, and published within the specified timeframe. It does not fall under excluded specialties (orthopedic surgery is excluded only if the task is specialty-specific, but the paper describes a generalizable autonomous task).",include,"The paper describes a handheld robot for bone drilling assistance, which involves an autonomous or semi-autonomous robotic component that controls or directs a physical robot to execute a surgical action. The system includes a coordinated controller that assists the surgeon, with force sensors and an admittance controller to compute velocity commands. The task involves a physical surgical action (bone drilling) on a human tissue context (bone), and the robotic system is not purely teleoperated or manual. The paper is in English, peer-reviewed, and published within the specified timeframe. It meets the inclusion criteria for abdominal surgery and involves a physical surgical task with an autonomous/semi-autonomous robotic component.",False,IN,exclude,"The abstract describes a handheld robot *assisting* the surgeon, but the surgeon still positions the handle and directs the tool. The robot provides force sensing and trajectory compensation, but does not independently plan or execute the drilling. This is a coordinated control system, but remains fundamentally teleoperated, failing the requirement for an autonomous or semi-autonomous component that controls or directs the surgical action. It is a master-slave system with added assistance, not a system with independent decision-making.",FLAGGED,False,False,False,False,6444100e79a2a364cd5d67fd214acb5c1fa79176741515b818926e6f2c92338e,f58e3795a429ad1092587d9917a19706c822377ccd5a301974efaf7aae5dd7c2,8.699,12.174,False
655,EE-503,exclude,exclude,"The paper describes a robotic total knee arthroplasty system but does not involve any level of surgical autonomy (Levels 1–5 per the Yang et al. taxonomy). The robotic system is used for precise bone resection and implant placement, but it is under continuous human control and does not demonstrate autonomous or semi-autonomous behavior. The focus is on robotic assistance rather than autonomy, which does not meet the inclusion criteria for this review.",exclude,"The paper describes a robotic total knee arthroplasty system but does not involve any level of surgical autonomy (Levels 1–5 per the Yang et al. taxonomy). The robotic system is used for precise bone resection and implant placement, but it is under continuous human control and does not demonstrate autonomous or semi-autonomous behavior. The focus is on robotic assistance rather than autonomy, which does not meet the inclusion criteria for this review.",False,OUT,,,OUT,False,False,False,False,ff92e8286f9a27f469a42f5a9396128c9a5ff523c212dd2570a21bd68749f04f,,6.337,,False
736,EE-584,exclude,exclude,"The paper describes a sensing system for orthopedic surgical robots during bone drilling, but it does not involve autonomous or semi-autonomous robotic systems performing physical surgical tasks. The focus is on force sensing and feedback rather than autonomy in task execution. The paper does not meet the inclusion criteria which require an autonomous or semi-autonomous robotic component that controls or directs a physical robot to execute a surgical action.",exclude,"The paper describes a sensing system for orthopedic surgical robots during bone drilling, but it does not involve autonomous or semi-autonomous robotic systems performing physical surgical tasks. The focus is on force sensing and feedback rather than autonomy in task execution. The paper does not meet the inclusion criteria which require the involvement of an autonomous or semi-autonomous robotic component that controls or directs a physical robot to execute a surgical action.",False,OUT,,,OUT,False,False,False,False,a13fbcee9216744ef7ce80ff1951dacc5460c97c1b70160d89e57825570bf5e2,,5.891,,False
641,EE-489,exclude,include,"The paper describes a system for orthopedic surgery involving autonomous or semi-autonomous robotic components that control or direct a physical robot to execute a surgical action (pedicle screw implantation). It involves a physical surgical task (orthopedic surgery) and includes a level of autonomy (imitation learning and constraint optimization). The study is peer-reviewed and in English, published between 2010 and 2025. It does not fall under excluded specialties (orthopedic surgery is excluded only if the task is specialty-specific, but the paper describes a generalizable autonomous task). The paper meets the inclusion criteria and does not meet any exclusion criteria.",include,"The paper describes a system for orthopedic surgery involving autonomous or semi-autonomous robotic components that control or direct a physical robot to execute a surgical action (pedicle screw implantation). It involves a physical surgical task (orthopedic surgery) and includes a level of autonomy (imitation learning and constraint optimization). The study is peer-reviewed and in English, published between 2010 and 2025. It does not fall under excluded specialties (orthopedic surgery is excluded only if the task is specialty-specific, but the paper describes a generalizable autonomous task). The paper includes metrics related to task accuracy (distance and angular errors), which aligns with the outcomes of interest.",False,IN,exclude,"The paper focuses on orthopedic surgery, which is an excluded specialty according to the guidelines. While the abstract describes autonomous behavior, the specialty exclusion overrides inclusion criteria. The task is specialty-specific (pedicle screw implantation).",FLAGGED,False,False,False,False,e5f2c8b95421763667931d4997e8fdf5e6222be16145a3ad9ec2b3df533524d6,a5893c0eb3a73cb22c41279ab04ca2177b35ea21fade96bdab92dfd5247d8360,9.253,8.15,False
270,EE-118,exclude,include,"The title mentions autonomous robotic surgery and compares it to dynamic navigation in implant placement, which suggests the presence of an autonomous or semi-autonomous robotic component. The study is a randomized controlled trial involving a physical surgical task (implant placement), which aligns with the inclusion criteria. The paper is likely to evaluate task accuracy, which is one of the specified outcomes. The title does not indicate exclusion criteria such as non-surgical robotics, simulation without autonomous behavior, or excluded specialties. Further details in the full text will confirm eligibility.",include,"The title mentions autonomous robotic surgery and compares it to dynamic navigation in implant placement, which suggests the presence of an autonomous or semi-autonomous robotic component. The study is a randomized controlled trial involving a physical surgical task (implant placement), which aligns with the inclusion criteria. The paper is likely to evaluate task accuracy, which is one of the specified outcomes. Further details in the full text will confirm whether it meets all inclusion criteria.",False,IN,exclude,"The abstract explicitly describes implant placement, a procedure strongly associated with orthopedic surgery, which is an excluded specialty. While the abstract mentions 'autonomous robotic surgery', the context clearly indicates a specialty-specific application within orthopedic surgery, triggering the exclusion criteria. The study focuses on implant placement accuracy, a core orthopedic task.",FLAGGED,False,False,False,False,66f7996665d238c06a061bb1ce6b01c2acf48807bf6b5d25e0d45d0b7df74b2c,c1f51a0360ceab9b5830d0a77f76d65cd58c414485befaff723063f3527c7882,6.507,8.685,False
278,EE-126,exclude,exclude,"The paper focuses on robotic-assisted total knee arthroplasty (RATKA) and describes systems like the CUVIS Joint Robot, ROSA, and CORI Knee platform. However, the abstract does not explicitly mention any autonomous or semi-autonomous robotic component that controls or directs a physical robot to execute a surgical action. Instead, it emphasizes precision, implant alignment, and surgeon-guided systems, which may fall under teleoperated systems rather than autonomous or semi-autonomous ones. Additionally, the paper is about orthopedic surgery, which is excluded unless the autonomous task is generalizable (e.g., suturing or knot-tying). The abstract does not clarify whether the tasks described are generalizable or specialty-specific. Given the lack of explicit mention of autonomy levels (Yang et al. taxonomy) and the focus on orthopedic surgery without clear generalizable autonomous tasks, the paper is excluded.",exclude,"The paper focuses on robotic-assisted total knee arthroplasty (RATKA) and describes systems like the CUVIS Joint Robot, ROSA, and CORI Knee platform. However, the abstract does not explicitly mention any autonomous or semi-autonomous robotic component that controls or directs a physical robot to execute a surgical action. Instead, it emphasizes precision, implant alignment, and surgeon-guided systems, which may fall under teleoperated systems rather than autonomous or semi-autonomous ones. Additionally, the paper is about orthopedic surgery, which is excluded unless the autonomous task is generalizable (e.g., suturing or knot-tying). The abstract does not clarify whether the tasks described are generalizable or specialty-specific. Given the lack of explicit mention of autonomy levels (Yang et al. taxonomy) or autonomous/semi-autonomous robotic behavior, the paper does not meet the inclusion criteria.",False,OUT,,,OUT,False,False,False,False,dc609c90eeebb148d09ca9152596a1fa1463fae8230c36b1871e40c43744b621,,11.24,,False
18,EE-010,exclude,exclude,"The paper focuses on tissue segmentation using spatio-temporal U-Nets for endoscopic images, which is a component of surgical robotics. However, it does not describe autonomous or semi-autonomous robotic systems performing physical surgical tasks on tissue, phantoms, or in-vivo models. The study is more about image segmentation algorithms rather than evaluating the autonomy level or performance of robotic systems in executing surgical tasks. Therefore, it does not meet the inclusion criteria for the review.",exclude,"The paper focuses on tissue segmentation using spatio-temporal U-Nets for endoscopic images, which is a component of surgical robotics. However, it does not describe autonomous or semi-autonomous robotic systems performing physical surgical tasks on tissue, phantoms, or in-vivo models. The study is more about image segmentation algorithms rather than evaluating the performance of autonomous robotic systems in surgical tasks. Therefore, it does not meet the inclusion criteria for the review.",False,OUT,,,OUT,False,False,False,False,3ff95a7f8e09efd7739159ca7530a1ff599cf56160fec5de6a89863a2b1a7fbc,,6.467,,False
613,EE-461,exclude,include,"The paper describes a robotic microforceps designed for epiretinal membrane peeling, which is a surgical task. The device is autonomous or semi-autonomous as it includes an adaptive clamping method controlled by the robotic system. The study involves a physical surgical task (retinal microsurgery) and includes sensor calibration and control methods, which are relevant to autonomy in surgical robotics. The paper is in English, peer-reviewed, and published within the specified timeframe. It does not fall under excluded specialties or types of studies.",include,"The paper describes a robotic microforceps designed for epiretinal membrane peeling, which is a surgical task. The device is autonomous or semi-autonomous as it includes an adaptive clamping method controlled by the robotic system. The study involves a physical surgical task (retinal microsurgery) and includes sensor calibration and control methods, which are relevant to autonomy in surgical robotics. The paper is peer-reviewed and in English, and it does not fall under excluded specialties. The abstract does not indicate exclusion criteria such as non-surgical robotics or simulation studies without autonomous behavior.",False,IN,exclude,"The abstract describes a robotic microforceps, but focuses on the design and calibration of the device and a force-based clamping method. It does *not* describe the robot executing a surgical action autonomously or semi-autonomously. The described 'automated' microforceps appears to be a device, and the abstract details improvements to its mechanics and control *methods*, not evidence of autonomous surgical task execution. It lacks any mention of autonomous decision-making or control during a surgical procedure. This falls under the exclusion criteria of studies describing hardware without autonomous control.",FLAGGED,False,False,False,False,3c34c723896757cccaafc7ad989e96d758071dc70689851ead54ce855b600ac2,4cccea7e757e8c81d782d5f763a2d474b69d1a17a2746df21565d9aaa97be8e7,7.39,13.576,False
382,EE-230,exclude,exclude,"The paper describes a soft robot for peripheral lung cancer diagnosis and therapy, but it does not involve an autonomous or semi-autonomous robotic component that controls or directs a physical robot to execute a surgical action. The robot is used as an assistive tool under clinician control, not as an autonomous system performing physical surgical tasks. Additionally, the study does not meet the inclusion criteria for surgical robotics as defined in the review focus and specialty scope.",exclude,"The paper describes a soft robot for peripheral lung cancer diagnosis and therapy, but it does not involve an autonomous or semi-autonomous robotic component that controls or directs a physical robot to execute a surgical action. The robot is used as an assistive tool with clinician guidance and does not demonstrate autonomous task execution. Additionally, the study does not meet the inclusion criteria for surgical robotics as it does not involve a physical surgical task in the context of the specified specialties.",False,OUT,,,OUT,False,False,False,False,e97b11633c3687a55046bf0901df448525924ae209e58c0a09a8374fdae8651e,,6.303,,False
579,EE-427,include,include,"The paper presents a novel forecasting kinematic algorithm for autonomously navigating a laparoscopic minimally invasive surgical robotic system, which involves an autonomous or semi-autonomous robotic component that controls or directs a physical robot to execute a surgical action. The study involves a physical surgical task (laparoscopic surgery) and includes technical details on autonomy. It does not meet any exclusion criteria such as being a systematic review, non-surgical robotics, or being outside the specified time frame. The paper is in English and appears to be a peer-reviewed original research article.",include,"The paper presents a novel forecasting kinematic algorithm for autonomously navigating a laparoscopic minimally invasive surgical robotic system. It involves an autonomous or semi-autonomous robotic component that controls or directs a physical robot to execute a surgical action. The study focuses on a physical surgical task (laparoscopic surgery) and includes technical details on autonomy. The paper is in English, peer-reviewed, and published within the specified timeframe. It does not fall under excluded specialties or categories. The abstract does not indicate exclusion criteria.",False,IN,exclude,"The abstract describes a system that *tracks* instrument marks and adjusts the visual window, but does not indicate the robot itself is performing any surgical action autonomously. The system appears to be assisting the surgeon by maintaining visual focus, which is a form of teleoperation enhancement, not autonomous surgical execution. It fails test #1 and #2.",FLAGGED,False,False,False,False,73650633c5b570bf2b742ef72d3ef6ceb69e3b320bd8f8cb71c3507715bba804,36e2bb3dddd3a7195ab82f1f6d810cc453eb76bb39c121ad044deb690123f1d1,7.189,9.596,False
583,EE-431,include,exclude,"The paper describes a telemanipulated surgical robotic system with supervision features, but it does not involve autonomous or semi-autonomous robotic components that control or direct a physical robot to execute a surgical action. Instead, it focuses on telemanipulation with haptic feedback and supervision systems, which are not considered autonomous or semi-autonomous in the context of this review.",exclude,"The paper describes a telemanipulated surgical robotic system with supervision features, but it does not involve autonomous or semi-autonomous robotic components that control or direct a physical robot to execute a surgical action. Instead, it focuses on telemanipulation with haptic feedback and supervision systems, which are not considered autonomous or semi-autonomous in the context of the review's criteria.",False,OUT,,,OUT,False,False,False,False,c2e9ea2f0bf44adf304d4eeb8ca7c5d7ea75cf25e13735b62feda6fecf1a5eb2,,5.452,,False
344,EE-192,exclude,exclude,"The paper describes a retrospective study comparing dynamic navigation (d-CAIS) and autonomous robotic computer-assisted implant surgery (r-CAIS) methods. However, it does not mention any autonomous or semi-autonomous robotic component that controls or directs a physical robot to execute a surgical action. Instead, it appears to focus on computer-assisted implant surgery technologies without explicit mention of robotic autonomy. The title and abstract do not meet the inclusion criteria for involving an autonomous or semi-autonomous robotic system performing physical surgical tasks.",exclude,"The paper describes a retrospective study comparing dynamic navigation (d-CAIS) and autonomous robotic computer-assisted implant surgery (r-CAIS) methods. However, it does not mention any autonomous or semi-autonomous robotic component that controls or directs a physical robot to execute a surgical action. Instead, it appears to focus on computer-assisted implant surgery technologies without explicit mention of robotic autonomy. Additionally, the study is retrospective and does not involve physical surgical tasks on tissue, phantoms, or in-vivo models as required by the inclusion criteria.",False,OUT,,,OUT,False,False,False,False,393f1b6b3991f0236abb94dafebf46f9f650f13f9848a84288936e06ec1d3db1,,7.087,,False
363,EE-211,exclude,include,"The paper describes a semi-autonomous robotic system used in total knee arthroplasty, which is within the included specialties (orthopedic surgery). The system controls or directs a physical robot to execute a surgical action, meeting the inclusion criteria for involving an autonomous or semi-autonomous robotic component. The study involves a physical surgical task (TKA) and provides data on task accuracy and alignment, which are relevant outcomes. The paper is a peer-reviewed original research article in English, published between 2010 and 2025. Although the paper does not explicitly mention the Yang et al. autonomy levels, it does describe a semi-autonomous system, which is within the scope of the review's intervention criteria.",include,"The paper describes a semi-autonomous robotic system used in total knee arthroplasty, which is within the included specialties (orthopedic surgery is excluded only when the task is specialty-specific, but the paper describes a generalizable autonomous task). The system controls or directs a physical robot to execute a surgical action, meeting the inclusion criteria. The paper involves a physical surgical task (TKA) and reports on task accuracy (alignment differences) and gap measurements, which are relevant outcomes. The paper is peer-reviewed and in English, published between 2010 and 2025.",False,IN,exclude,"The abstract describes a 'semi-autonomous' system, but the description focuses on *assisting* the surgeon and maintaining alignment *chosen by the surgeon*. This strongly suggests a teleoperated system with assistance features, rather than a system that independently controls or directs surgical actions. The robot 'sculpts' based on surgeon input, not independent decision-making. Fails test #2.",FLAGGED,False,False,False,False,a78d05c5ee34a1ba208be5cbf69c31bc4ac0d770a7fb244bc348205c2100da6a,2f45bea60913b1090cdd019a5328e9bfa596b30f3f91dde837ccc7c7f40d7ee8,9.987,10.756,False
384,EE-232,exclude,exclude,"The paper describes an active robotic system for total knee arthroplasty, which is a type of orthopedic surgery. According to the exclusion criteria, orthopedic surgery is excluded unless the autonomous task is generalizable (e.g., suturing, knot-tying). This paper specifically describes a specialty-specific autonomous task (bone preparation for TKA), which falls under orthopedic surgery and is therefore excluded.",exclude,"The paper describes an active robotic system for total knee arthroplasty, which is a type of orthopedic surgery. According to the exclusion criteria, orthopedic surgery is excluded unless the autonomous task is generalizable (e.g., suturing, knot-tying). This paper specifically describes a specialty-specific autonomous task (bone preparation for TKA), which falls under orthopedic surgery and is therefore excluded.",False,OUT,,,OUT,False,False,False,False,7df98df48a672bc9046008bd435b7faa9d46d54517f3e2b5e2f9e29fbd4a9b77,,10.054,,False
222,EE-092,include,exclude,"The paper describes a surgical robot assistant with an artificial intelligence-based controller for endoscopic tool localization, but it does not mention any level of autonomy (Levels 1–5) or any autonomous/semi-autonomous robotic component that controls or directs a physical robot to execute a surgical action. The focus appears to be on control algorithms rather than autonomy in surgical robotics. Additionally, the paper does not involve a physical surgical task on tissue, phantoms, or in-vivo models, which is a required inclusion criterion.",exclude,"The paper describes a surgical robot assistant with an artificial intelligence-based controller for endoscopic tool localization, but it does not mention any level of autonomy (Levels 1–5 per the Yang et al. taxonomy) or any autonomous or semi-autonomous robotic component that controls or directs a physical robot to execute a surgical action. The focus appears to be on control algorithms rather than autonomy in surgical robotics. Additionally, the paper does not involve a physical surgical task on tissue, phantoms, or in-vivo models, which is a required inclusion criterion.",False,OUT,,,OUT,False,False,False,False,a90cd2f7c665c06a0eada244de4b44ba4052366d91022986b3361c2fb73c01cd,,7.138,,False
139,EE-057,exclude,exclude,"The paper focuses on error compensation for surgical robots based on RCM mechanisms, but it does not describe autonomous or semi-autonomous robotic systems performing physical surgical tasks. Instead, it discusses kinematic calibration and error reduction in existing robotic systems, which are not autonomous or semi-autonomous in the context of surgical task execution. The paper does not meet the inclusion criteria for autonomy in surgical robotics.",exclude,"The paper focuses on error compensation in surgical robots based on RCM mechanisms, but it does not describe autonomous or semi-autonomous robotic systems performing physical surgical tasks. Instead, it discusses kinematic calibration and error reduction in existing robotic systems, which are not autonomous or semi-autonomous in the context of surgical task execution. The paper does not meet the inclusion criteria for autonomy in surgical robotics.",False,OUT,,,OUT,False,False,False,False,56c87f9aa982a88aa08600025bcd6424b8fc61f566f31321043ec966b7dd6725,,5.632,,False
761,EE-609,exclude,exclude,"The paper describes an IoMT-enabled healthcare system employing robotics and deep reinforcement learning for dynamic surgical data analysis, but it does not mention any autonomous or semi-autonomous surgical robotic systems performing physical surgical tasks on tissue, phantoms, or in-vivo models. The focus is on data analysis and decision-making rather than on the execution of physical surgical tasks by autonomous systems. Additionally, the abstract does not specify the level of autonomy or the surgical specialty, which are required for inclusion.",exclude,"The paper describes an IoMT-enabled healthcare system employing robotics and deep reinforcement learning for dynamic surgical data analysis, but it does not mention any autonomous or semi-autonomous surgical robotic systems performing physical surgical tasks on tissue, phantoms, or in-vivo models. The focus is on data analysis and decision-making rather than on the execution of physical surgical tasks by autonomous systems. Additionally, the abstract does not specify the level of autonomy or the surgical specialty, which are required for inclusion.",False,OUT,,,OUT,False,False,False,False,78c4a8ad44da6ccfc9f5d62471cd4ef88478ee97fc3058aa4e035dc9bf152054,,6.705,,False
425,EE-273,exclude,include,"The paper describes a robotic surgical instrument for brain tissue aspiration, which is a physical surgical task. It involves an autonomous or semi-autonomous robotic component that controls a physical robot to execute a surgical action. The study is in the field of neurosurgery, which is excluded unless the task is generalizable. The paper describes a generalizable autonomous task (tissue aspiration) performed in a neurosurgical context, so it is included. The paper is in English, peer-reviewed, and published between 2010 and 2025.",include,"The paper describes a robotic surgical instrument for brain tissue aspiration, which is a physical surgical task. It involves an autonomous or semi-autonomous robotic component that controls a physical robot to execute a surgical action. The study is in the field of neurosurgery, which is excluded unless the task is generalizable. The paper describes a generalizable autonomous task (tissue aspiration) performed in a neurosurgical context, so it is included. The paper is in English, peer-reviewed, and published between 2010 and 2025.",False,IN,exclude,"While the abstract mentions 'robotic control' and 'automatic tissue aspiration', it primarily describes a system where a user interacts with a GUI to control the needle. The description lacks evidence of *autonomous* decision-making or independent action by the robot. It appears to be a remotely controlled system, fitting the exclusion criteria for purely teleoperated systems. The robot executes actions *in response to* user input, not independently. It does not meet the requirement of an autonomous or semi-autonomous component making independent decisions about motion, planning, or execution.",FLAGGED,False,False,False,False,d1433bae33ba84ae5cb1cc081e96dab74fef4110d7a8418740f49a8dfa8bbe92,b8fd2a6a9251ec47d4867ae114feb07ce62807b125c34647a85fb4c82804a528,7.447,13.355,False
387,EE-235,exclude,include,"The paper involves a semi-autonomous robotic system (Navio) performing physical surgical tasks in total knee arthroplasty, which falls under the included specialty (orthopedic surgery is excluded only when the task is specialty-specific, but this paper describes component positioning, which is a generalizable autonomous capability). The study evaluates task accuracy (RMSE, p-values) and includes a physical surgical task on human patients. The robotic system controls the execution of the surgical action, meeting the inclusion criteria for an autonomous or semi-autonomous robotic component. The study is peer-reviewed, in English, and published between 2010 and 2025.",include,"The paper involves a semi-autonomous robotic system (Navio) performing physical surgical tasks in total knee arthroplasty, which falls under the included specialty (orthopedic surgery is excluded only when the task is specialty-specific, but this paper describes component positioning in total knee replacement, which is a generalizable autonomous capability). The study evaluates task accuracy (RMSE, p-values) and includes a physical surgical task on human patients. The robotic system controls the execution of surgical actions, meeting the inclusion criteria for an autonomous or semi-autonomous robotic component. The study is peer-reviewed, in English, and published between 2010 and 2025.",False,IN,exclude,"The abstract describes a 'semi-autonomous' system, but details indicate it's a hand-held robotic *assistance* tool used by a surgeon. The surgeon performs the bone cuts, and the robot provides guidance/precision. This is consistent with a teleoperated system where the human directly controls the movements, rather than the robot independently controlling or directing the surgical action. It fails the requirement for an autonomous or semi-autonomous component that *controls* or *directs* the surgical action.",FLAGGED,False,False,False,False,1e3756ba71dfeedd6d88b70f287668e19f78b0dac3c7f9f8ec687492a779883e,05234c897faac52cca022b2273b82a21c291ae29adec87ab4f6914881d8b23dc,8.768,12.795,False
728,EE-576,exclude,include,"The paper describes a robotic system that autonomously aligns a pre-curved electrode array during cochlear implant insertion, which is a physical surgical task. The system involves an autonomous or semi-autonomous robotic component that controls or directs a physical robot to execute a surgical action. The task involves reducing trauma and translocation, which relates to safety events. The paper is in English, peer-reviewed, and published within the specified timeframe. While the specialty is ophthalmic surgery, the task described is a generalizable autonomous capability related to insertion, which is included under the review's scope. The abstract does not explicitly state exclusion criteria.",include,"The paper describes a robotic system that autonomously aligns a pre-curved electrode array during cochlear implant insertion, which is a physical surgical task. The system involves an autonomous or semi-autonomous robotic component that controls or directs a physical robot to execute a surgical action. The task involves reducing trauma and translocation, which relates to safety events. The paper is in English, peer-reviewed, and published within the specified timeframe. While the specialty is ophthalmic surgery, the task described is a generalizable autonomous capability related to insertion, which is included under the review's criteria.",False,IN,exclude,"The abstract describes a robot *assisting* with insertion and alignment, but does not indicate any autonomous decision-making or control over the surgical action itself. The system appears to be navigated, implying human control. This fails test #2 (autonomous component). The specialty (otolaryngology/cochlear implant) also falls outside the included specialties.",FLAGGED,False,False,False,False,aa528e811fa93e98b25746c1f0e4ba5186ec6cca18f2afea8940b420e18af531,9307ac0bd0bd5eba6b2c5084f469b621b9386f8a4439d70a54b874bd4f1a1a3c,7.758,9.77,False
134,EE-055,exclude,exclude,"The paper describes a methodology for automatic keypoint generation in surgical robot trajectories using learning-by-demonstration, but it does not involve autonomous or semi-autonomous robotic systems performing physical surgical tasks on tissue, phantoms, or in-vivo models. The focus is on algorithm development for trajectory learning rather than evaluating autonomy in surgical robotics. Additionally, the study is conducted in a neurosurgical context, which is excluded unless the task is generalizable. The abstract does not mention any autonomous or semi-autonomous robotic component controlling or directing a physical robot to execute a surgical action.",exclude,"The paper describes a methodology for automatic keypoint generation in surgical robot trajectories using learning-by-demonstration, but it does not involve autonomous or semi-autonomous robotic systems performing physical surgical tasks on tissue, phantoms, or in-vivo models. The focus is on algorithm development for trajectory learning rather than evaluating autonomy in surgical robotics. Additionally, the study is conducted in a neurosurgical context, but it does not involve an autonomous or semi-autonomous robotic component that controls or directs a physical robot to execute a surgical action. The paper appears to be more about algorithm development than evaluating autonomy in surgical robotics.",False,OUT,,,OUT,False,False,False,False,d2bfe8204190bfa81a8ea2a06415127848a626fdb6da2547edb7a7f55f814bc4,,7.81,,False
569,EE-417,exclude,exclude,"The paper describes a shared control robotic system for retinal surgery, which is an ophthalmic specialty. According to the exclusion criteria, ophthalmic surgery is explicitly excluded from the review scope.",exclude,"The paper describes a shared control robotic system for retinal surgery, which is an ophthalmic specialty. According to the exclusion criteria, ophthalmic surgery is explicitly excluded from the review scope.",False,OUT,,,OUT,False,False,False,False,d2c8f9e404bc035b93c3af1e135be312a6e4e8ff9f50a097b883e033c01b97df,,3.642,,False
267,EE-115,exclude,exclude,"The paper describes a semi-autonomous robotic system for vertebroplasty, which is a procedure in orthopedic surgery. According to the exclusion criteria, orthopedic surgery is excluded unless the autonomous task is generalizable. The paper specifically describes an orthopedic-specific task (vertebroplasty) and does not mention a generalizable autonomous task. Therefore, it falls under the excluded specialty.",exclude,"The paper describes a semi-autonomous robotic system for vertebroplasty, which is a procedure in orthopedic surgery. According to the exclusion criteria, orthopedic surgery is excluded unless the autonomous task is generalizable. The paper specifically describes an orthopedic-specific task (vertebroplasty) and does not mention a generalizable autonomous task. Therefore, it falls under the excluded specialty.",False,OUT,,,OUT,False,False,False,False,1e2ae0c1d0246f253556669a5f47db63bcc03650872992bb1f748cc52593a9a6,,5.899,,False
103,EE-046,exclude,include,"The paper describes a collaborative spinal robot system for laminectomy, which involves an autonomous or semi-autonomous robotic component that controls or directs a physical robot to execute a surgical action. The study compares robot-assisted laminectomy (RAL) with manual laminectomy (ML), meeting the comparator criterion. The task involves a physical surgical task (in-vivo porcine specimens), and the study evaluates task accuracy (penetration rate) and time, which are relevant outcomes. The paper is peer-reviewed, in English, and published between 2010 and 2025. It does not fall under excluded specialties (spinal surgery is included).",include,"The paper describes a collaborative spinal robot system for laminectomy, which involves an autonomous or semi-autonomous robotic component that controls or directs a physical robot to execute a surgical action. The study compares robot-assisted laminectomy (RAL) with manual laminectomy (ML), meeting the comparator criterion. The task involves a physical surgical task (in-vivo porcine specimens), and the study evaluates task accuracy (penetration rate) and time, which are relevant outcomes. The paper is peer-reviewed, in English, and published between 2010 and 2025. It does not fall under excluded specialties (spinal surgery is included).",False,IN,exclude,"While the abstract mentions a 'collaborative spine robot system', it does not detail any autonomous or semi-autonomous behavior. The system *assists* with laminectomy, but the description strongly suggests a teleoperated or guided system where a human surgeon maintains primary control. The comparison to 'manual laminectomy' further supports this interpretation. The abstract lacks evidence of the robot making independent decisions about motion, planning, or execution, failing test #2. Additionally, the study focuses on a neurosurgical application (laminectomy), which is explicitly excluded per the specialty scope.",FLAGGED,False,False,False,False,e87b8c95312b38186d4df6b0970755f827ad78116115183ba7b9ae7dec8ba897,250f22e7968abf25119a9f94499a68929e0283954bad36fd8b1d1ebdd75780db,8.664,14.072,False
385,EE-233,exclude,include,"The paper describes a robotic system (ROSA Knee) that assists in total knee arthroplasty. The system is semi-autonomous, as it performs specific tasks like guide placement and bone cuts under surgeon supervision. It involves a physical surgical task (knee arthroplasty) and includes a robotic component that controls or directs the surgical action. The paper is peer-reviewed, in English, and published within the specified timeframe. While the paper does not explicitly mention autonomy levels (Yang et al. taxonomy), it describes a semi-autonomous system, which falls under the intervention criteria. The paper is within the included specialty (orthopedic surgery), but since it describes a generalizable autonomous task (bone resection, ligament balancing), it is included.",include,"The paper describes a robotic system (ROSA Knee) that assists in total knee arthroplasty. The system is semi-autonomous, as it performs specific tasks like guide placement and bone cuts under surgeon supervision. It involves a physical surgical task (knee arthroplasty) and includes a robotic component that controls or directs the surgical action. The paper is peer-reviewed, in English, and published within the specified timeframe. While the paper does not explicitly mention autonomy levels (Yang et al. taxonomy) or specific outcomes like error rates or task completion time, it does describe a semi-autonomous robotic system performing physical surgical tasks, which meets the inclusion criteria.",False,IN,exclude,"The abstract explicitly states the system is 'collaborative robotics, where the surgeon remains in charge' and that the surgeon 'handles the saw and performs the cuts'. This indicates the robot *assists* but does not independently control or direct surgical actions. It is a semi-autonomous system, but the level of autonomy does not meet the criteria of controlling or directing a physical robot to execute a surgical action; the surgeon performs the cutting. This is a purely teleoperated/master-slave system with assistance, failing test #2.",FLAGGED,False,False,False,False,a763382d8cca99501395251888f031be97023798c7c5c252162f5b183a8a0e45,35cf7877f3b64c112b8324e3e0e198c8187fef78d0e944e9930207c15c84cf5f,9.144,13.292,False
190,EE-080,include,include,"The paper describes a system that involves autonomous or semi-autonomous robotic control for a physical surgical task. The da Vinci Research Kit is used to perform cooperative object manipulation with force tracking, which is a physical surgical task. The system includes an autonomous or semi-autonomous robotic component that controls or directs a physical robot to execute a surgical action. The study is a peer-reviewed original research article in English, published between 2010 and 2025. It does not fall under excluded specialties or categories such as non-surgical robotics or systematic reviews. The paper involves a physical surgical task and includes elements of autonomy in the robotic system.",include,"The paper describes a system that involves autonomous or semi-autonomous robotic control for a physical surgical task. The da Vinci Research Kit is used to perform cooperative object manipulation with force tracking, which is a physical surgical task. The system includes an autonomous or semi-autonomous robotic component that controls or directs a physical robot to execute a surgical action. The study is a peer-reviewed original research article in English, published between 2010 and 2025. It does not fall under excluded specialties and does not involve non-surgical robotics. The paper meets the inclusion criteria for the systematic review.",False,IN,exclude,"While the abstract mentions 'shared autonomy' and a controller for cooperative manipulation, the core functionality described is impedance control *assisting* a human operator. The system does not independently decide on surgical actions; it responds to human input and provides force feedback. This is fundamentally a teleoperated system with assistance, not a semi-autonomous or autonomous one as defined by the inclusion criteria. It fails test #2.",FLAGGED,False,False,False,False,d81cb22439b354b5dc38d573d10816d7cb03dbb7d798beb2eb934df992eea362,0c079e09b77b4b59ff0337e227547100456411d6db5a59a88f561533abec6d7d,8.191,10.963,False
100,EE-044,exclude,exclude,The paper describes a vascular interventional surgery robot but does not mention any level of autonomy or semi-autonomy in performing physical surgical tasks. The focus is on control systems and force feedback rather than autonomous or semi-autonomous robotic behavior. The abstract does not indicate the presence of an autonomous or semi-autonomous robotic component that controls or directs a physical robot to execute a surgical action.,exclude,The paper describes a vascular interventional surgery robot but does not mention any level of autonomy or semi-autonomy in performing physical surgical tasks. The focus is on control systems and force feedback rather than autonomous or semi-autonomous robotic behavior. The abstract does not indicate that the robot controls or directs a physical robot to execute a surgical action independently or semi-independently.,False,OUT,,,OUT,False,False,False,False,99837e436a8e46d4bb0aad8a20926dde173e3f3209fca1ee9b80cb9603161d11,,5.504,,False
71,EE-031,exclude,include,"The paper describes a trajectory generation solution for a robotic manipulator in a dynamic surgical environment, which involves an autonomous or semi-autonomous robotic component controlling a physical robot to execute a surgical action. The study includes validation in both simulated and experimental scenarios, meeting the inclusion criteria for a physical surgical task and autonomous robotic behavior. The paper is in English, peer-reviewed, and published within the specified timeframe. It does not mention exclusion criteria such as non-surgical robotics, excluded specialties, or simulation frameworks without autonomous behavior.",include,"The paper describes a trajectory generation solution for a robotic manipulator in a surgical context, which involves an autonomous or semi-autonomous robotic component controlling a physical robot to execute a surgical action. The focus on dynamic motion planning for laparoscopic operations suggests a physical surgical task. The paper includes validation in both simulated and experimental scenarios, which aligns with the inclusion criteria for simulation studies that demonstrate autonomous behavior. The title and abstract do not mention exclusion criteria such as non-surgical robotics, excluded specialties, or lack of peer-reviewed original research.",False,IN,exclude,"The abstract focuses on motion planning for a robotic manipulator but does not explicitly state that the robot *executes* a surgical action autonomously. It describes a trajectory generator and validation in simulated and experimental scenarios, but doesn't confirm the robot is performing a physical surgical task with any level of autonomy. The emphasis is on the planning algorithm itself, not the robot's surgical performance. This fails test #1 and potentially #2.",FLAGGED,False,False,False,False,250ff8905a6c35ed639ee24abc22cfa306a686f112b2d4e173800bd0bd1dd872,40d852c41fbb69e4b5fc20ec8b8ce674a57e27b041212c96c4a9eab6e6f7d92f,6.996,11.147,False
710,EE-558,exclude,exclude,"The paper focuses on enhancing safety in intraoperative orthopedic surgical planning through uncertainty quantification, but it does not describe the use of autonomous or semi-autonomous robotic systems performing physical surgical tasks. Instead, it discusses simulation-based approaches and safety mechanisms for robotic systems without detailing the actual implementation or evaluation of autonomous robotic behavior in physical surgical tasks. The paper does not meet the inclusion criteria as it does not involve a physical surgical task executed by an autonomous or semi-autonomous robotic system.",exclude,"The paper focuses on enhancing safety in intraoperative orthopedic surgical planning through uncertainty quantification, but it does not describe the use of autonomous or semi-autonomous robotic systems performing physical surgical tasks. Instead, it discusses simulation-based approaches and safety mechanisms for robotic systems without detailing the actual implementation or evaluation of autonomous robotic behavior in physical surgical tasks. The paper does not meet the inclusion criteria as it does not involve a physical surgical task executed by an autonomous or semi-autonomous robotic system.",False,OUT,,,OUT,False,False,False,False,869805d7ffabaca06e6d8d978c8a4ec3771a5f3dd4e743f0d1d9aa840941f07d,,6.688,,False
238,EE-097,exclude,exclude,"The paper describes a method for error compensation in a microsurgical robot used for retinal microsurgery. However, it does not involve autonomous or semi-autonomous robotic systems performing physical surgical tasks. Instead, it focuses on improving the precision and accuracy of a teleoperated robotic system through error compensation algorithms. The study does not demonstrate any level of surgical autonomy (Levels 1–5 per the Yang et al. taxonomy) or involve a robotic component that controls or directs a physical robot to execute a surgical action autonomously. The focus is on enhancing the performance of a teleoperated system, not on autonomy.",exclude,"The paper describes a method for error compensation in a microsurgical robot used for retinal microsurgery. However, it does not involve any level of surgical autonomy (Levels 1–5 per the Yang et al. taxonomy) as defined in the review. The focus is on improving precision and safety through error compensation, not on autonomous or semi-autonomous robotic systems performing physical surgical tasks. The paper does not meet the inclusion criteria for involving an autonomous or semi-autonomous robotic component that controls or directs a physical robot to execute a surgical action.",False,OUT,,,OUT,False,False,False,False,8c6a153c9f2534f875903212a6c9bf727d2a13ffff03e4887efa8f2fa0a3ffc9,,7.985,,False
161,EE-065,exclude,include,"The paper describes an autonomous or semi-autonomous robotic system for a physical surgical task (robotic cochlear implantation) involving trajectory planning with constraints to minimize trauma. The system controls a physical robot to execute a surgical action, which meets the inclusion criteria. The task involves a physical surgical task on a human (inner ear), and the paper is peer-reviewed. The paper does not fall under excluded specialties (otologic surgery is included). The study involves autonomous planning and execution of a surgical task, which aligns with the review focus on autonomy in surgical robotics.",include,"The paper describes an autonomous or semi-autonomous robotic system for a physical surgical task (robotic cochlear implantation) involving trajectory planning with constraints to minimize trauma. The system controls a physical robot to execute a surgical action, meeting the inclusion criteria for population, intervention, and specialty scope (auditory surgery is not explicitly listed, but the task is generalizable and not excluded as a bench/preclinical autonomy task). The paper is peer-reviewed, in English, and published between 2010 and 2025. It does not meet exclusion criteria such as non-surgical robotics or simulation without autonomous behavior.",False,IN,exclude,"The abstract describes a planning strategy *for* robotic execution, but does not demonstrate the robot actually executing the planned trajectory or any autonomous/semi-autonomous behavior. The focus is on trajectory optimization and analysis in a 'virtual surgical procedure,' not on the robot performing a physical surgical task with any degree of autonomy. It's a planning-only paper.",FLAGGED,False,False,False,False,86e247c6c006da71589c20c0403ce2ffd797ad310311744a0357295066fef3c1,0e54f437fb77f34aa03cd2642739657db6bd834f8588ecc5c8382bee070c3f78,7.936,10.197,False
774,EE-622,exclude,exclude,"The paper focuses on image-guidance and robotic technology for microsurgery in the lateral skull base, but it does not mention any autonomous or semi-autonomous robotic component that controls or directs a physical robot to execute a surgical action. Instead, it discusses the use of image-guidance systems and robotic technology in a teleoperated or assisted manner, without indicating a level of autonomy (Levels 1–5 per the Yang et al. taxonomy). The paper appears to describe the use of robotic systems in a supportive or assistive role rather than autonomous or semi-autonomous task execution.",exclude,"The paper focuses on image-guidance and robotic technology for microsurgery in the lateral skull base, but it does not mention any autonomous or semi-autonomous robotic component that controls or directs a physical robot to execute a surgical action. Instead, it discusses the use of image-guidance systems and robotic technology in a teleoperated or assisted manner, without indicating a level of autonomy (Levels 1–5 per the Yang et al. taxonomy). The paper appears to describe the use of robotic systems in a supportive or assistive role rather than autonomous or semi-autonomous task execution.",False,OUT,,,OUT,False,False,False,False,1f296adfec4dd290d5e935ea15b662a19a091bc4b168fe2440b85e6792c16627,,7.806,,False
112,EE-048,exclude,exclude,"The title and abstract do not mention any level of surgical autonomy (Levels 1–5) or any autonomous/semi-autonomous robotic component that controls or directs a physical robot to execute a surgical action. The study appears to focus on a robotic platform for endovascular intervention without specifying autonomy or comparing it to human-controlled systems, manual surgery, or other comparators. The abstract does not provide sufficient information to determine eligibility for inclusion.",exclude,"The title and abstract do not mention any level of surgical autonomy (Levels 1–5) or any autonomous/semi-autonomous robotic component that controls or directs a physical robot to execute a surgical action. The study appears to focus on a robotic platform for endovascular intervention, which may not involve autonomous or semi-autonomous surgical robotics as defined by the inclusion criteria.",False,OUT,,,OUT,False,False,False,False,f7618c1395d29205ff84bf973b77e408bdbabc7d48ea90d4a6c58950c231faa1,,5.698,,False
786,EE-634,include,include,"The paper describes a laparoscope manipulator robot designed to automatically control the position of the laparoscope during minimally invasive surgery. It involves an autonomous or semi-autonomous robotic component that controls or directs a physical robot to execute a surgical action, which aligns with the inclusion criteria. The system is intended for use in a surgical context (laparoscopic surgery), and the abstract suggests the robot performs a physical surgical task. The paper is a peer-reviewed original research article in English, published between 2010 and 2025. It does not fall under excluded specialties or types of studies. The abstract does not mention exclusion criteria such as non-surgical robotics or simulation studies without autonomous behavior.",include,"The paper describes a laparoscope manipulator robot designed to automatically control the position of the laparoscope during minimally invasive surgery. It involves an autonomous or semi-autonomous robotic component that controls or directs a physical robot to execute a surgical action, which aligns with the inclusion criteria. The system is intended for use in a surgical context (laparoscopic surgery), and the abstract suggests the robot performs a physical surgical task. The paper is a peer-reviewed original research article in English, published between 2010 and 2025. It does not fall under excluded specialties or types of studies (e.g., non-surgical robotics, simulation studies without autonomous behavior).",False,IN,exclude,"The abstract describes a robot that *maintains* a view based on detected instrument tips, but does not describe the robot performing any surgical action itself (cutting, suturing, grasping, etc.). It is a positioning system for the laparoscope, not an autonomous surgical tool. This fails test #1. While it automates a task, it doesn't *execute* a surgical task. It's a passive assistant, not an active surgical component.",FLAGGED,False,False,False,False,e903a0804afd986d77212f304ea8424a9817bcbfb7efd0c80bbd35d5e474adc3,59cd40309c5d2602702dfc625156bc14857ba28eac8b36029a4862c15b0b98d8,8.98,11.796,False
419,EE-267,exclude,exclude,"The paper describes a study on unicompartmental knee arthroplasty using semiautonomous robotic systems, but it does not involve an autonomous or semi-autonomous robotic component that controls or directs a physical robot to execute a surgical action. Instead, it reports on the safety of robotic bone preparation methods without detailing the level of autonomy or semi-autonomy in the robotic system's operation. The focus is on complications related to standard computer navigation pins rather than on the autonomous or semi-autonomous robotic behavior itself.",exclude,"The paper describes a study on unicompartmental knee arthroplasty using semiautonomous robotic systems, but it does not involve an autonomous or semi-autonomous robotic component that controls or directs a physical robot to execute a surgical action. Instead, it reports on the safety and complication rates of robotic assistance without detailing the level of autonomy or the robotic system's control over the surgical task. The focus is on the outcomes of the procedure rather than the autonomy level or the robotic system's role in executing the task.",False,OUT,,,OUT,False,False,False,False,7d4683768e22b1a9395b6c892f45d14b3224e3fc8691ef8adecff1f971214028,,6.962,,False
765,EE-613,exclude,exclude,"The paper focuses on the control strategy for a compliant continuum robot, but it does not mention any autonomous or semi-autonomous surgical robotic system performing physical surgical tasks on tissue, phantoms, or in-vivo models. The study is about trajectory tracking and control methodology rather than surgical autonomy or its evaluation in a surgical context.",exclude,"The paper focuses on the control strategy for a compliant continuum robot, but it does not mention any autonomous or semi-autonomous surgical robotic system performing physical surgical tasks on tissue, phantoms, or in-vivo models. The study is about trajectory tracking and control methodology rather than surgical autonomy or its evaluation in a surgical context.",False,OUT,,,OUT,False,False,False,False,f625a4f42ad23c912b96bda3b278529942e9b68db39c0969c9970e62ef76ba8c,,5.036,,False
588,EE-436,exclude,include,"The abstract suggests the paper involves autonomous or semi-autonomous surgical robotic systems performing physical surgical tasks, which aligns with the population criteria. It mentions the robot assisting in procedures with enhanced precision, which may indicate task accuracy or error rate, and the potential for autonomy level evaluation. The paper is likely peer-reviewed and in English, though the abstract does not explicitly confirm publication date or specialty, but these can be verified later. The abstract does not mention exclusion criteria such as non-surgical robotics, systematic reviews, or excluded specialties.",include,"The abstract suggests the paper involves autonomous or semi-autonomous surgical robotic systems performing physical surgical tasks, which aligns with the population criteria. It mentions the robot assisting in procedures with enhanced precision, which may imply task accuracy or error rate, and the potential for autonomy level evaluation. The paper is likely peer-reviewed and in English, though the abstract does not explicitly confirm publication date or specialty, but these can be verified later. The abstract does not mention exclusion criteria such as non-surgical robotics or excluded specialties.",False,IN,exclude,"The abstract is highly descriptive and futuristic, but lacks concrete details about a *physical* surgical task being performed by an autonomous or semi-autonomous robot. It only *describes* potential future functionality. It does not mention any experimental setup, data, or results related to a surgical task performed on tissue, phantoms, or in-vivo models. It fails test #1 and #3.",FLAGGED,False,False,False,False,ed4795f459b2d6c6fdfa3d8e60509edd5cf3e36159e4502d2c13f7b3547e4b4a,27b6264936b608eae11384908cab6719d6afadcfcdf39e9be6960e70631fc570,6.903,10.478,False
254,EE-102,exclude,exclude,"The paper focuses on palpation sensing and haptic feedback in robotic-assisted surgery, but it does not describe autonomous or semi-autonomous robotic systems performing physical surgical tasks. Instead, it discusses the integration of tactile feedback and AI to enhance existing robotic systems, not the development or evaluation of autonomy levels in surgical robotics. Therefore, it does not meet the inclusion criteria for the review.",exclude,"The paper focuses on palpation sensing and haptic feedback in robotic-assisted surgery, but it does not describe autonomous or semi-autonomous robotic systems performing physical surgical tasks. Instead, it discusses the integration of tactile feedback and AI to enhance existing robotic systems, not the development or evaluation of autonomy levels in surgical robotics. Therefore, it does not meet the inclusion criteria for the review.",False,OUT,,,OUT,False,False,False,False,481b064b41bfefc494e23d9a5deb946159507a3859493b87eeb7d0345acd024d,,5.629,,False
565,EE-413,exclude,exclude,"The paper focuses on deformable object manipulation in robotic surgery, but it does not involve an autonomous or semi-autonomous robotic component that controls or directs a physical robot to execute a surgical action. Instead, it describes a simulation-based approach to improve physics models for robotic surgery, which does not meet the inclusion criteria requiring actual autonomous or semi-autonomous robotic behavior in physical surgical tasks.",exclude,"The paper focuses on deformable object manipulation in robotic surgery, but it does not involve autonomous or semi-autonomous robotic systems performing physical surgical tasks. Instead, it describes a simulation-based approach to improve physics models for robotic surgery, which does not meet the inclusion criteria requiring an autonomous or semi-autonomous robotic component that controls or directs a physical robot to execute a surgical action.",False,OUT,,,OUT,False,False,False,False,51517b4548ae479a1ebf8ad4e4b0acaadbe7eda76b8b08e452212dcff257fecc,,5.505,,False
379,EE-227,exclude,include,"The paper describes a semi-automated surgical robotic system that performs a physical surgical task (ex vivo lens fragment extraction) using autonomous/semi-autonomous robotic behavior guided by deep learning. It involves an autonomous or semi-autonomous robotic component that controls or directs a physical robot to execute a surgical action. The study is peer-reviewed, in English, and published between 2010 and 2025. The task is performed on an ex vivo animal model, which is within the included specialties. The paper meets the inclusion criteria and does not meet any exclusion criteria.",include,"The paper describes a semi-automated surgical robotic system that performs a physical surgical task (ex vivo lens fragment extraction) using autonomous/semi-autonomous robotic behavior. The system involves a robotic component that controls or directs a physical robot to execute a surgical action, which meets the inclusion criteria. The task is performed on an ex vivo animal model, and the paper involves a physical surgical task. The system uses deep learning for semantic segmentation, which is an autonomous/semi-autonomous robotic component. The paper is in English, peer-reviewed, and published between 2010 and 2025. It does not fall under excluded specialties or types of studies.",False,IN,exclude,"While the abstract mentions a robotic system performing a surgical task on an ex vivo animal model, the intervention is described as 'semi-automated detection and extraction'. The core of the work focuses on *detecting* lens fragments using semantic segmentation (a computer vision/ML task) and then guiding the robot. The robot's actions are directly dependent on the output of the segmentation algorithm, but the abstract does not demonstrate independent decision-making or control by the robotic system itself. It's a system where the robot *responds* to the analysis, not one that *plans* or *executes* autonomously. This falls under the exclusion criterion of ML/CV methodology papers that control a robot based on analysis without independent robotic decision-making.",FLAGGED,False,False,False,False,1595c83f0d632b2e28d4f7c3b896c4c9d8d218491c25020e7fffff6ab359f967,5104f40699f9a0bb6cc3d5ee13efc698226bbd5ced8b43f637e56a75b77b53fd,8.359,16.855,False
170,EE-070,exclude,exclude,"The paper describes a share control system for a surgical robot, where the surgeon maintains full control over the tool's position while the system provides support. This system does not involve autonomous or semi-autonomous robotic behavior that controls or directs a physical robot to execute a surgical action. Instead, it is a teleoperated system with shared control, which does not meet the inclusion criteria requiring an autonomous or semi-autonomous robotic component. Additionally, the paper does not involve a physical surgical task on tissue, phantoms, or in-vivo models, and it does not demonstrate any level of autonomy as per the Yang et al. taxonomy.",exclude,"The paper describes a share control system for a surgical robot, where the surgeon maintains full control over the tool's position while the system provides support. This system does not involve autonomous or semi-autonomous robotic behavior that controls or directs a physical robot to execute a surgical action. Instead, it is a teleoperated system with shared control, which does not meet the inclusion criteria requiring an autonomous or semi-autonomous robotic component. Additionally, the paper does not involve a physical surgical task on tissue, phantoms, or in-vivo models, and it does not demonstrate any level of surgical autonomy as per the Yang et al. taxonomy.",False,OUT,,,OUT,False,False,False,False,6743d52e05c0c8d6df34f738c321f80b864a89a2d7b79ae09f83d885dbc27e95,,8.127,,False
722,EE-570,exclude,include,"The paper describes a framework for predicting instrument trajectories in non-visible regions during robot-assisted intraocular microsurgery, which involves an autonomous or semi-autonomous robotic component that controls or directs a physical robot to execute a surgical action. The study involves a physical surgical task (intraocular microsurgery) and addresses task accuracy and safety events. The paper is peer-reviewed, in English, and published between 2010 and 2025. It is within the included specialty (ophthalmic surgery is excluded, but the paper focuses on intraocular microsurgery, which is not explicitly excluded unless it is specialty-specific. Since the task is generalizable and not specialty-specific, it is included.",include,"The paper describes a framework for predicting instrument trajectories in non-visible regions during robot-assisted intraocular microsurgery, which involves an autonomous or semi-autonomous robotic component that controls or directs a physical robot to execute a surgical action. The study involves a physical surgical task (intraocular microsurgery) and addresses task accuracy and safety events. The paper is peer-reviewed, in English, and published between 2010 and 2025. It is within the included specialty (ophthalmic surgery is excluded, but the paper focuses on intraocular microsurgery, which is not explicitly excluded unless it is specialty-specific. Since the task is generalizable and not specialty-specific, it is included.",False,IN,exclude,"The abstract focuses on *predicting* instrument trajectories to *enhance* robot-assisted surgery, but does not describe the robot *executing* any surgical action autonomously or semi-autonomously based on those predictions. It's a perception/prediction methodology paper that supports potential future autonomy, but doesn't demonstrate autonomous control in this work. It falls under the exclusion criterion of ML/CV methodology papers that only analyze/predict surgical data without controlling a robot to execute a surgical action.",FLAGGED,False,False,False,False,a2a4f99b6e69c8f3abf371b04560e302ab8df703a1ef20a0bf29fa83977c0f95,abb7dd6a6b069c9a1c77d7bf963a1ea24a3992ca30c0bd7d9ef03d580e2b686b,9.147,12.466,False
724,EE-572,exclude,exclude,"The paper focuses on craniomaxillofacial surgery, which is excluded under the specialty scope. Additionally, the study describes a method for recognizing and learning surgical skills using multi-modal data but does not involve an autonomous or semi-autonomous robotic component that controls or directs a physical robot to execute a surgical action. The abstract does not mention any physical surgical task performed by an autonomous or semi-autonomous robotic system.",exclude,"The paper focuses on craniomaxillofacial surgery, which is excluded under the specialty scope. Additionally, the study describes a method for recognizing and learning surgical skills using multi-modal data but does not involve an autonomous or semi-autonomous robotic component that controls or directs a physical robot to execute a surgical action. The paper appears to be more about skill recognition and learning rather than autonomous robotic surgery.",False,OUT,,,OUT,False,False,False,False,748e4173d9a8ddbd6b8fcf15d2f3ad274806ba2b34e3343d6c0d99396049bc5f,,5.934,,False
657,EE-505,exclude,include,"The paper describes an autonomous robotic system for vitreoretinal surgery, which is a sub-specialty of ophthalmic surgery. However, the paper is excluded from the specialty scope as ophthalmic surgery is listed as an excluded specialty. However, the paper involves a physical surgical task (vitreoretinal surgery) and includes an autonomous or semi-autonomous robotic component that controls or directs a physical robot to execute a surgical action (visual servoing for automatic positioning of surgical instruments). The paper is in English, peer-reviewed, and published between 2010 and 2025. The abstract does not mention simulation frameworks, physics engines, or virtual environments without autonomous robot behavior. The paper involves a physical surgical task (vitreoretinal surgery) and includes an autonomous robotic component. The paper is included despite the specialty being excluded, as the task is generalizable and not specialty-specific.",include,"The paper describes an autonomous robotic system for vitreoretinal surgery, which is a sub-specialty of ophthalmic surgery. However, the paper is excluded from the specialty scope as ophthalmic surgery is listed as an excluded specialty. However, the paper involves a physical surgical task (vitreoretinal surgery) and includes an autonomous or semi-autonomous robotic component that controls or directs a physical robot to execute a surgical action (visual servoing for automatic positioning of surgical instruments). The paper meets the inclusion criteria for language (English), peer-reviewed original research, and involves a physical surgical task. The paper does not meet the exclusion criteria for systematic reviews, meta-analyses, or non-surgical robotics. The paper is within the publication date range (2010-2025). The paper is about a specific surgical specialty (ophthalmic surgery), which is excluded, but the paper is about a generalizable autonomous task (autonomous positioning of s…",False,IN,exclude,"The abstract describes a system where the surgeon *selects* a target location, and the robot *moves* the instrument to that location. This implies a teleoperated system with automated movement to a pre-defined point, not true autonomous decision-making or control. The system lacks an autonomous component that independently plans or executes surgical actions beyond moving to a user-defined target. It is therefore a purely teleoperated system with automation, failing the requirement for an autonomous or semi-autonomous component.",FLAGGED,False,False,False,False,f8826a2c7ebf5b5585f74958a72d07405296a24e38f592c8a6127307fdc94f0d,9fa6b45f51e84dbb83d9636644a5bd8cb1881d71910869d09f1c276bc0b18760,12.15,12.184,False
469,EE-317,include,exclude,"The paper does not involve a physical surgical task performed by an autonomous or semi-autonomous robotic system. Instead, it provides a general overview and discussion of AI in surgical robotics, definitions of autonomy, and future directions without presenting specific studies or experimental data on autonomous surgical robotic systems performing physical surgical tasks. It lacks the required elements of task accuracy, error rate, completion time, safety events, or autonomy level evaluation.",exclude,"The paper does not involve a physical surgical task performed by an autonomous or semi-autonomous robotic system. Instead, it provides a general overview and discussion of AI in surgical robotics, definitions of autonomy, and future directions without presenting specific studies or experimental data on autonomous surgical robotic systems performing physical surgical tasks.",False,OUT,,,OUT,False,False,False,False,e2812b547c86ca4f26edd1a607eade7ed1bf2702df09ab8c5c5ee19422f59ef6,,6.53,,False
702,EE-550,exclude,exclude,"The paper describes a method for estimating surgical tool kinematics from monocular video for surgical robot learning, but it does not involve an autonomous or semi-autonomous robotic component that controls or directs a physical robot to execute a surgical action. Instead, it focuses on kinematic estimation for training imitation learning policies, which is not a physical surgical task performed by an autonomous or semi-autonomous robotic system.",exclude,"The paper describes a method for estimating surgical tool kinematics from monocular video for surgical robot learning, but it does not involve an autonomous or semi-autonomous robotic component that controls or directs a physical robot to execute a surgical action. Instead, it focuses on kinematic estimation for training imitation learning policies, which is not a physical surgical task performed by an autonomous or semi-autonomous robotic system.",False,OUT,,,OUT,False,False,False,False,ed3f8585eafe378bb633ca56e2d06d0fe80d0b9959b860b67d62e0cb1b33d18b,,5.716,,False
693,EE-541,include,exclude,"The paper describes a medical robot for forearm vein puncturing, but it does not mention any level of surgical autonomy (Levels 1–5 per the Yang et al. taxonomy) or any autonomous/semi-autonomous robotic component that controls or directs a physical robot to execute a surgical action. The focus is on assistive robotics with intelligent healthcare features, not on autonomous or semi-autonomous surgical robotic systems performing physical surgical tasks. Additionally, the paper does not involve a physical surgical task in the context of the included specialties (e.g., abdominal, gynecologic, urologic, etc.).",exclude,"The paper describes a medical robot for forearm vein puncturing, but it does not mention any level of surgical autonomy (Levels 1–5 per the Yang et al. taxonomy) or any autonomous/semi-autonomous robotic component that controls or directs a physical robot to execute a surgical action. The focus is on assistive robotics with intelligent healthcare features, not on autonomous or semi-autonomous surgical robotic systems performing physical surgical tasks. Additionally, the paper does not involve a physical surgical task in the context of the included specialties (e.g., abdominal, gynecologic, urologic, etc.).",False,OUT,,,OUT,False,False,False,False,ed233e841e7dc169ac088b9388105a5b5d9282fe39d276774023e7691c5fdafb,,7.867,,False
