span_id,paper_id,field_name,empty_snippet,sentinel_value,d11,audit_status,snippet_chars,bridged,first_stage,first_stage_v2,first_stage_v3,locator1_first_stage
1,9,study_type,0,0,0,verified,66,0,raw,,,locator1_normalize
2,9,robot_platform,1,0,0,flagged,0,0,,,,
3,9,task_performed,0,0,0,verified,66,0,raw,,,locator1_normalize
4,9,sample_size,1,1,0,flagged,0,0,,,,
5,9,surgical_domain,0,0,0,contested,62,0,,,,
6,9,autonomy_level,0,0,0,contested,52,0,,,,
7,9,validation_setting,0,0,0,contested,45,0,,,,
8,9,task_monitor,0,0,0,contested,46,0,,,,
9,9,task_generate,0,0,0,contested,46,0,,,,
10,9,task_select,0,0,0,contested,43,0,,,,
11,9,task_execute,0,0,0,contested,37,0,,,,
12,9,system_maturity,0,0,0,contested,38,0,,,,
13,9,study_design,0,0,0,contested,42,0,,,,
14,9,country,0,0,0,contested,36,0,,,,
15,9,primary_outcome_metric,0,0,0,flagged,38,0,,,,
16,9,primary_outcome_value,0,0,0,flagged,24,0,,,,
17,9,comparison_to_human,0,0,0,contested,32,0,,,,
18,9,secondary_outcomes,0,0,0,flagged,29,0,,,,
19,9,key_limitation,0,0,0,flagged,143,0,,,,locator1_normalize
20,9,clinical_readiness_assessment,0,0,0,verified,41,0,,,,
21,12,study_type,0,0,0,verified,144,0,raw,,,
22,12,robot_platform,0,0,0,flagged,1074,0,,,,
23,12,task_performed,0,0,0,flagged,94,0,,,,
24,12,sample_size,1,0,0,flagged,0,0,,,,
25,12,surgical_domain,0,0,0,verified,228,0,raw,,,locator1_normalize
26,12,autonomy_level,0,0,0,verified,511,0,raw,,,locator1_normalize
27,12,validation_setting,0,0,0,verified,200,0,raw,,,locator1_normalize
28,12,task_monitor,0,0,0,contested,267,0,,,,
29,12,task_generate,0,0,0,contested,144,0,,,,
30,12,task_select,0,0,0,verified,205,0,raw,,,locator1_normalize
31,12,task_execute,0,0,0,contested,483,0,,,,
32,12,system_maturity,0,0,0,contested,267,0,,,,
33,12,study_design,0,0,0,verified,99,0,raw,,,locator1_normalize
34,12,country,0,0,0,contested,45,0,,,,
35,12,primary_outcome_metric,0,0,0,flagged,209,0,,,,
36,12,primary_outcome_value,0,0,0,verified,208,0,raw,,,locator1_normalize
37,12,comparison_to_human,0,0,0,flagged,289,0,,,,
38,12,secondary_outcomes,0,0,0,flagged,209,0,,,,
39,12,key_limitation,0,0,0,flagged,307,0,raw,,,locator1_normalize
40,12,clinical_readiness_assessment,0,0,0,verified,84,0,raw,,,locator1_normalize
41,14,study_type,0,0,0,verified,139,0,,,,
42,14,robot_platform,0,0,0,verified,55,0,,,,
43,14,task_performed,0,0,0,verified,139,0,,,,
44,14,sample_size,0,0,0,flagged,138,0,,,,
45,14,surgical_domain,0,0,0,flagged,135,0,,,,
46,14,autonomy_level,0,0,0,verified,166,0,,,,
47,14,validation_setting,0,0,0,verified,126,0,,,,
48,14,task_monitor,0,0,0,flagged,108,0,,,,
49,14,task_generate,0,0,0,flagged,65,0,,,,
50,14,task_select,0,1,0,verified,40,0,,,,
51,14,task_execute,0,0,0,verified,166,0,,,,
52,14,system_maturity,0,0,0,verified,55,0,,,,
53,14,study_design,0,0,0,verified,163,0,,,,
54,14,country,0,0,0,verified,171,0,,,,
55,14,primary_outcome_metric,0,0,0,verified,103,0,,,,
56,14,primary_outcome_value,0,0,0,contested,52,0,,,,
57,14,comparison_to_human,0,0,0,flagged,68,0,,,,
58,14,secondary_outcomes,0,0,0,flagged,76,0,,,,
59,14,key_limitation,0,0,0,flagged,212,0,,,,
60,14,clinical_readiness_assessment,0,0,0,verified,163,0,,,,
61,15,study_type,0,0,0,verified,162,0,raw,,,locator1_normalize
62,15,robot_platform,0,0,0,flagged,79,0,raw,,,locator1_normalize
63,15,task_performed,0,0,0,flagged,98,0,raw,,,locator1_normalize
64,15,sample_size,0,1,0,verified,115,0,,,,
65,15,surgical_domain,0,0,0,flagged,193,0,raw,,,locator1_normalize
66,15,autonomy_level,0,0,0,flagged,135,0,,,,locator1_normalize
67,15,validation_setting,0,0,0,verified,115,0,,,,
68,15,task_monitor,0,0,0,verified,125,0,,,,
69,15,task_generate,0,0,0,flagged,135,0,,,,locator1_normalize
70,15,task_select,0,0,0,verified,125,0,,,,
71,15,task_execute,0,0,0,verified,125,0,,,,
72,15,system_maturity,0,0,0,verified,79,0,raw,,,locator1_normalize
73,15,study_design,0,0,0,verified,236,0,raw,,,locator1_normalize
74,15,country,0,0,0,verified,133,0,raw,,,locator1_normalize
75,15,primary_outcome_metric,0,0,0,verified,59,0,raw,,,locator1_normalize
76,15,primary_outcome_value,0,0,0,verified,158,0,,,,locator1_normalize
77,15,comparison_to_human,0,1,0,verified,59,0,raw,,,locator1_normalize
78,15,secondary_outcomes,0,0,0,flagged,249,0,,,,
79,15,key_limitation,0,0,0,flagged,158,0,,,,locator1_normalize
80,15,clinical_readiness_assessment,0,0,0,verified,135,0,,,,locator1_normalize
81,17,study_type,0,0,0,verified,170,0,,,,
82,17,robot_platform,0,0,0,verified,170,0,,,,
83,17,task_performed,0,0,0,verified,193,0,,,,
84,17,sample_size,1,1,0,verified,0,0,,,,
85,17,surgical_domain,0,0,0,verified,170,0,,,,
86,17,autonomy_level,0,0,0,flagged,163,0,,,,locator1_normalize
87,17,validation_setting,0,0,0,verified,170,0,,,,
88,17,task_monitor,0,0,0,flagged,147,0,raw,,,locator1_normalize
89,17,task_generate,0,0,0,flagged,163,0,,,,locator1_normalize
90,17,task_select,0,0,0,flagged,163,0,,,,locator1_normalize
91,17,task_execute,0,0,0,flagged,200,0,,,,locator1_normalize
92,17,system_maturity,0,0,0,verified,170,0,,,,
93,17,study_design,0,0,0,verified,131,0,raw,,,locator1_normalize
94,17,country,0,0,0,verified,155,0,raw,,,locator1_normalize
95,17,primary_outcome_metric,1,1,0,verified,0,0,,,,
96,17,primary_outcome_value,1,1,0,verified,0,0,,,,
97,17,comparison_to_human,1,1,0,verified,0,0,,,,
98,17,secondary_outcomes,1,1,0,verified,0,0,,,,
99,17,key_limitation,0,0,0,flagged,170,0,,,,
100,17,clinical_readiness_assessment,0,0,0,verified,170,0,,,,
101,11,study_type,0,0,0,contested,109,0,,,,
102,11,robot_platform,0,0,0,contested,59,0,,,,
103,11,task_performed,0,0,0,contested,54,0,,,,
104,11,sample_size,0,1,0,verified,36,0,,,,
105,11,surgical_domain,0,0,0,contested,36,0,,,,
106,11,autonomy_level,0,0,0,flagged,52,0,,,,
107,11,validation_setting,0,0,0,contested,40,0,,,,
108,11,task_monitor,0,0,0,flagged,39,0,,,,
109,11,task_generate,0,0,0,flagged,30,0,,,,
110,11,task_select,0,0,0,flagged,28,0,,,,
111,11,task_execute,0,0,0,contested,28,0,,,,
112,11,system_maturity,0,0,0,contested,26,0,,,,
113,11,study_design,0,0,0,contested,47,0,,,,
114,11,country,0,0,0,contested,37,0,,,,
115,11,primary_outcome_metric,0,0,0,flagged,26,0,,,,
116,11,primary_outcome_value,0,0,0,contested,29,0,,,,
117,11,comparison_to_human,0,0,0,contested,39,0,,,,
118,11,secondary_outcomes,0,0,0,flagged,33,0,,,,
119,11,key_limitation,0,0,0,flagged,56,0,,,,
120,11,clinical_readiness_assessment,0,0,0,verified,35,0,,,,
121,22,study_type,0,0,0,verified,202,0,raw,,,locator1_normalize
122,22,robot_platform,0,0,0,flagged,165,0,raw,,,locator1_normalize
123,22,task_performed,0,0,0,flagged,159,0,,,,
124,22,sample_size,0,0,0,verified,284,0,,,,locator1_normalize
125,22,surgical_domain,0,0,0,verified,139,0,raw,,,locator1_normalize
126,22,autonomy_level,0,0,0,verified,159,0,,,,
127,22,validation_setting,0,0,0,verified,220,0,raw,,,locator1_normalize
128,22,task_monitor,0,0,0,flagged,121,0,,,,
129,22,task_generate,0,0,0,verified,233,0,,,,
130,22,task_select,0,0,0,flagged,121,0,,,,
131,22,task_execute,0,0,0,verified,233,0,,,,
132,22,system_maturity,0,0,0,verified,159,0,,,,
133,22,study_design,0,0,0,verified,139,0,raw,,,locator1_normalize
134,22,country,0,0,0,flagged,233,0,raw,,,locator1_normalize
135,22,primary_outcome_metric,0,0,0,verified,115,0,raw,,,locator1_normalize
136,22,primary_outcome_value,0,0,0,verified,275,0,,,,
137,22,comparison_to_human,0,0,0,verified,374,0,raw,,,locator1_normalize
138,22,secondary_outcomes,0,0,0,verified,275,0,,,,
139,22,key_limitation,0,0,0,flagged,371,0,,,,
140,22,clinical_readiness_assessment,0,0,0,verified,371,0,,,,
141,24,study_type,0,0,0,verified,181,0,raw,,,locator1_normalize
142,24,robot_platform,0,0,0,verified,169,0,raw,,,locator1_normalize
143,24,task_performed,0,0,0,verified,83,0,raw,,,locator1_normalize
144,24,sample_size,0,1,0,verified,90,0,,,,
145,24,surgical_domain,0,0,0,verified,186,0,raw,,,locator1_normalize
146,24,autonomy_level,0,0,0,flagged,186,0,raw,,,locator1_normalize
147,24,validation_setting,0,0,0,verified,112,0,raw,,,locator1_normalize
148,24,task_monitor,0,0,0,verified,186,0,raw,,,locator1_normalize
149,24,task_generate,0,0,0,flagged,259,0,raw,,,locator1_normalize
150,24,task_select,0,0,0,flagged,259,0,raw,,,locator1_normalize
151,24,task_execute,0,0,0,contested,187,0,,,,
152,24,system_maturity,0,0,0,verified,169,0,raw,,,locator1_normalize
153,24,study_design,0,0,0,verified,286,0,raw,,,locator1_normalize
154,24,country,0,0,0,verified,55,0,raw,,,locator1_normalize
155,24,primary_outcome_metric,0,0,0,flagged,204,0,raw,,,locator1_normalize
156,24,primary_outcome_value,0,0,0,flagged,164,0,raw,,,locator1_normalize
157,24,comparison_to_human,0,1,0,verified,100,0,,,,
158,24,secondary_outcomes,0,0,0,flagged,164,0,raw,,,locator1_normalize
159,24,key_limitation,0,0,0,flagged,186,0,raw,,,locator1_normalize
160,24,clinical_readiness_assessment,0,0,0,flagged,186,0,raw,,,locator1_normalize
161,39,study_type,0,0,0,verified,79,0,raw,,,locator1_normalize
162,39,robot_platform,0,0,0,flagged,151,0,whitespace,,,locator1_normalize
163,39,task_performed,0,0,0,flagged,234,0,whitespace,,,locator1_normalize
164,39,sample_size,0,0,0,flagged,239,0,whitespace,,,locator1_normalize
165,39,surgical_domain,0,0,0,verified,187,0,whitespace,,,locator1_normalize
166,39,autonomy_level,0,0,0,flagged,114,0,raw,,,locator1_normalize
167,39,validation_setting,0,0,0,verified,52,0,raw,,,locator1_normalize
168,39,task_monitor,0,0,0,flagged,116,0,raw,,,locator1_normalize
169,39,task_generate,0,0,0,flagged,139,0,,,,
170,39,task_select,0,0,0,flagged,105,0,raw,,,locator1_normalize
171,39,task_execute,0,0,0,flagged,68,0,,,,locator1_normalize
172,39,system_maturity,0,0,0,verified,98,0,whitespace,,,locator1_normalize
173,39,study_design,0,0,0,verified,138,0,whitespace,,,locator1_normalize
174,39,country,0,0,0,verified,28,0,raw,,,locator1_normalize
175,39,primary_outcome_metric,0,0,0,verified,93,0,whitespace,,,locator1_normalize
176,39,primary_outcome_value,0,0,0,verified,93,0,whitespace,,,locator1_normalize
177,39,comparison_to_human,0,0,0,verified,284,0,,,,
178,39,secondary_outcomes,0,0,0,flagged,76,0,,,,
179,39,key_limitation,0,0,0,flagged,132,0,,,,
180,39,clinical_readiness_assessment,0,0,0,verified,238,0,raw,,,locator1_normalize
181,67,study_type,0,0,0,verified,129,0,raw,,,locator1_normalize
182,67,robot_platform,0,0,0,flagged,124,0,raw,,,locator1_normalize
183,67,task_performed,0,0,0,verified,195,0,raw,,,locator1_normalize
184,67,sample_size,0,1,0,verified,128,0,,,,
185,67,surgical_domain,0,0,0,flagged,78,0,raw,,,locator1_normalize
186,67,autonomy_level,0,0,0,verified,195,0,raw,,,locator1_normalize
187,67,validation_setting,0,0,0,verified,237,0,raw,,,locator1_normalize
188,67,task_monitor,0,0,0,flagged,205,0,raw,,,locator1_normalize
189,67,task_generate,0,0,0,verified,195,0,raw,,,locator1_normalize
190,67,task_select,0,0,0,verified,212,0,raw,,,locator1_normalize
191,67,task_execute,0,0,0,flagged,159,0,raw,,,locator1_normalize
192,67,system_maturity,0,0,0,verified,124,0,raw,,,locator1_normalize
193,67,study_design,0,0,0,contested,306,0,,,,
194,67,country,0,0,0,verified,102,0,raw,,,locator1_normalize
195,67,primary_outcome_metric,0,0,0,flagged,134,0,raw,,,locator1_normalize
196,67,primary_outcome_value,0,0,0,verified,134,0,raw,,,locator1_normalize
197,67,comparison_to_human,0,1,0,verified,134,0,raw,,,locator1_normalize
198,67,secondary_outcomes,0,0,0,verified,303,0,raw,,,locator1_normalize
199,67,key_limitation,0,0,0,flagged,203,0,whitespace,,,locator1_normalize
200,67,clinical_readiness_assessment,0,0,0,verified,237,0,raw,,,locator1_normalize
201,78,study_type,0,0,0,verified,137,0,raw,,,locator1_normalize
202,78,robot_platform,0,0,0,verified,385,0,raw,,,locator1_normalize
203,78,task_performed,0,0,0,verified,263,0,raw,,,locator1_normalize
204,78,sample_size,0,0,0,verified,222,0,,,,
205,78,surgical_domain,0,0,0,verified,222,0,raw,,,locator1_normalize
206,78,autonomy_level,0,0,0,flagged,309,0,,,,
207,78,validation_setting,0,0,0,flagged,385,0,raw,,,locator1_normalize
208,78,task_monitor,0,0,0,flagged,154,0,raw,,,locator1_normalize
209,78,task_generate,0,0,0,flagged,154,0,raw,,,locator1_normalize
210,78,task_select,0,0,0,flagged,154,0,raw,,,locator1_normalize
211,78,task_execute,0,0,0,flagged,154,0,raw,,,locator1_normalize
212,78,system_maturity,0,0,0,verified,385,0,raw,,,locator1_normalize
213,78,study_design,0,0,0,verified,137,0,raw,,,locator1_normalize
214,78,country,0,0,0,verified,208,0,raw,,,locator1_normalize
215,78,primary_outcome_metric,0,0,0,verified,179,0,raw,,,locator1_normalize
216,78,primary_outcome_value,0,0,0,flagged,281,0,raw,,,locator1_normalize
217,78,comparison_to_human,1,1,0,verified,0,0,,,,
218,78,secondary_outcomes,0,0,0,flagged,281,0,raw,,,locator1_normalize
219,78,key_limitation,0,0,0,flagged,281,0,raw,,,locator1_normalize
220,78,clinical_readiness_assessment,0,0,0,verified,115,0,,,,
221,81,study_type,0,0,0,contested,161,0,,,,
222,81,robot_platform,0,0,0,verified,161,0,raw,,,locator1_normalize
223,81,task_performed,0,0,0,flagged,114,0,raw,,,locator1_normalize
224,81,sample_size,1,1,0,verified,0,0,,,,
225,81,surgical_domain,0,0,0,contested,83,0,,,,
226,81,autonomy_level,0,0,0,contested,74,0,,,,
227,81,validation_setting,0,0,0,verified,85,0,,,,
228,81,task_monitor,0,0,0,contested,63,0,,,,
229,81,task_generate,0,0,0,contested,68,0,,,,
230,81,task_select,1,1,0,verified,0,0,,,,
231,81,task_execute,0,0,0,contested,47,0,,,,
232,81,system_maturity,0,0,0,contested,71,0,,,,
233,81,study_design,0,0,0,contested,68,0,,,,
234,81,country,0,0,0,verified,85,0,,,,
235,81,primary_outcome_metric,0,0,0,verified,97,0,raw,,,locator1_normalize
236,81,primary_outcome_value,0,0,0,flagged,202,0,,,,
237,81,comparison_to_human,1,1,0,verified,0,0,,,,
238,81,secondary_outcomes,0,0,0,flagged,237,0,raw,,,locator1_normalize
239,81,key_limitation,0,0,0,flagged,141,0,raw,,,locator1_normalize
240,81,clinical_readiness_assessment,0,0,0,verified,83,0,,,,
241,82,study_type,0,0,0,verified,402,0,raw,,,locator1_normalize
242,82,robot_platform,0,0,0,verified,333,0,raw,,,locator1_normalize
243,82,task_performed,0,0,0,flagged,214,0,,,,
244,82,sample_size,1,1,0,verified,0,0,,,,
245,82,surgical_domain,0,0,0,verified,333,0,raw,,,locator1_normalize
246,82,autonomy_level,0,0,0,verified,263,0,raw,,,locator1_normalize
247,82,validation_setting,0,0,0,flagged,169,0,,,,
248,82,task_monitor,0,0,0,verified,333,0,raw,,,locator1_normalize
249,82,task_generate,0,0,0,verified,333,0,raw,,,locator1_normalize
250,82,task_select,0,0,0,verified,333,0,raw,,,locator1_normalize
251,82,task_execute,0,0,0,verified,333,0,raw,,,locator1_normalize
252,82,system_maturity,0,0,0,verified,333,0,raw,,,locator1_normalize
253,82,study_design,0,0,0,verified,402,0,raw,,,locator1_normalize
254,82,country,0,0,0,verified,171,0,raw,,,locator1_normalize
255,82,primary_outcome_metric,0,0,0,verified,465,0,comment_stripped,,,+comment_stripped
256,82,primary_outcome_value,0,0,0,verified,140,0,raw,,,locator1_normalize
257,82,comparison_to_human,1,1,0,verified,0,0,,,,
258,82,secondary_outcomes,0,0,0,verified,140,0,raw,,,locator1_normalize
259,82,key_limitation,0,0,0,flagged,290,0,raw,,,locator1_normalize
260,82,clinical_readiness_assessment,0,0,0,verified,111,0,raw,,,locator1_normalize
261,102,study_type,0,0,0,verified,237,0,raw,,,locator1_normalize
262,102,robot_platform,0,0,0,verified,221,0,,,,
263,102,task_performed,0,0,0,contested,109,0,,,,
264,102,sample_size,0,0,0,contested,92,0,,,,
265,102,surgical_domain,0,0,0,contested,77,0,,,,
266,102,autonomy_level,0,0,0,contested,88,0,,,,
267,102,validation_setting,0,0,0,contested,56,0,,,,
268,102,task_monitor,0,0,0,contested,67,0,,,,
269,102,task_generate,0,0,0,contested,85,0,,,,
270,102,task_select,0,0,0,contested,67,0,,,,
271,102,task_execute,0,0,0,contested,77,0,,,,
272,102,system_maturity,0,0,0,contested,88,0,,,,
273,102,study_design,0,0,0,contested,85,0,,,,
274,102,country,0,0,0,contested,49,0,,,,
275,102,primary_outcome_metric,0,0,0,contested,46,0,,,,
276,102,primary_outcome_value,0,0,0,contested,39,0,,,,
277,102,comparison_to_human,0,0,0,contested,43,0,,,,
278,102,secondary_outcomes,0,0,0,flagged,64,0,,,,
279,102,key_limitation,0,0,0,verified,112,0,,,,
280,102,clinical_readiness_assessment,0,0,0,verified,47,0,,,,
281,121,study_type,0,0,0,verified,75,0,raw,,,locator1_normalize
282,121,robot_platform,0,0,0,flagged,263,0,raw,,,locator1_normalize
283,121,task_performed,0,0,0,flagged,162,0,,,,
284,121,sample_size,1,1,0,verified,0,0,,,,
285,121,surgical_domain,0,0,0,verified,162,0,,,,
286,121,autonomy_level,0,0,0,verified,144,0,,,,
287,121,validation_setting,0,0,0,verified,112,0,,,,
288,121,task_monitor,0,0,0,flagged,135,0,,,,
289,121,task_generate,0,0,0,verified,165,0,,,,
290,121,task_select,0,0,0,flagged,135,0,,,,
291,121,task_execute,0,0,0,verified,162,0,,,,
292,121,system_maturity,0,0,0,verified,130,0,,,,locator1_normalize
293,121,study_design,0,0,0,verified,75,0,raw,,,locator1_normalize
294,121,primary_outcome_metric,1,1,0,verified,0,0,,,,
295,121,primary_outcome_value,1,1,0,verified,0,0,,,,
296,121,comparison_to_human,1,1,0,verified,0,0,,,,
297,121,secondary_outcomes,1,1,0,verified,0,0,,,,
298,121,key_limitation,0,0,0,verified,149,0,,,,
299,121,clinical_readiness_assessment,0,0,0,flagged,112,0,,,,
300,132,study_type,0,0,0,verified,217,0,raw,,,locator1_normalize
301,132,robot_platform,0,0,0,verified,504,0,raw,,,locator1_normalize
302,132,task_performed,0,0,0,verified,103,0,,,,
303,132,sample_size,0,0,0,verified,97,0,raw,,,locator1_normalize
304,132,surgical_domain,1,0,0,flagged,0,0,,,,
305,132,autonomy_level,0,0,0,verified,150,0,raw,,,locator1_normalize
306,132,validation_setting,0,0,0,flagged,124,0,raw,,,locator1_normalize
307,132,task_monitor,0,0,0,flagged,178,0,raw,,,locator1_normalize
308,132,task_generate,0,0,0,verified,198,0,,,,
309,132,task_select,0,0,0,flagged,80,0,raw,,,locator1_normalize
310,132,task_execute,0,0,0,verified,37,0,,,,locator1_normalize
311,132,system_maturity,0,0,0,verified,217,0,raw,,,locator1_normalize
312,132,study_design,0,0,0,flagged,92,0,,,,locator1_normalize
313,132,country,1,0,0,flagged,0,0,,,,
314,132,primary_outcome_metric,0,0,0,flagged,188,0,raw,,,locator1_normalize
315,132,primary_outcome_value,0,0,0,flagged,188,0,raw,,,locator1_normalize
316,132,comparison_to_human,0,0,0,flagged,188,0,raw,,,locator1_normalize
317,132,secondary_outcomes,0,0,0,verified,271,0,raw,,,locator1_normalize
318,132,key_limitation,0,0,0,verified,225,0,,,,locator1_normalize
319,132,clinical_readiness_assessment,0,0,0,verified,92,0,,,,locator1_normalize
320,252,study_type,0,0,0,verified,212,0,raw,,,locator1_normalize
321,252,robot_platform,0,0,0,verified,205,0,raw,,,locator1_normalize
322,252,task_performed,0,0,0,verified,122,0,raw,,,locator1_normalize
323,252,sample_size,0,0,0,flagged,165,0,,,,
324,252,surgical_domain,0,0,0,verified,122,0,raw,,,locator1_normalize
325,252,autonomy_level,0,0,0,verified,251,0,,,,
326,252,validation_setting,0,0,0,verified,66,0,,,,
327,252,task_monitor,0,0,0,flagged,220,0,,,,
328,252,task_generate,0,0,0,flagged,210,0,,,,
329,252,task_select,0,0,0,flagged,159,0,raw,,,locator1_normalize
330,252,task_execute,0,0,0,verified,120,0,raw,,,locator1_normalize
331,252,system_maturity,0,0,0,verified,205,0,raw,,,locator1_normalize
332,252,study_design,0,0,0,flagged,251,0,,,,
333,252,country,0,0,0,verified,198,0,raw,,,locator1_normalize
334,252,primary_outcome_metric,0,0,0,verified,165,0,,,,
335,252,primary_outcome_value,0,0,0,verified,165,0,,,,
336,252,comparison_to_human,1,1,0,verified,0,0,,,,
337,252,secondary_outcomes,1,1,0,verified,0,0,,,,
338,252,key_limitation,0,0,0,verified,393,0,raw,,,locator1_normalize
339,252,clinical_readiness_assessment,0,0,0,verified,251,0,,,,
340,262,study_type,0,0,0,verified,160,0,whitespace,,,locator1_normalize
341,262,robot_platform,0,0,0,verified,157,0,whitespace,,,locator1_normalize
342,262,task_performed,0,0,0,flagged,117,0,whitespace,,,locator1_normalize
343,262,sample_size,0,1,0,verified,268,0,whitespace,,,locator1_normalize
344,262,surgical_domain,0,0,0,verified,156,0,whitespace,,,locator1_normalize
345,262,autonomy_level,0,0,0,verified,359,0,whitespace,,,locator1_normalize
346,262,validation_setting,0,0,0,verified,148,0,whitespace,,,locator1_normalize
347,262,task_monitor,0,0,0,flagged,90,0,,,,
348,262,task_generate,0,0,0,flagged,87,0,,,,
349,262,task_select,0,0,0,flagged,82,0,,,,
350,262,task_execute,0,0,0,contested,81,0,,,,
351,262,system_maturity,0,0,0,flagged,148,0,whitespace,,,locator1_normalize
352,262,study_design,0,0,0,flagged,64,0,whitespace,,,locator1_normalize
353,262,country,0,0,0,contested,67,0,,,,
354,262,primary_outcome_metric,0,0,0,verified,90,0,whitespace,,,locator1_normalize
355,262,primary_outcome_value,0,0,0,verified,90,0,whitespace,,,locator1_normalize
356,262,comparison_to_human,0,1,0,verified,82,0,,,,
357,262,secondary_outcomes,0,0,0,flagged,164,0,,,,
358,262,key_limitation,0,0,0,verified,185,0,whitespace,,,locator1_normalize
359,262,clinical_readiness_assessment,0,0,0,verified,148,0,whitespace,,,locator1_normalize
360,268,study_type,0,0,0,verified,90,0,raw,,,locator1_normalize
361,268,robot_platform,0,0,0,verified,317,0,raw,,,locator1_normalize
362,268,task_performed,0,0,0,verified,298,0,raw,,,locator1_normalize
363,268,sample_size,0,1,0,verified,118,0,raw,,,locator1_normalize
364,268,surgical_domain,0,0,0,contested,93,0,,,,
365,268,autonomy_level,0,0,0,contested,71,0,,,,
366,268,validation_setting,0,0,0,contested,59,0,,,,
367,268,task_monitor,0,0,0,contested,90,0,,,,
368,268,task_generate,0,0,0,contested,70,0,,,,
369,268,task_select,0,0,0,contested,82,0,,,,
370,268,task_execute,0,0,0,contested,65,0,,,,
371,268,system_maturity,0,0,0,contested,107,0,,,,
372,268,study_design,0,0,0,contested,111,0,,,,
373,268,country,0,0,0,contested,85,0,,,,
374,268,primary_outcome_metric,0,0,0,verified,256,0,raw,,,locator1_normalize
375,268,primary_outcome_value,0,0,0,verified,256,0,raw,,,locator1_normalize
376,268,comparison_to_human,0,1,0,verified,78,0,,,,
377,268,secondary_outcomes,0,0,0,verified,256,0,raw,,,locator1_normalize
378,268,key_limitation,0,0,0,verified,479,0,raw,,,locator1_normalize
379,268,clinical_readiness_assessment,0,0,0,verified,132,0,,,,
380,277,study_type,0,0,0,verified,180,0,,,,
381,277,robot_platform,0,0,0,verified,746,0,raw,,,locator1_normalize
382,277,task_performed,0,0,0,verified,326,0,raw,,,locator1_normalize
383,277,sample_size,0,1,0,verified,52,0,,,,
384,277,surgical_domain,0,0,0,verified,129,0,,,,
385,277,autonomy_level,0,0,0,flagged,105,0,,,,
386,277,validation_setting,0,0,0,verified,321,0,raw,,,locator1_normalize
387,277,task_monitor,0,0,0,flagged,89,0,,,,
388,277,task_generate,0,0,0,flagged,69,0,,,,
389,277,task_select,0,1,0,verified,54,0,,,,
390,277,task_execute,0,0,0,contested,64,0,,,,
391,277,system_maturity,0,0,0,verified,77,0,,,,
392,277,study_design,0,0,0,verified,153,0,,,,
393,277,country,0,0,0,contested,68,0,,,,
394,277,primary_outcome_metric,0,0,0,verified,80,0,,,,
395,277,primary_outcome_value,0,0,0,verified,80,0,,,,
396,277,comparison_to_human,0,1,0,verified,70,0,,,,
397,277,secondary_outcomes,0,0,0,flagged,123,0,raw,,,locator1_normalize
398,277,key_limitation,0,0,0,flagged,254,0,,,,
399,277,clinical_readiness_assessment,0,0,0,verified,151,0,,,,
400,281,study_type,0,0,0,verified,104,0,raw,,,locator1_normalize
401,281,robot_platform,0,0,0,verified,162,0,whitespace,,,locator1_normalize
402,281,task_performed,0,0,0,verified,340,0,raw,,,locator1_normalize
403,281,sample_size,0,0,0,verified,142,0,raw,,,locator1_normalize
404,281,surgical_domain,0,0,0,flagged,242,0,whitespace,,,locator1_normalize
405,281,autonomy_level,0,0,0,verified,142,0,raw,,,locator1_normalize
406,281,validation_setting,0,0,0,verified,198,0,raw,,,locator1_normalize
407,281,task_monitor,0,0,0,flagged,215,0,raw,,,locator1_normalize
408,281,task_generate,0,0,0,verified,123,0,raw,,,locator1_normalize
409,281,task_select,0,0,0,verified,339,0,raw,,,locator1_normalize
410,281,task_execute,0,0,0,verified,362,0,whitespace,,,locator1_normalize
411,281,system_maturity,0,0,0,verified,123,0,raw,,,locator1_normalize
412,281,study_design,0,0,0,verified,237,0,raw,,,locator1_normalize
413,281,country,0,0,0,flagged,79,0,,,,
414,281,primary_outcome_metric,0,0,0,verified,142,0,raw,,,locator1_normalize
415,281,primary_outcome_value,0,0,0,verified,142,0,raw,,,locator1_normalize
416,281,comparison_to_human,0,0,0,flagged,112,0,raw,,,locator1_normalize
417,281,secondary_outcomes,0,0,0,flagged,234,0,raw,,,locator1_normalize
418,281,key_limitation,0,0,0,flagged,142,0,raw,,,locator1_normalize
419,281,clinical_readiness_assessment,0,0,0,verified,399,0,raw,,,locator1_normalize
420,286,study_type,0,0,0,verified,148,0,raw,,,locator1_normalize
421,286,robot_platform,0,0,0,verified,486,0,,,,
422,286,task_performed,0,0,0,flagged,126,0,raw,,,locator1_normalize
423,286,sample_size,0,0,0,flagged,155,0,raw,,,locator1_normalize
424,286,surgical_domain,0,0,0,verified,122,0,,,,
425,286,autonomy_level,0,0,0,flagged,302,0,raw,,,locator1_normalize
426,286,validation_setting,0,0,0,verified,133,0,raw,,,locator1_normalize
427,286,task_monitor,0,0,0,flagged,186,0,,,,
428,286,task_generate,0,0,0,verified,161,0,,,,
429,286,task_select,0,0,0,verified,221,0,raw,,,locator1_normalize
430,286,task_execute,0,0,0,contested,126,0,,,,
431,286,system_maturity,0,0,0,verified,665,0,,,,
432,286,study_design,0,0,0,verified,322,0,raw,,,locator1_normalize
433,286,country,0,0,0,verified,199,0,raw,,,locator1_normalize
434,286,primary_outcome_metric,0,0,0,verified,245,0,raw,,,locator1_normalize
435,286,primary_outcome_value,0,0,0,verified,245,0,raw,,,locator1_normalize
436,286,comparison_to_human,0,1,0,verified,95,0,,,,
437,286,secondary_outcomes,0,0,0,verified,165,0,raw,,,locator1_normalize
438,286,key_limitation,0,0,0,verified,264,0,raw,,,locator1_normalize
439,286,clinical_readiness_assessment,0,0,0,verified,114,0,raw,,,locator1_normalize
440,292,study_type,0,0,0,verified,175,0,raw,,,locator1_normalize
441,292,robot_platform,0,0,0,verified,126,0,,,,
442,292,task_performed,0,0,0,flagged,87,0,whitespace,,,locator1_normalize
443,292,sample_size,0,1,0,verified,86,0,raw,,,locator1_normalize
444,292,surgical_domain,0,0,0,flagged,138,0,raw,,,locator1_normalize
445,292,autonomy_level,0,0,0,verified,117,0,raw,,,locator1_normalize
446,292,validation_setting,0,0,0,verified,126,0,,,,
447,292,task_monitor,0,0,0,flagged,108,0,,,,
448,292,task_generate,0,0,0,verified,108,0,,,,
449,292,task_select,0,0,0,verified,108,0,,,,
450,292,task_execute,0,0,0,verified,117,0,raw,,,locator1_normalize
451,292,system_maturity,0,0,0,verified,103,0,,,,locator1_normalize
452,292,study_design,0,0,0,verified,176,0,,,,locator1_normalize
453,292,country,0,0,0,verified,69,0,raw,,,locator1_normalize
454,292,primary_outcome_metric,0,0,0,verified,114,0,,,,
455,292,primary_outcome_value,0,0,0,flagged,196,0,,,,
456,292,comparison_to_human,0,0,0,verified,105,0,,,,
457,292,secondary_outcomes,0,0,0,flagged,164,0,,,,
458,292,key_limitation,0,0,0,flagged,114,0,,,,
459,292,clinical_readiness_assessment,0,0,0,verified,103,0,,,,locator1_normalize
460,295,study_type,0,0,0,verified,290,0,,,,
461,295,robot_platform,0,0,0,verified,206,0,raw,,,locator1_normalize
462,295,task_performed,0,0,0,verified,206,0,raw,,,locator1_normalize
463,295,sample_size,0,0,0,flagged,161,0,raw,,,locator1_normalize
464,295,surgical_domain,1,0,0,flagged,0,0,,,,
465,295,autonomy_level,0,0,0,flagged,890,0,raw,,,locator1_normalize
466,295,validation_setting,0,0,0,verified,250,0,raw,,,locator1_normalize
467,295,task_monitor,0,0,0,verified,302,0,raw,,,locator1_normalize
468,295,task_generate,0,0,0,verified,302,0,raw,,,locator1_normalize
469,295,task_select,0,0,0,verified,302,0,raw,,,locator1_normalize
470,295,task_execute,0,0,0,verified,256,0,raw,,,locator1_normalize
471,295,system_maturity,0,0,0,contested,30,0,,,,
472,295,study_design,0,0,0,verified,161,0,raw,,,locator1_normalize
473,295,country,0,0,0,verified,150,0,raw,,,locator1_normalize
474,295,primary_outcome_metric,0,0,0,verified,250,0,raw,,,locator1_normalize
475,295,primary_outcome_value,0,0,0,verified,14,0,,,,
476,295,comparison_to_human,0,1,0,verified,47,0,,,,
477,295,secondary_outcomes,0,0,0,verified,121,0,,,,
478,295,key_limitation,0,0,0,flagged,339,0,,,,
479,295,clinical_readiness_assessment,0,0,0,verified,161,0,raw,,,locator1_normalize
480,296,study_type,0,0,0,verified,195,0,,,,
481,296,robot_platform,0,0,0,verified,114,0,raw,,,locator1_normalize
482,296,task_performed,0,0,0,flagged,150,0,raw,,,locator1_normalize
483,296,sample_size,0,0,0,verified,108,0,raw,,,locator1_normalize
484,296,surgical_domain,0,0,0,flagged,175,0,raw,,,locator1_normalize
485,296,autonomy_level,0,0,0,verified,186,0,raw,,,locator1_normalize
486,296,validation_setting,0,0,0,flagged,178,0,raw,,,locator1_normalize
487,296,task_monitor,0,0,0,flagged,74,0,,,,
488,296,task_generate,0,0,0,contested,73,0,,,,
489,296,task_select,0,1,0,verified,89,0,,,,
490,296,task_execute,0,0,0,contested,89,0,,,,
491,296,system_maturity,0,0,0,contested,89,0,,,,
492,296,study_design,0,0,0,contested,93,0,,,,
493,296,country,0,0,0,contested,100,0,,,,
494,296,primary_outcome_metric,0,0,0,contested,110,0,,,,
495,296,primary_outcome_value,0,0,0,contested,110,0,,,,
496,296,comparison_to_human,0,1,0,verified,67,0,,,,
497,296,secondary_outcomes,0,0,0,contested,99,0,,,,
498,296,key_limitation,0,0,0,verified,145,0,raw,,,locator1_normalize
499,296,clinical_readiness_assessment,0,0,0,verified,64,0,,,,
500,297,study_type,0,0,0,verified,183,0,raw,,,locator1_normalize
501,297,robot_platform,0,0,0,flagged,337,0,,,,
502,297,task_performed,0,0,0,verified,100,0,raw,,,locator1_normalize
503,297,sample_size,1,1,0,verified,0,0,,,,
504,297,surgical_domain,0,0,0,verified,325,0,raw,,,locator1_normalize
505,297,autonomy_level,0,0,0,flagged,135,0,,,,
506,297,validation_setting,0,0,0,verified,213,0,,,,locator1_normalize
507,297,task_monitor,0,0,0,flagged,240,0,raw,,,locator1_normalize
508,297,task_generate,0,0,0,flagged,86,0,,,,
509,297,task_select,1,1,0,verified,0,0,,,,
510,297,task_execute,0,0,0,verified,195,0,raw,,,locator1_normalize
511,297,system_maturity,0,0,0,verified,337,0,,,,
512,297,study_design,0,0,0,verified,135,0,,,,
513,297,country,0,0,0,verified,145,0,raw,,,locator1_normalize
514,297,primary_outcome_metric,0,0,0,flagged,419,0,raw,,,locator1_normalize
515,297,primary_outcome_value,0,0,0,verified,121,0,raw,,,locator1_normalize
516,297,comparison_to_human,1,1,0,verified,0,0,,,,
517,297,secondary_outcomes,0,0,0,flagged,441,0,,,,
518,297,key_limitation,0,0,0,verified,327,0,raw,,,locator1_normalize
519,297,clinical_readiness_assessment,0,0,0,verified,135,0,,,,
520,318,study_type,0,0,0,verified,111,0,raw,,,locator1_normalize
521,318,robot_platform,0,0,0,verified,92,0,raw,,,locator1_normalize
522,318,task_performed,0,0,0,flagged,111,0,raw,,,locator1_normalize
523,318,sample_size,0,0,0,flagged,259,0,,,,
524,318,surgical_domain,0,0,0,flagged,67,0,raw,,,locator1_normalize
525,318,autonomy_level,0,0,0,verified,124,0,raw,,,locator1_normalize
526,318,validation_setting,0,0,0,flagged,67,0,,,,locator1_normalize
527,318,task_monitor,0,0,0,flagged,84,0,raw,,,locator1_normalize
528,318,task_generate,0,0,0,flagged,114,0,,,,locator1_normalize
529,318,task_select,0,0,0,flagged,114,0,,,,locator1_normalize
530,318,task_execute,0,0,0,flagged,90,0,raw,,,locator1_normalize
531,318,system_maturity,0,0,0,verified,92,0,raw,,,locator1_normalize
532,318,study_design,0,0,0,verified,99,0,raw,,,locator1_normalize
533,318,country,0,0,0,verified,101,0,whitespace,,,locator1_normalize
534,318,primary_outcome_metric,0,0,0,verified,162,0,raw,,,locator1_normalize
535,318,primary_outcome_value,0,0,0,verified,162,0,raw,,,locator1_normalize
536,318,comparison_to_human,0,0,0,verified,162,0,raw,,,locator1_normalize
537,318,secondary_outcomes,0,0,0,verified,184,0,raw,,,locator1_normalize
538,318,key_limitation,0,0,0,flagged,162,0,,,,
539,318,clinical_readiness_assessment,0,0,0,flagged,67,0,,,,locator1_normalize
540,323,study_type,0,0,0,verified,320,0,raw,,,locator1_normalize
541,323,robot_platform,0,0,0,flagged,718,0,raw,,,locator1_normalize
542,323,task_performed,0,0,0,verified,121,0,,,,
543,323,sample_size,0,0,0,flagged,177,0,,,,
544,323,surgical_domain,0,0,0,verified,211,0,,,,
545,323,autonomy_level,0,0,0,verified,59,0,,,,locator1_normalize
546,323,validation_setting,0,0,0,verified,79,0,,,,
547,323,task_monitor,0,0,0,flagged,93,0,raw,,,locator1_normalize
548,323,task_generate,0,0,0,flagged,132,0,raw,,,locator1_normalize
549,323,task_select,0,0,0,verified,59,0,,,,locator1_normalize
550,323,task_execute,0,0,0,verified,111,0,raw,,,locator1_normalize
551,323,system_maturity,0,0,0,verified,121,0,,,,
552,323,study_design,0,0,0,verified,123,0,,,,
553,323,country,0,0,0,contested,59,0,,,,
554,323,primary_outcome_metric,0,0,0,verified,527,0,,,,
555,323,primary_outcome_value,0,0,0,verified,105,0,raw,,,locator1_normalize
556,323,comparison_to_human,0,0,0,verified,105,0,raw,,,locator1_normalize
557,323,secondary_outcomes,0,0,0,verified,119,0,,,,
558,323,key_limitation,0,0,0,flagged,177,0,,,,
559,323,clinical_readiness_assessment,0,0,0,verified,177,0,,,,
560,346,study_type,0,0,0,verified,111,0,raw,,,locator1_normalize
561,346,robot_platform,0,0,0,verified,247,0,whitespace,,,locator1_normalize
562,346,task_performed,0,0,0,verified,123,0,,,,
563,346,sample_size,0,0,0,flagged,111,0,raw,,,locator1_normalize
564,346,surgical_domain,0,0,0,flagged,247,0,whitespace,,,locator1_normalize
565,346,autonomy_level,0,0,0,verified,57,0,,,,
566,346,validation_setting,0,0,0,contested,263,0,,,,
567,346,task_monitor,0,0,0,flagged,101,0,raw,,,locator1_normalize
568,346,task_generate,0,0,0,contested,53,0,,,,
569,346,task_select,0,0,0,flagged,38,0,,,,
570,346,task_execute,0,0,0,flagged,29,0,raw,,,locator1_normalize
571,346,system_maturity,0,0,0,contested,21,0,,,,
572,346,study_design,0,0,0,contested,56,0,,,,
573,346,country,0,0,0,flagged,38,0,,,,
574,346,primary_outcome_metric,0,0,0,flagged,82,0,,,,locator1_normalize
575,346,primary_outcome_value,0,0,0,flagged,50,0,,,,
576,346,comparison_to_human,0,0,0,flagged,539,0,,,,
577,346,secondary_outcomes,0,0,0,contested,829,0,,,,
578,346,key_limitation,0,0,0,verified,687,0,whitespace,,,locator1_normalize
579,346,clinical_readiness_assessment,0,0,0,verified,50,0,,,,
580,347,study_type,0,0,0,verified,137,0,raw,,,locator1_normalize
581,347,robot_platform,0,0,0,verified,2586,0,,,,
582,347,task_performed,0,0,0,verified,142,0,raw,,,locator1_normalize
583,347,sample_size,0,0,0,flagged,81,0,raw,,,locator1_normalize
584,347,surgical_domain,0,0,0,verified,208,0,raw,,,locator1_normalize
585,347,autonomy_level,0,0,0,flagged,93,0,,,,
586,347,validation_setting,0,0,0,verified,230,0,raw,,,locator1_normalize
587,347,task_monitor,0,0,0,contested,84,0,,,,
588,347,task_generate,0,0,0,verified,178,0,,,,
589,347,task_select,0,0,0,flagged,143,0,raw,,,locator1_normalize
590,347,task_execute,0,0,0,verified,140,0,,,,
591,347,system_maturity,0,0,0,contested,53,0,,,,
592,347,study_design,0,0,0,verified,173,0,raw,,,locator1_normalize
593,347,country,0,0,0,contested,62,0,,,,
594,347,primary_outcome_metric,0,0,0,verified,173,0,raw,,,locator1_normalize
595,347,primary_outcome_value,0,0,0,verified,714,0,raw,,,locator1_normalize
596,347,comparison_to_human,0,0,0,verified,173,0,,,,
597,347,secondary_outcomes,0,0,0,verified,226,0,raw,,,locator1_normalize
598,347,key_limitation,0,0,0,flagged,109,0,,,,
599,347,clinical_readiness_assessment,0,0,0,verified,101,0,,,,locator1_normalize
600,364,study_type,0,0,0,verified,127,0,raw,,,locator1_normalize
601,364,robot_platform,0,0,0,verified,166,0,raw,,,locator1_normalize
602,364,task_performed,0,0,0,verified,145,0,raw,,,locator1_normalize
603,364,sample_size,0,1,0,verified,134,0,raw,,,locator1_normalize
604,364,surgical_domain,0,0,0,flagged,130,0,raw,,,locator1_normalize
605,364,autonomy_level,0,0,0,flagged,192,0,,,,locator1_normalize
606,364,validation_setting,0,0,0,verified,176,0,raw,,,locator1_normalize
607,364,task_monitor,0,0,0,flagged,246,0,,,,locator1_normalize
608,364,task_generate,0,0,0,contested,96,0,,,,
609,364,task_select,0,0,0,flagged,96,0,,,,locator1_normalize
610,364,task_execute,0,0,0,flagged,192,0,,,,locator1_normalize
611,364,system_maturity,0,0,0,verified,166,0,raw,,,locator1_normalize
612,364,study_design,0,0,0,verified,160,0,raw,,,locator1_normalize
613,364,country,0,0,0,verified,123,0,raw,,,locator1_normalize
614,364,primary_outcome_metric,0,0,0,verified,136,0,,,,
615,364,primary_outcome_value,0,0,0,verified,153,0,,,,
616,364,comparison_to_human,0,1,0,verified,150,0,,,,locator1_normalize
617,364,secondary_outcomes,0,1,0,verified,136,0,,,,
618,364,key_limitation,0,0,0,flagged,130,0,raw,,,locator1_normalize
619,364,clinical_readiness_assessment,0,0,0,verified,149,0,,,,locator1_normalize
620,366,study_type,0,0,0,verified,226,0,raw,,,locator1_normalize
621,366,robot_platform,0,0,0,flagged,375,0,raw,,,locator1_normalize
622,366,task_performed,0,0,0,verified,128,0,,,,locator1_normalize
623,366,sample_size,0,0,0,flagged,101,0,raw,,,locator1_normalize
624,366,surgical_domain,0,0,0,contested,78,0,,,,
625,366,autonomy_level,0,0,0,verified,92,0,,,,locator1_normalize
626,366,validation_setting,0,0,0,flagged,375,0,raw,,,locator1_normalize
627,366,task_monitor,0,0,0,flagged,98,0,,,,
628,366,task_generate,0,0,0,flagged,62,0,,,,
629,366,task_select,0,0,0,flagged,93,0,,,,
630,366,task_execute,0,0,0,contested,54,0,,,,
631,366,system_maturity,0,0,0,contested,57,0,,,,
632,366,study_design,0,0,0,contested,59,0,,,,
633,366,country,0,0,0,contested,75,0,,,,
634,366,primary_outcome_metric,0,0,0,verified,87,0,raw,,,locator1_normalize
635,366,primary_outcome_value,0,0,0,verified,87,0,raw,,,locator1_normalize
636,366,comparison_to_human,0,1,0,verified,91,0,,,,
637,366,secondary_outcomes,0,0,0,flagged,588,0,,,,
638,366,key_limitation,0,0,0,flagged,261,0,raw,,,locator1_normalize
639,366,clinical_readiness_assessment,0,0,0,verified,104,0,,,,
640,368,study_type,0,0,0,verified,114,0,whitespace,,,locator1_normalize
641,368,robot_platform,0,0,0,verified,654,0,,,,
642,368,task_performed,0,0,0,flagged,188,0,,,,
643,368,sample_size,0,1,0,verified,84,0,,,,
644,368,surgical_domain,0,0,0,flagged,237,0,whitespace,,,locator1_normalize
645,368,autonomy_level,0,0,0,verified,188,0,,,,
646,368,validation_setting,0,0,0,verified,170,0,,,,
647,368,task_monitor,0,0,0,flagged,214,0,,,,
648,368,task_generate,0,0,0,flagged,205,0,,,,
649,368,task_select,0,0,0,flagged,249,0,,,,
650,368,task_execute,0,0,0,verified,188,0,,,,
651,368,system_maturity,0,0,0,verified,205,0,,,,
652,368,study_design,0,0,0,verified,248,0,whitespace,,,locator1_normalize
653,368,country,0,0,0,verified,162,0,,,,
654,368,primary_outcome_metric,0,0,0,verified,151,0,whitespace,,,locator1_normalize
655,368,primary_outcome_value,0,0,0,verified,151,0,whitespace,,,locator1_normalize
656,368,comparison_to_human,0,1,0,verified,70,0,,,,
657,368,secondary_outcomes,0,0,0,verified,1389,0,whitespace,,,locator1_normalize
658,368,key_limitation,0,0,0,verified,156,0,whitespace,,,locator1_normalize
659,368,clinical_readiness_assessment,0,0,0,verified,185,0,,,,
660,370,study_type,0,0,0,verified,359,0,raw,,,locator1_normalize
661,370,robot_platform,0,0,0,verified,638,0,raw,,,locator1_normalize
662,370,task_performed,0,0,0,verified,195,0,raw,,,locator1_normalize
663,370,sample_size,0,0,0,flagged,737,0,raw,,,locator1_normalize
664,370,surgical_domain,0,0,0,flagged,524,0,raw,,,locator1_normalize
665,370,autonomy_level,0,0,0,verified,195,0,raw,,,locator1_normalize
666,370,validation_setting,0,0,0,verified,252,0,raw,,,locator1_normalize
667,370,task_monitor,0,0,0,verified,310,0,,,,
668,370,task_generate,0,0,0,verified,711,0,,,,
669,370,task_select,0,0,0,flagged,237,0,,,,
670,370,task_execute,0,0,0,verified,711,0,,,,
671,370,system_maturity,0,0,0,verified,410,0,raw,,,locator1_normalize
672,370,study_design,0,0,0,verified,380,0,raw,,,locator1_normalize
673,370,country,0,0,0,verified,672,0,whitespace,,,locator1_normalize
674,370,primary_outcome_metric,0,0,0,verified,401,0,raw,,,locator1_normalize
675,370,primary_outcome_value,0,0,0,verified,86,0,raw,,,locator1_normalize
676,370,comparison_to_human,0,0,0,verified,267,0,raw,,,locator1_normalize
677,370,secondary_outcomes,0,0,0,contested,831,0,,,,
678,370,key_limitation,0,0,0,verified,502,0,raw,,,locator1_normalize
679,370,clinical_readiness_assessment,0,0,0,verified,380,0,raw,,,locator1_normalize
680,376,study_type,0,0,0,verified,130,0,raw,,,locator1_normalize
681,376,robot_platform,0,0,0,flagged,91,0,raw,,,locator1_normalize
682,376,task_performed,0,0,0,flagged,131,0,,,,
683,376,sample_size,1,1,0,verified,0,0,,,,
684,376,surgical_domain,0,0,0,verified,162,0,raw,,,locator1_normalize
685,376,autonomy_level,0,0,0,flagged,179,0,raw,,,locator1_normalize
686,376,validation_setting,0,0,0,verified,162,0,raw,,,locator1_normalize
687,376,task_monitor,0,0,0,flagged,174,0,raw,,,locator1_normalize
688,376,task_generate,0,0,0,flagged,145,0,,,,
689,376,task_select,0,0,0,flagged,59,0,,,,locator1_normalize
690,376,task_execute,0,0,0,verified,180,0,,,,
691,376,system_maturity,0,0,0,verified,263,0,raw,,,locator1_normalize
692,376,study_design,0,0,0,verified,267,0,,,,
693,376,country,0,0,0,verified,141,0,raw,,,locator1_normalize
694,376,primary_outcome_metric,0,0,0,verified,94,0,raw,,,locator1_normalize
695,376,primary_outcome_value,0,0,0,verified,94,0,raw,,,locator1_normalize
696,376,comparison_to_human,1,1,0,verified,0,0,,,,
697,376,secondary_outcomes,0,0,0,verified,120,0,raw,,,locator1_normalize
698,376,key_limitation,0,0,0,flagged,205,0,,,,
699,376,clinical_readiness_assessment,0,0,0,verified,179,0,raw,,,locator1_normalize
700,378,study_type,0,0,0,verified,105,0,,,,
701,378,robot_platform,0,0,0,verified,61,0,raw,,,locator1_normalize
702,378,task_performed,0,0,0,verified,138,0,whitespace,,,locator1_normalize
703,378,sample_size,0,0,0,verified,439,0,whitespace,,,locator1_normalize
704,378,surgical_domain,0,0,0,verified,200,0,whitespace,,,locator1_normalize
705,378,autonomy_level,0,0,0,verified,101,0,,,,
706,378,validation_setting,0,0,0,contested,60,0,,,,
707,378,task_monitor,0,0,0,verified,89,0,,,,
708,378,task_generate,0,0,0,flagged,52,0,,,,
709,378,task_select,0,0,0,contested,49,0,,,,
710,378,task_execute,0,0,0,contested,43,0,,,,
711,378,system_maturity,0,0,0,verified,61,0,raw,,,locator1_normalize
712,378,study_design,0,0,0,contested,101,0,,,,
713,378,country,0,0,0,flagged,85,0,,,,
714,378,primary_outcome_metric,0,0,0,verified,91,0,,,,
715,378,primary_outcome_value,0,0,0,contested,118,0,,,,
716,378,comparison_to_human,0,0,0,flagged,118,0,,,,
717,378,secondary_outcomes,0,0,0,contested,114,0,,,,
718,378,key_limitation,0,0,0,verified,155,0,,,,
719,378,clinical_readiness_assessment,0,0,0,verified,158,0,,,,
720,380,study_type,0,0,0,verified,138,0,raw,,,locator1_normalize
721,380,robot_platform,0,0,0,flagged,156,0,,,,locator1_normalize
722,380,task_performed,0,0,0,flagged,190,0,raw,,,locator1_normalize
723,380,sample_size,0,0,0,verified,85,0,raw,,,locator1_normalize
724,380,surgical_domain,0,0,0,verified,133,0,raw,,,locator1_normalize
725,380,autonomy_level,0,0,0,verified,190,0,raw,,,locator1_normalize
726,380,validation_setting,0,0,0,verified,85,0,raw,,,locator1_normalize
727,380,task_monitor,0,0,0,flagged,82,0,raw,,,locator1_normalize
728,380,task_generate,0,0,0,flagged,82,0,raw,,,locator1_normalize
729,380,task_select,0,0,0,verified,190,0,raw,,,locator1_normalize
730,380,task_execute,0,0,0,verified,190,0,raw,,,locator1_normalize
731,380,system_maturity,0,0,0,verified,119,0,raw,,,locator1_normalize
732,380,study_design,0,0,0,verified,93,0,raw,,,locator1_normalize
733,380,country,0,0,0,verified,92,0,,,,
734,380,primary_outcome_metric,0,0,0,verified,91,0,raw,,,locator1_normalize
735,380,primary_outcome_value,0,0,0,verified,91,0,raw,,,locator1_normalize
736,380,comparison_to_human,1,1,0,verified,0,0,,,,
737,380,secondary_outcomes,0,0,0,verified,127,0,,,,
738,380,key_limitation,0,0,0,verified,98,0,raw,,,locator1_normalize
739,380,clinical_readiness_assessment,0,0,0,verified,104,0,raw,,,locator1_normalize
740,383,study_type,0,0,0,verified,236,0,raw,,,locator1_normalize
741,383,robot_platform,0,0,0,flagged,1075,0,,,,
742,383,task_performed,0,0,0,verified,260,0,raw,,,locator1_normalize
743,383,sample_size,0,0,0,flagged,456,0,raw,,,locator1_normalize
744,383,surgical_domain,0,0,0,verified,221,0,,,,
745,383,autonomy_level,0,0,0,flagged,225,0,raw,,,locator1_normalize
746,383,validation_setting,1,0,0,flagged,0,0,,,,
747,383,task_monitor,0,0,0,flagged,117,0,,,,
748,383,task_generate,0,0,0,flagged,155,0,,,,
749,383,task_select,0,0,0,flagged,81,0,raw,,,locator1_normalize
750,383,task_execute,0,0,0,verified,75,0,,,,
751,383,system_maturity,0,0,0,verified,59,0,raw,,,locator1_normalize
752,383,study_design,0,0,0,verified,264,0,raw,,,locator1_normalize
753,383,country,0,0,0,flagged,152,0,raw,,,locator1_normalize
754,383,primary_outcome_metric,0,0,0,verified,172,0,raw,,,locator1_normalize
755,383,primary_outcome_value,0,0,0,verified,172,0,raw,,,locator1_normalize
756,383,comparison_to_human,0,0,0,verified,172,0,raw,,,locator1_normalize
757,383,secondary_outcomes,1,0,0,flagged,0,0,,,,
758,383,key_limitation,0,0,0,flagged,336,0,raw,,,locator1_normalize
759,383,clinical_readiness_assessment,0,0,0,verified,342,0,raw,,,locator1_normalize
760,386,study_type,0,0,0,verified,81,0,raw,,,locator1_normalize
761,386,robot_platform,0,0,0,flagged,90,0,raw,,,locator1_normalize
762,386,task_performed,0,0,0,verified,155,0,raw,,,locator1_normalize
763,386,sample_size,0,0,0,verified,52,0,,,,
764,386,surgical_domain,0,0,0,verified,131,0,raw,,,locator1_normalize
765,386,autonomy_level,0,0,0,verified,71,0,raw,,,locator1_normalize
766,386,validation_setting,0,0,0,verified,117,0,,,,
767,386,task_monitor,0,0,0,contested,81,0,,,,
768,386,task_generate,0,0,0,contested,66,0,,,,
769,386,task_select,0,0,0,flagged,38,0,,,,
770,386,task_execute,0,0,0,flagged,38,0,,,,
771,386,system_maturity,0,0,0,verified,59,0,,,,
772,386,study_design,0,0,0,flagged,72,0,,,,
773,386,country,0,0,0,verified,69,0,raw,,,locator1_normalize
774,386,primary_outcome_metric,0,0,0,flagged,78,0,,,,
775,386,primary_outcome_value,0,0,0,verified,78,0,,,,
776,386,comparison_to_human,0,0,0,verified,56,0,,,,
777,386,secondary_outcomes,0,1,0,verified,38,0,,,,
778,386,key_limitation,0,0,0,flagged,106,0,raw,,,locator1_normalize
779,386,clinical_readiness_assessment,0,0,0,verified,72,0,,,,
780,392,study_type,0,0,0,verified,129,0,raw,,,locator1_normalize
781,392,robot_platform,0,0,0,flagged,236,0,raw,,,locator1_normalize
782,392,task_performed,0,0,0,verified,236,0,raw,,,locator1_normalize
783,392,sample_size,0,1,0,verified,56,0,,,,
784,392,surgical_domain,0,0,0,verified,135,0,,,,
785,392,autonomy_level,0,0,0,verified,258,0,raw,,,locator1_normalize
786,392,validation_setting,0,0,0,flagged,135,0,,,,
787,392,task_monitor,0,0,0,verified,103,0,raw,,,locator1_normalize
788,392,task_generate,0,0,0,flagged,125,0,,,,locator1_normalize
789,392,task_select,0,0,0,flagged,107,0,raw,,,locator1_normalize
790,392,task_execute,0,0,0,verified,141,0,,,,locator1_normalize
791,392,system_maturity,0,0,0,verified,236,0,raw,,,locator1_normalize
792,392,study_design,0,0,0,verified,258,0,raw,,,locator1_normalize
793,392,country,0,0,0,contested,53,0,,,,
794,392,primary_outcome_metric,0,0,0,verified,135,0,raw,,,locator1_normalize
795,392,primary_outcome_value,0,0,0,verified,135,0,raw,,,locator1_normalize
796,392,comparison_to_human,0,1,0,verified,63,0,,,,
797,392,secondary_outcomes,0,0,0,verified,142,0,raw,,,locator1_normalize
798,392,key_limitation,0,0,0,flagged,203,0,raw,,,locator1_normalize
799,392,clinical_readiness_assessment,0,0,0,verified,258,0,raw,,,locator1_normalize
800,395,study_type,0,0,0,verified,176,0,raw,,,locator1_normalize
801,395,robot_platform,0,0,0,verified,184,0,,,,
802,395,task_performed,0,0,0,flagged,106,0,raw,,,locator1_normalize
803,395,sample_size,0,1,0,verified,72,0,,,,
804,395,surgical_domain,0,0,0,verified,134,0,raw,,,locator1_normalize
805,395,autonomy_level,0,0,0,verified,124,0,,,,
806,395,validation_setting,0,0,0,contested,86,0,,,,
807,395,task_monitor,0,0,0,flagged,74,0,,,,
808,395,task_generate,0,0,0,flagged,59,0,,,,
809,395,task_select,0,0,0,flagged,72,0,,,,
810,395,task_execute,0,0,0,contested,52,0,,,,
811,395,system_maturity,0,0,0,contested,60,0,,,,
812,395,study_design,0,0,0,contested,84,0,,,,
813,395,country,0,0,0,verified,117,0,,,,
814,395,primary_outcome_metric,0,0,0,verified,151,0,,,,locator1_normalize
815,395,primary_outcome_value,0,0,0,verified,151,0,,,,locator1_normalize
816,395,comparison_to_human,0,1,0,verified,71,0,,,,
817,395,secondary_outcomes,0,0,0,verified,151,0,,,,locator1_normalize
818,395,key_limitation,0,0,0,flagged,167,0,,,,locator1_normalize
819,395,clinical_readiness_assessment,0,0,0,verified,128,0,raw,,,locator1_normalize
820,400,study_type,0,0,0,verified,145,0,raw,,,locator1_normalize
821,400,robot_platform,0,0,0,verified,308,0,raw,,,locator1_normalize
822,400,task_performed,0,0,0,verified,145,0,raw,,,locator1_normalize
823,400,sample_size,0,1,0,verified,152,0,raw,,,locator1_normalize
824,400,surgical_domain,0,0,0,flagged,212,0,raw,,,locator1_normalize
825,400,autonomy_level,0,0,0,flagged,192,0,raw,,,locator1_normalize
826,400,validation_setting,0,0,0,verified,129,0,raw,,,locator1_normalize
827,400,task_monitor,0,0,0,flagged,162,0,,,,
828,400,task_generate,0,0,0,flagged,192,0,raw,,,locator1_normalize
829,400,task_select,0,1,0,verified,154,0,,,,
830,400,task_execute,0,0,0,verified,139,0,,,,locator1_normalize
831,400,system_maturity,0,0,0,verified,227,0,raw,,,locator1_normalize
832,400,study_design,0,0,0,verified,112,0,raw,,,locator1_normalize
833,400,country,0,0,0,verified,127,0,,,,
834,400,primary_outcome_metric,0,0,0,verified,118,0,,,,locator1_normalize
835,400,primary_outcome_value,0,0,0,verified,161,0,,,,locator1_normalize
836,400,comparison_to_human,0,1,0,verified,152,0,raw,,,locator1_normalize
837,400,secondary_outcomes,0,0,0,contested,218,0,,,,
838,400,key_limitation,0,0,0,verified,219,0,raw,,,locator1_normalize
839,400,clinical_readiness_assessment,0,0,0,verified,152,0,raw,,,locator1_normalize
840,402,study_type,0,0,0,verified,84,0,raw,,,locator1_normalize
841,402,robot_platform,0,0,0,flagged,136,0,raw,,,locator1_normalize
842,402,task_performed,0,0,0,flagged,237,0,raw,,,locator1_normalize
843,402,sample_size,0,1,0,verified,69,0,,,,
844,402,surgical_domain,0,0,0,flagged,140,0,raw,,,locator1_normalize
845,402,autonomy_level,0,0,0,verified,218,0,raw,,,locator1_normalize
846,402,validation_setting,0,0,0,verified,324,0,raw,,,locator1_normalize
847,402,task_monitor,0,0,0,flagged,219,0,,,,
848,402,task_generate,0,0,0,flagged,218,0,raw,,,locator1_normalize
849,402,task_select,0,0,0,flagged,131,0,raw,,,locator1_normalize
850,402,task_execute,0,0,0,flagged,132,0,raw,,,locator1_normalize
851,402,system_maturity,0,0,0,flagged,136,0,raw,,,locator1_normalize
852,402,study_design,0,0,0,verified,237,0,raw,,,locator1_normalize
853,402,country,0,0,0,verified,82,0,raw,,,locator1_normalize
854,402,primary_outcome_metric,0,0,0,contested,249,0,,,,
855,402,primary_outcome_value,0,0,0,flagged,253,0,,,,
856,402,comparison_to_human,0,1,0,verified,84,0,,,,
857,402,secondary_outcomes,0,0,0,flagged,253,0,,,,
858,402,key_limitation,0,0,0,flagged,251,0,raw,,,locator1_normalize
859,402,clinical_readiness_assessment,0,0,0,verified,308,0,,,,locator1_normalize
860,405,study_type,0,0,0,verified,215,0,raw,,,locator1_normalize
861,405,robot_platform,0,0,0,verified,183,0,raw,,,locator1_normalize
862,405,task_performed,0,0,0,flagged,112,0,,,,
863,405,sample_size,0,1,0,verified,66,0,,,,
864,405,surgical_domain,0,0,0,verified,284,0,,,,
865,405,autonomy_level,0,0,0,flagged,204,0,,,,locator1_normalize
866,405,validation_setting,0,0,0,flagged,146,0,raw,,,locator1_normalize
867,405,task_monitor,0,0,0,flagged,138,0,raw,,,locator1_normalize
868,405,task_generate,0,0,0,verified,86,0,,,,
869,405,task_select,0,1,0,verified,59,0,,,,
870,405,task_execute,0,0,0,verified,58,0,,,,locator1_normalize
871,405,system_maturity,0,0,0,verified,168,0,,,,locator1_normalize
872,405,study_design,0,0,0,verified,146,0,raw,,,locator1_normalize
873,405,country,0,0,0,verified,92,0,raw,,,locator1_normalize
874,405,primary_outcome_metric,0,0,0,verified,113,0,,,,
875,405,primary_outcome_value,0,0,0,flagged,212,0,raw,,,locator1_normalize
876,405,comparison_to_human,0,1,0,verified,63,0,,,,
877,405,secondary_outcomes,0,1,0,verified,48,0,,,,
878,405,key_limitation,0,0,0,verified,217,0,raw,,,locator1_normalize
879,405,clinical_readiness_assessment,0,0,0,verified,293,0,raw,,,locator1_normalize
880,406,study_type,0,0,0,verified,346,0,raw,,,locator1_normalize
881,406,robot_platform,0,0,0,verified,94,0,raw,,,locator1_normalize
882,406,task_performed,0,0,0,verified,346,0,raw,,,locator1_normalize
883,406,sample_size,1,1,0,verified,0,0,,,,
884,406,surgical_domain,0,0,0,flagged,158,0,raw,,,locator1_normalize
885,406,autonomy_level,0,0,0,flagged,107,0,,,,
886,406,validation_setting,0,0,0,verified,203,0,,,,
887,406,task_monitor,0,0,0,flagged,84,0,,,,
888,406,task_generate,0,0,0,flagged,75,0,,,,
889,406,task_select,1,1,0,verified,0,0,,,,
890,406,task_execute,0,0,0,contested,61,0,,,,
891,406,system_maturity,0,0,0,contested,54,0,,,,
892,406,study_design,0,0,0,contested,59,0,,,,
893,406,country,0,0,0,contested,55,0,,,,
894,406,primary_outcome_metric,0,0,0,contested,89,0,,,,
895,406,primary_outcome_value,1,1,0,verified,0,0,,,,
896,406,comparison_to_human,1,1,0,verified,0,0,,,,
897,406,secondary_outcomes,1,1,0,verified,0,0,,,,
898,406,key_limitation,0,0,0,verified,68,0,,,,
899,406,clinical_readiness_assessment,0,0,0,verified,60,0,,,,
900,407,study_type,0,0,0,verified,137,0,raw,,,locator1_normalize
901,407,robot_platform,0,0,0,verified,195,0,,,,
902,407,task_performed,0,0,0,flagged,90,0,raw,,,locator1_normalize
903,407,sample_size,0,0,0,flagged,268,0,raw,,,locator1_normalize
904,407,surgical_domain,0,0,0,flagged,91,0,raw,,,locator1_normalize
905,407,autonomy_level,0,0,0,verified,90,0,raw,,,locator1_normalize
906,407,validation_setting,0,0,0,verified,119,0,raw,,,locator1_normalize
907,407,task_monitor,0,0,0,flagged,155,0,,,,
908,407,task_generate,0,0,0,verified,145,0,,,,
909,407,task_select,0,0,0,flagged,90,0,raw,,,locator1_normalize
910,407,task_execute,0,0,0,verified,90,0,raw,,,locator1_normalize
911,407,system_maturity,0,0,0,verified,28,0,,,,
912,407,study_design,0,0,0,verified,178,0,raw,,,locator1_normalize
913,407,country,0,0,0,flagged,50,0,raw,,,locator1_normalize
914,407,primary_outcome_metric,0,0,0,verified,150,0,,,,
915,407,primary_outcome_value,0,0,0,verified,160,0,,,,
916,407,comparison_to_human,0,0,0,flagged,141,0,,,,
917,407,secondary_outcomes,0,0,0,flagged,100,0,raw,,,locator1_normalize
918,407,key_limitation,0,0,0,verified,137,0,raw,,,locator1_normalize
919,407,clinical_readiness_assessment,0,0,0,verified,107,0,,,,locator1_normalize
920,409,study_type,0,0,0,verified,100,0,raw,,,locator1_normalize
921,409,robot_platform,0,0,0,verified,172,0,raw,,,locator1_normalize
922,409,task_performed,0,0,0,verified,122,0,,,,locator1_normalize
923,409,sample_size,1,1,0,verified,0,0,,,,
924,409,surgical_domain,0,0,0,verified,117,0,raw,,,locator1_normalize
925,409,autonomy_level,0,0,0,verified,137,0,raw,,,locator1_normalize
926,409,validation_setting,0,0,0,verified,117,0,raw,,,locator1_normalize
927,409,task_monitor,0,0,0,flagged,127,0,,,,locator1_normalize
928,409,task_generate,0,0,0,flagged,60,0,,,,
929,409,task_select,1,1,0,verified,0,0,,,,
930,409,task_execute,0,0,0,flagged,101,0,,,,locator1_normalize
931,409,system_maturity,0,0,0,verified,172,0,raw,,,locator1_normalize
932,409,study_design,0,0,0,verified,122,0,,,,locator1_normalize
933,409,country,0,0,0,verified,91,0,raw,,,locator1_normalize
934,409,primary_outcome_metric,0,0,0,flagged,81,0,,,,
935,409,primary_outcome_value,0,0,0,verified,81,0,,,,
936,409,comparison_to_human,1,1,0,verified,0,0,,,,
937,409,secondary_outcomes,0,0,0,flagged,228,0,,,,
938,409,key_limitation,0,0,0,verified,101,0,,,,
939,409,clinical_readiness_assessment,0,0,0,verified,203,0,,,,locator1_normalize
940,411,study_type,0,0,0,verified,225,0,raw,,,locator1_normalize
941,411,robot_platform,0,0,0,flagged,148,0,raw,,,locator1_normalize
942,411,task_performed,0,0,0,flagged,100,0,raw,,,locator1_normalize
943,411,sample_size,0,0,0,verified,130,0,raw,,,locator1_normalize
944,411,surgical_domain,0,0,0,verified,134,0,raw,,,locator1_normalize
945,411,autonomy_level,0,0,0,contested,293,0,,,,
946,411,validation_setting,0,0,0,flagged,322,0,,,,
947,411,task_monitor,0,0,0,flagged,193,0,raw,,,locator1_normalize
948,411,task_generate,0,0,0,flagged,185,0,,,,
949,411,task_select,0,0,0,flagged,185,0,,,,
950,411,task_execute,0,0,0,verified,199,0,raw,,,locator1_normalize
951,411,system_maturity,0,0,0,verified,148,0,raw,,,locator1_normalize
952,411,study_design,0,0,0,flagged,100,0,raw,,,locator1_normalize
953,411,country,0,0,0,verified,198,0,raw,,,locator1_normalize
954,411,primary_outcome_metric,0,0,0,verified,207,0,,,,
955,411,primary_outcome_value,0,0,0,verified,207,0,,,,
956,411,comparison_to_human,0,0,0,flagged,207,0,,,,
957,411,secondary_outcomes,0,0,0,flagged,318,0,,,,
958,411,key_limitation,0,0,0,flagged,322,0,,,,
959,411,clinical_readiness_assessment,0,0,0,flagged,290,0,raw,,,locator1_normalize
960,415,Title,0,0,0,flagged,175,0,,,,
961,431,study_type,0,0,0,verified,120,0,raw,,,locator1_normalize
962,431,robot_platform,0,0,0,flagged,138,0,raw,,,locator1_normalize
963,431,task_performed,0,0,0,verified,122,0,raw,,,locator1_normalize
964,431,sample_size,0,0,0,contested,89,0,,,,
965,431,surgical_domain,0,0,0,flagged,120,0,raw,,,locator1_normalize
966,431,autonomy_level,0,0,0,flagged,91,0,,,,locator1_normalize
967,431,validation_setting,0,0,0,verified,157,0,raw,,,locator1_normalize
968,431,task_monitor,0,0,0,flagged,110,0,,,,
969,431,task_generate,0,0,0,flagged,188,0,,,,locator1_normalize
970,431,task_select,0,0,0,verified,86,0,,,,
971,431,task_execute,0,0,0,verified,91,0,,,,locator1_normalize
972,431,system_maturity,0,0,0,verified,79,0,,,,locator1_normalize
973,431,study_design,0,0,0,verified,157,0,raw,,,locator1_normalize
974,431,country,0,0,0,verified,70,0,whitespace,,,locator1_normalize
975,431,primary_outcome_metric,0,0,0,verified,65,0,raw,,,locator1_normalize
976,431,primary_outcome_value,0,0,0,verified,65,0,raw,,,locator1_normalize
977,431,comparison_to_human,0,1,0,verified,23,0,,,,
978,431,secondary_outcomes,0,0,0,flagged,118,0,,,,locator1_normalize
979,431,key_limitation,0,0,0,verified,189,0,raw,,,locator1_normalize
980,431,clinical_readiness_assessment,0,0,0,verified,157,0,raw,,,locator1_normalize
981,432,study_type,0,0,0,contested,95,0,,,,
982,432,robot_platform,0,0,0,verified,102,0,,,,
983,432,task_performed,0,0,0,contested,77,0,,,,
984,432,sample_size,0,0,0,flagged,246,0,raw,,,locator1_normalize
985,432,surgical_domain,0,0,0,contested,37,0,,,,
986,432,autonomy_level,0,0,0,contested,77,0,,,,
987,432,validation_setting,0,0,0,contested,46,0,,,,
988,432,task_monitor,0,0,0,contested,45,0,,,,
989,432,task_generate,0,0,0,contested,46,0,,,,
990,432,task_select,0,0,0,contested,36,0,,,,
991,432,task_execute,0,0,0,contested,58,0,,,,
992,432,system_maturity,0,0,0,contested,33,0,,,,
993,432,study_design,0,0,0,contested,39,0,,,,
994,432,country,0,0,0,contested,52,0,,,,
995,432,primary_outcome_metric,0,0,0,contested,38,0,,,,
996,432,primary_outcome_value,0,0,0,verified,41,0,,,,locator1_normalize
997,432,comparison_to_human,0,1,0,verified,45,0,,,,
998,432,secondary_outcomes,0,0,0,flagged,66,0,,,,
999,432,key_limitation,0,0,0,verified,34,0,,,,
1000,432,clinical_readiness_assessment,0,0,0,verified,36,0,,,,
1001,433,study_type,0,0,0,verified,216,0,,,,
1002,433,robot_platform,0,0,0,verified,221,0,raw,,,locator1_normalize
1003,433,task_performed,0,0,0,verified,273,0,raw,,,locator1_normalize
1004,433,sample_size,0,0,0,flagged,78,0,,,,
1005,433,surgical_domain,0,0,0,verified,134,0,raw,,,locator1_normalize
1006,433,autonomy_level,0,0,0,verified,257,0,,,,locator1_normalize
1007,433,validation_setting,0,0,0,contested,78,0,,,,
1008,433,task_monitor,0,0,0,contested,67,0,,,,
1009,433,task_generate,0,0,0,contested,84,0,,,,
1010,433,task_select,0,0,0,contested,65,0,,,,
1011,433,task_execute,0,0,0,contested,65,0,,,,
1012,433,system_maturity,0,0,0,contested,59,0,,,,
1013,433,study_design,0,0,0,verified,221,0,raw,,,locator1_normalize
1014,433,country,0,0,0,flagged,93,0,,,,
1015,433,primary_outcome_metric,0,0,0,flagged,327,0,,,,
1016,433,primary_outcome_value,0,0,0,flagged,39,0,,,,
1017,433,comparison_to_human,0,1,0,verified,70,0,,,,
1018,433,secondary_outcomes,0,0,0,flagged,72,0,,,,
1019,433,key_limitation,0,0,0,flagged,59,0,raw,,,locator1_normalize
1020,433,clinical_readiness_assessment,0,0,0,verified,80,0,,,,
1021,434,study_type,0,0,0,verified,239,0,raw,,,locator1_normalize
1022,434,robot_platform,0,0,0,verified,150,0,raw,,,locator1_normalize
1023,434,task_performed,0,0,0,verified,82,0,,,,
1024,434,sample_size,0,0,0,flagged,75,0,,,,
1025,434,surgical_domain,0,0,0,contested,65,0,,,,
1026,434,autonomy_level,0,0,0,contested,82,0,,,,
1027,434,validation_setting,0,0,0,flagged,60,0,,,,
1028,434,task_monitor,0,0,0,contested,74,0,,,,
1029,434,task_generate,0,0,0,contested,66,0,,,,
1030,434,task_select,0,0,0,contested,45,0,,,,
1031,434,task_execute,0,0,0,contested,49,0,,,,
1032,434,system_maturity,0,0,0,contested,55,0,,,,
1033,434,study_design,0,0,0,contested,89,0,,,,
1034,434,country,0,0,0,contested,62,0,,,,
1035,434,primary_outcome_metric,0,0,0,contested,50,0,,,,
1036,434,primary_outcome_value,0,0,0,contested,50,0,,,,
1037,434,comparison_to_human,0,1,0,verified,59,0,,,,
1038,434,secondary_outcomes,0,0,0,contested,45,0,,,,
1039,434,key_limitation,0,0,0,verified,83,0,,,,
1040,434,clinical_readiness_assessment,0,0,0,verified,74,0,,,,
1041,439,study_type,0,0,0,verified,160,0,whitespace,,,locator1_normalize
1042,439,robot_platform,0,0,0,verified,157,0,whitespace,,,locator1_normalize
1043,439,task_performed,0,0,0,verified,143,0,whitespace,,,locator1_normalize
1044,439,sample_size,0,0,0,flagged,218,0,whitespace,,,locator1_normalize
1045,439,surgical_domain,0,0,0,verified,152,0,whitespace,,,locator1_normalize
1046,439,autonomy_level,0,0,0,verified,164,0,,,,
1047,439,validation_setting,0,0,0,flagged,211,0,whitespace,,,locator1_normalize
1048,439,task_monitor,0,0,0,flagged,399,0,,,,
1049,439,task_generate,0,0,0,verified,105,0,whitespace,,,locator1_normalize
1050,439,task_select,0,0,0,flagged,124,0,whitespace,,,locator1_normalize
1051,439,task_execute,0,0,0,verified,77,0,whitespace,,,locator1_normalize
1052,439,system_maturity,0,0,0,verified,167,0,raw,,,locator1_normalize
1053,439,study_design,0,0,0,flagged,176,0,whitespace,,,locator1_normalize
1054,439,country,0,0,0,flagged,136,0,whitespace,,,locator1_normalize
1055,439,primary_outcome_metric,0,0,0,verified,141,0,whitespace,,,locator1_normalize
1056,439,primary_outcome_value,0,0,0,verified,141,0,whitespace,,,locator1_normalize
1057,439,comparison_to_human,0,0,0,verified,268,0,,,,
1058,439,secondary_outcomes,0,0,0,contested,50,0,,,,
1059,439,key_limitation,0,0,0,verified,214,0,,,,
1060,439,clinical_readiness_assessment,0,0,0,verified,203,0,whitespace,,,locator1_normalize
1061,442,study_type,0,0,0,contested,97,0,,,,
1062,442,robot_platform,0,0,0,contested,71,0,,,,
1063,442,task_performed,0,0,0,contested,59,0,,,,
1064,442,sample_size,0,0,0,verified,56,0,,,,
1065,442,surgical_domain,0,0,0,contested,48,0,,,,
1066,442,autonomy_level,0,0,0,flagged,78,0,,,,
1067,442,validation_setting,0,0,0,contested,51,0,,,,
1068,442,task_monitor,0,0,0,contested,64,0,,,,
1069,442,task_generate,0,0,0,contested,41,0,,,,
1070,442,task_select,0,0,0,contested,46,0,,,,
1071,442,task_execute,0,0,0,contested,56,0,,,,
1072,442,system_maturity,0,0,0,contested,61,0,,,,
1073,442,study_design,0,0,0,contested,62,0,,,,
1074,442,country,0,0,0,contested,66,0,,,,
1075,442,primary_outcome_metric,0,0,0,contested,39,0,,,,
1076,442,primary_outcome_value,0,0,0,contested,39,0,,,,
1077,442,comparison_to_human,0,0,0,flagged,68,0,,,,
1078,442,secondary_outcomes,0,0,0,contested,50,0,,,,
1079,442,key_limitation,0,0,0,verified,52,0,,,,
1080,442,clinical_readiness_assessment,0,0,0,verified,42,0,,,,
1081,445,study_type,0,0,0,verified,224,0,raw,,,locator1_normalize
1082,445,robot_platform,0,0,0,contested,218,0,,,,
1083,445,task_performed,0,0,0,verified,404,0,raw,,,locator1_normalize
1084,445,sample_size,0,0,0,flagged,389,0,raw,,,locator1_normalize
1085,445,surgical_domain,0,0,0,verified,277,0,raw,,,locator1_normalize
1086,445,autonomy_level,0,0,0,verified,187,0,,,,
1087,445,validation_setting,0,0,0,flagged,193,0,,,,
1088,445,task_monitor,0,0,0,flagged,127,0,,,,
1089,445,task_generate,0,0,0,verified,295,0,,,,
1090,445,task_select,0,0,0,verified,144,0,raw,,,locator1_normalize
1091,445,task_execute,0,0,0,flagged,104,0,,,,
1092,445,system_maturity,0,0,0,verified,134,0,,,,
1093,445,study_design,0,0,0,verified,160,0,raw,,,locator1_normalize
1094,445,country,0,0,0,contested,144,0,,,,
1095,445,primary_outcome_metric,0,0,0,verified,159,0,,,,
1096,445,primary_outcome_value,0,0,0,verified,159,0,,,,
1097,445,comparison_to_human,0,0,0,flagged,110,0,raw,,,locator1_normalize
1098,445,secondary_outcomes,0,0,0,flagged,233,0,,,,
1099,445,key_limitation,0,0,0,verified,199,0,,,,locator1_normalize
1100,445,clinical_readiness_assessment,0,0,0,verified,277,0,raw,,,locator1_normalize
1101,449,study_type,0,0,0,verified,152,0,raw,,,locator1_normalize
1102,449,robot_platform,0,0,0,verified,190,0,,,,
1103,449,task_performed,0,0,0,verified,111,0,raw,,,locator1_normalize
1104,449,sample_size,0,1,0,verified,84,0,,,,
1105,449,surgical_domain,0,0,0,flagged,341,0,raw,,,locator1_normalize
1106,449,autonomy_level,0,0,0,flagged,180,0,raw,,,locator1_normalize
1107,449,validation_setting,0,0,0,verified,164,0,raw,,,locator1_normalize
1108,449,task_monitor,0,0,0,flagged,172,0,raw,,,locator1_normalize
1109,449,task_generate,0,0,0,flagged,97,0,raw,,,locator1_normalize
1110,449,task_select,0,0,0,flagged,76,0,raw,,,locator1_normalize
1111,449,task_execute,0,0,0,verified,190,0,,,,
1112,449,system_maturity,0,0,0,verified,106,0,,,,locator1_normalize
1113,449,study_design,0,0,0,verified,105,0,raw,,,locator1_normalize
1114,449,country,0,0,0,verified,149,0,raw,,,locator1_normalize
1115,449,primary_outcome_metric,0,0,0,contested,69,0,,,,
1116,449,primary_outcome_value,0,0,0,verified,307,0,whitespace,,,locator1_normalize
1117,449,comparison_to_human,0,1,0,verified,89,0,,,,
1118,449,secondary_outcomes,0,0,0,flagged,307,0,whitespace,,,locator1_normalize
1119,449,key_limitation,0,0,0,flagged,223,0,raw,,,locator1_normalize
1120,449,clinical_readiness_assessment,0,0,0,verified,106,0,,,,locator1_normalize
1121,453,study_type,0,0,0,verified,104,0,raw,,,locator1_normalize
1122,453,robot_platform,0,0,0,verified,141,0,raw,,,locator1_normalize
1123,453,task_performed,0,0,0,flagged,165,0,raw,,,locator1_normalize
1124,453,sample_size,0,1,0,verified,83,0,,,,
1125,453,surgical_domain,0,0,0,flagged,238,0,raw,,,locator1_normalize
1126,453,autonomy_level,0,0,0,flagged,165,0,raw,,,locator1_normalize
1127,453,validation_setting,0,0,0,verified,238,0,raw,,,locator1_normalize
1128,453,task_monitor,0,0,0,verified,133,0,raw,,,locator1_normalize
1129,453,task_generate,0,0,0,flagged,165,0,raw,,,locator1_normalize
1130,453,task_select,0,0,0,flagged,165,0,raw,,,locator1_normalize
1131,453,task_execute,0,0,0,verified,141,0,raw,,,locator1_normalize
1132,453,system_maturity,0,0,0,verified,141,0,raw,,,locator1_normalize
1133,453,study_design,0,0,0,flagged,238,0,raw,,,locator1_normalize
1134,453,country,0,0,0,flagged,142,0,raw,,,locator1_normalize
1135,453,primary_outcome_metric,0,0,0,verified,110,0,raw,,,locator1_normalize
1136,453,primary_outcome_value,0,0,0,flagged,111,0,raw,,,locator1_normalize
1137,453,comparison_to_human,0,1,0,verified,89,0,,,,
1138,453,secondary_outcomes,0,0,0,flagged,111,0,raw,,,locator1_normalize
1139,453,key_limitation,0,0,0,flagged,126,0,raw,,,locator1_normalize
1140,453,clinical_readiness_assessment,0,0,0,flagged,238,0,raw,,,locator1_normalize
1141,455,study_type,0,0,1,verified,95,0,,de_hyphenated,raw,
1142,455,robot_platform,0,0,1,verified,153,0,,de_hyphenated,raw,
1143,455,task_performed,0,0,1,verified,247,0,,,,
1144,455,sample_size,1,1,1,verified,0,0,,,,
1145,455,surgical_domain,0,0,1,contested,114,0,,,,
1146,455,autonomy_level,0,0,1,contested,113,0,,,,
1147,455,validation_setting,0,0,1,flagged,85,0,,,,
1148,455,task_monitor,0,0,1,flagged,72,0,,,,
1149,455,task_generate,0,0,1,flagged,72,0,,,,
1150,455,task_select,0,0,1,flagged,56,0,,,,
1151,455,task_execute,0,0,1,contested,55,0,,,,
1152,455,system_maturity,0,0,1,contested,56,0,,,,
1153,455,study_design,0,0,1,contested,104,0,,,,
1154,455,country,0,0,1,contested,105,0,,,,
1155,455,primary_outcome_metric,0,0,1,verified,163,0,,whitespace,raw,
1156,455,primary_outcome_value,0,0,1,verified,59,0,,,,
1157,455,comparison_to_human,1,1,1,verified,0,0,,,,
1158,455,secondary_outcomes,1,1,1,verified,0,0,,,,
1159,455,key_limitation,0,0,1,verified,121,0,,,,
1160,455,clinical_readiness_assessment,0,0,1,verified,97,0,,,,
1161,457,study_type,0,0,0,verified,105,0,,,,locator1_normalize
1162,457,robot_platform,0,0,0,verified,135,0,raw,,,locator1_normalize
1163,457,task_performed,0,0,0,verified,92,0,,,,
1164,457,sample_size,1,1,0,verified,0,0,,,,
1165,457,surgical_domain,0,0,0,verified,97,0,,,,
1166,457,autonomy_level,0,0,0,verified,66,0,,,,
1167,457,validation_setting,0,0,0,verified,97,0,,,,
1168,457,task_monitor,0,0,0,verified,82,0,raw,,,locator1_normalize
1169,457,task_generate,0,0,0,verified,66,0,,,,
1170,457,task_select,0,0,0,verified,66,0,,,,
1171,457,task_execute,0,0,0,verified,66,0,,,,
1172,457,system_maturity,0,0,0,verified,66,0,,,,
1173,457,study_design,0,0,0,verified,105,0,,,,locator1_normalize
1174,457,country,0,0,0,verified,154,0,,,,
1175,457,primary_outcome_metric,0,0,0,flagged,120,0,,,,
1176,457,primary_outcome_value,0,0,0,verified,120,0,,,,
1177,457,comparison_to_human,1,1,0,verified,0,0,,,,
1178,457,secondary_outcomes,1,1,0,verified,0,0,,,,
1179,457,key_limitation,0,0,0,flagged,159,0,,,,
1180,457,clinical_readiness_assessment,0,0,0,verified,97,0,,,,
1181,458,study_type,0,0,0,verified,90,0,,,,
1182,458,robot_platform,0,0,0,verified,442,0,,,,locator1_normalize
1183,458,task_performed,0,0,0,verified,219,0,raw,,,locator1_normalize
1184,458,sample_size,0,0,0,verified,174,0,raw,,,locator1_normalize
1185,458,surgical_domain,0,0,0,flagged,385,0,raw,,,locator1_normalize
1186,458,autonomy_level,0,0,0,verified,219,0,raw,,,locator1_normalize
1187,458,validation_setting,1,0,0,flagged,0,0,,,,
1188,458,task_monitor,1,0,0,flagged,0,0,,,,
1189,458,task_generate,0,0,0,flagged,385,0,raw,,,locator1_normalize
1190,458,task_execute,0,0,0,verified,385,0,raw,,,locator1_normalize
1191,458,system_maturity,0,0,0,verified,544,0,,,,locator1_normalize
1192,458,study_design,0,0,0,verified,90,0,,,,
1193,458,country,0,0,0,verified,81,0,,,,
1194,458,primary_outcome_metric,0,1,0,verified,22,0,,,,
1195,458,primary_outcome_value,0,1,0,verified,22,0,,,,
1196,458,comparison_to_human,0,1,0,verified,30,0,,,,
1197,458,secondary_outcomes,0,1,0,verified,31,0,,,,
1198,458,key_limitation,0,0,0,verified,352,0,raw,,,locator1_normalize
1199,458,clinical_readiness_assessment,0,0,0,verified,219,0,raw,,,locator1_normalize
1200,459,study_type,0,0,0,contested,97,0,,,,
1201,459,robot_platform,0,0,0,verified,148,0,raw,,,locator1_normalize
1202,459,task_performed,0,0,0,verified,102,0,,,,
1203,459,sample_size,0,1,0,verified,33,0,,,,
1204,459,surgical_domain,0,0,0,flagged,183,0,raw,,,locator1_normalize
1205,459,autonomy_level,0,0,0,verified,96,0,raw,,,locator1_normalize
1206,459,validation_setting,0,0,0,verified,183,0,raw,,,locator1_normalize
1207,459,task_monitor,0,0,0,contested,74,0,,,,
1208,459,task_generate,0,0,0,contested,54,0,,,,
1209,459,task_select,0,1,0,verified,40,0,,,,
1210,459,task_execute,0,0,0,verified,53,0,,,,
1211,459,system_maturity,0,0,0,verified,68,0,raw,,,locator1_normalize
1212,459,study_design,0,0,0,contested,117,0,,,,
1213,459,country,0,0,0,verified,158,0,,,,
1214,459,primary_outcome_metric,0,0,0,verified,106,0,,,,
1215,459,primary_outcome_value,0,0,0,verified,106,0,,,,
1216,459,comparison_to_human,0,1,0,verified,44,0,,,,
1217,459,secondary_outcomes,0,0,0,verified,66,0,raw,,,locator1_normalize
1218,459,key_limitation,0,0,0,flagged,123,0,raw,,,locator1_normalize
1219,459,clinical_readiness_assessment,0,0,0,flagged,162,0,raw,,,locator1_normalize
1220,460,study_type,0,0,0,verified,148,0,raw,,,locator1_normalize
1221,460,robot_platform,0,0,0,verified,46,0,raw,,,locator1_normalize
1222,460,task_performed,0,0,0,verified,165,0,raw,,,locator1_normalize
1223,460,sample_size,0,0,0,verified,178,0,raw,,,locator1_normalize
1224,460,surgical_domain,1,0,0,flagged,0,0,,,,
1225,460,autonomy_level,0,0,0,verified,343,0,raw,,,locator1_normalize
1226,460,validation_setting,1,0,0,flagged,0,0,,,,
1227,460,task_monitor,1,0,0,flagged,0,0,,,,
1228,460,task_generate,0,0,0,verified,343,0,raw,,,locator1_normalize
1229,460,task_select,0,0,0,verified,343,0,raw,,,locator1_normalize
1230,460,task_execute,0,0,0,verified,343,0,raw,,,locator1_normalize
1231,460,system_maturity,0,0,0,verified,46,0,raw,,,locator1_normalize
1232,460,study_design,0,0,0,flagged,148,0,raw,,,locator1_normalize
1233,460,country,0,0,0,verified,59,0,raw,,,locator1_normalize
1234,460,primary_outcome_metric,0,0,0,contested,64,0,,,,
1235,460,primary_outcome_value,0,0,0,contested,64,0,,,,
1236,460,comparison_to_human,0,0,0,contested,78,0,,,,
1237,460,secondary_outcomes,0,0,0,flagged,60,0,,,,
1238,460,key_limitation,0,0,0,flagged,142,0,raw,,,locator1_normalize
1239,460,clinical_readiness_assessment,0,0,0,verified,151,0,raw,,,locator1_normalize
1240,461,study_type,0,0,0,verified,220,0,raw,,,locator1_normalize
1241,461,robot_platform,0,0,0,verified,207,0,raw,,,locator1_normalize
1242,461,task_performed,0,0,0,flagged,169,0,raw,,,locator1_normalize
1243,461,sample_size,0,0,0,verified,76,0,raw,,,locator1_normalize
1244,461,surgical_domain,0,0,0,verified,95,0,raw,,,locator1_normalize
1245,461,autonomy_level,0,0,0,verified,144,0,,,,
1246,461,validation_setting,0,0,0,verified,95,0,raw,,,locator1_normalize
1247,461,task_monitor,0,0,0,verified,109,0,,,,
1248,461,task_generate,0,0,0,flagged,77,0,,,,
1249,461,task_select,0,0,0,verified,67,0,,,,
1250,461,task_execute,0,0,0,verified,75,0,,,,locator1_normalize
1251,461,system_maturity,0,0,0,verified,71,0,,,,
1252,461,study_design,0,0,0,flagged,220,0,raw,,,locator1_normalize
1253,461,country,0,0,0,verified,132,0,raw,,,locator1_normalize
1254,461,primary_outcome_metric,0,0,0,flagged,184,0,raw,,,locator1_normalize
1255,461,primary_outcome_value,0,0,0,verified,184,0,raw,,,locator1_normalize
1256,461,comparison_to_human,0,1,0,verified,22,0,,,,
1257,461,secondary_outcomes,0,1,0,verified,2,0,,,,locator1_normalize
1258,461,key_limitation,0,0,0,verified,107,0,raw,,,locator1_normalize
1259,461,clinical_readiness_assessment,0,0,0,verified,144,0,,,,
1260,462,study_type,0,0,0,verified,177,0,raw,,,locator1_normalize
1261,462,robot_platform,0,0,0,verified,142,0,raw,,,locator1_normalize
1262,462,task_performed,0,0,0,verified,145,0,raw,,,locator1_normalize
1263,462,sample_size,1,1,0,verified,0,0,,,,
1264,462,surgical_domain,0,0,0,verified,139,0,raw,,,locator1_normalize
1265,462,autonomy_level,0,0,0,verified,98,0,,,,
1266,462,validation_setting,0,0,0,contested,68,0,,,,
1267,462,task_monitor,0,0,0,contested,64,0,,,,
1268,462,task_generate,0,0,0,contested,46,0,,,,
1269,462,task_select,0,0,0,contested,51,0,,,,
1270,462,task_execute,0,0,0,contested,51,0,,,,
1271,462,system_maturity,0,0,0,contested,43,0,,,,
1272,462,study_design,0,0,0,verified,140,0,,,,
1273,462,country,0,0,0,contested,59,0,,,,
1274,462,primary_outcome_metric,0,0,0,verified,62,0,raw,,,locator1_normalize
1275,462,primary_outcome_value,0,0,0,contested,46,0,,,,
1276,462,comparison_to_human,0,0,0,flagged,100,0,,,,locator1_normalize
1277,462,secondary_outcomes,0,0,0,verified,99,0,,,,
1278,462,key_limitation,0,0,0,verified,111,0,raw,,,locator1_normalize
1279,462,clinical_readiness_assessment,0,0,0,verified,68,0,,,,
1280,463,study_type,0,0,0,verified,79,0,raw,,,locator1_normalize
1281,463,robot_platform,0,0,0,verified,95,0,raw,,,locator1_normalize
1282,463,task_performed,0,0,0,flagged,527,0,raw,,,locator1_normalize
1283,463,sample_size,0,0,0,verified,50,0,raw,,,locator1_normalize
1284,463,surgical_domain,0,0,0,verified,69,0,raw,,,locator1_normalize
1285,463,autonomy_level,0,0,0,verified,155,0,raw,,,locator1_normalize
1286,463,validation_setting,0,0,0,verified,190,0,raw,,,locator1_normalize
1287,463,task_monitor,0,0,0,flagged,76,0,raw,,,locator1_normalize
1288,463,task_generate,0,0,0,flagged,155,0,raw,,,locator1_normalize
1289,463,task_select,0,0,0,verified,155,0,raw,,,locator1_normalize
1290,463,task_execute,0,0,0,flagged,57,0,raw,,,locator1_normalize
1291,463,system_maturity,0,0,0,verified,69,0,raw,,,locator1_normalize
1292,463,study_design,0,0,0,verified,79,0,raw,,,locator1_normalize
1293,463,country,0,0,0,verified,185,0,raw,,,locator1_normalize
1294,463,primary_outcome_metric,0,0,0,flagged,166,0,raw,,,locator1_normalize
1295,463,primary_outcome_value,0,0,0,flagged,71,0,,,,locator1_normalize
1296,463,comparison_to_human,0,1,0,verified,164,0,raw,,,locator1_normalize
1297,463,secondary_outcomes,0,0,0,flagged,71,0,,,,locator1_normalize
1298,463,key_limitation,0,0,0,verified,217,0,,,,
1299,463,clinical_readiness_assessment,0,0,0,verified,164,0,raw,,,locator1_normalize
1300,464,study_type,0,0,0,verified,195,0,raw,,,locator1_normalize
1301,464,robot_platform,0,0,0,verified,92,0,raw,,,locator1_normalize
1302,464,task_performed,0,0,0,flagged,255,0,,,,
1303,464,sample_size,0,0,0,verified,82,0,,,,
1304,464,surgical_domain,0,0,0,verified,118,0,,,,
1305,464,autonomy_level,0,0,0,verified,137,0,,,,
1306,464,validation_setting,0,0,0,flagged,162,0,raw,,,locator1_normalize
1307,464,task_monitor,0,0,0,flagged,129,0,raw,,,locator1_normalize
1308,464,task_generate,0,0,0,flagged,120,0,,,,
1309,464,task_select,0,1,0,verified,82,0,,,,
1310,464,task_execute,0,0,0,verified,137,0,,,,
1311,464,system_maturity,0,0,0,verified,92,0,raw,,,locator1_normalize
1312,464,study_design,0,0,0,flagged,167,0,,,,
1313,464,country,0,0,0,verified,184,0,,,,
1314,464,primary_outcome_metric,0,0,0,verified,64,0,raw,,,locator1_normalize
1315,464,primary_outcome_value,0,0,0,verified,64,0,raw,,,locator1_normalize
1316,464,comparison_to_human,0,0,0,flagged,64,0,raw,,,locator1_normalize
1317,464,secondary_outcomes,0,0,0,flagged,82,0,,,,
1318,464,key_limitation,0,0,0,flagged,176,0,raw,,,locator1_normalize
1319,464,clinical_readiness_assessment,0,0,0,verified,162,0,raw,,,locator1_normalize
1320,466,study_type,0,0,0,verified,210,0,raw,,,locator1_normalize
1321,466,robot_platform,0,0,0,verified,141,0,raw,,,locator1_normalize
1322,466,task_performed,0,0,0,verified,208,0,,,,
1323,466,sample_size,1,1,0,verified,0,0,,,,
1324,466,surgical_domain,0,0,0,flagged,87,0,raw,,,locator1_normalize
1325,466,autonomy_level,0,0,0,verified,210,0,raw,,,locator1_normalize
1326,466,validation_setting,0,0,0,flagged,141,0,raw,,,locator1_normalize
1327,466,task_monitor,0,0,0,contested,80,0,,,,
1328,466,task_generate,0,0,0,contested,61,0,,,,
1329,466,task_select,0,0,0,flagged,64,0,,,,
1330,466,task_execute,0,0,0,contested,42,0,,,,
1331,466,system_maturity,0,0,0,verified,141,0,raw,,,locator1_normalize
1332,466,study_design,0,0,0,verified,210,0,raw,,,locator1_normalize
1333,466,country,0,0,0,verified,81,0,raw,,,locator1_normalize
1334,466,primary_outcome_metric,0,0,0,verified,234,0,raw,,,locator1_normalize
1335,466,primary_outcome_value,0,0,0,verified,234,0,raw,,,locator1_normalize
1336,466,comparison_to_human,0,0,0,verified,234,0,raw,,,locator1_normalize
1337,466,secondary_outcomes,0,0,0,verified,234,0,raw,,,locator1_normalize
1338,466,key_limitation,0,0,0,flagged,156,0,raw,,,locator1_normalize
1339,466,clinical_readiness_assessment,0,0,0,flagged,141,0,raw,,,locator1_normalize
1340,467,study_type,0,0,0,verified,199,0,raw,,,locator1_normalize
1341,467,robot_platform,0,0,0,verified,126,0,raw,,,locator1_normalize
1342,467,task_performed,0,0,0,flagged,65,0,raw,,,locator1_normalize
1343,467,sample_size,0,0,0,verified,114,0,raw,,,locator1_normalize
1344,467,surgical_domain,0,0,0,verified,144,0,raw,,,locator1_normalize
1345,467,autonomy_level,1,0,0,flagged,0,0,,,,
1346,467,validation_setting,0,0,0,verified,137,0,raw,,,locator1_normalize
1347,467,task_monitor,0,0,0,verified,124,0,raw,,,locator1_normalize
1348,467,task_generate,0,0,0,flagged,48,0,,,,locator1_normalize
1349,467,task_select,0,0,0,flagged,108,0,,,,
1350,467,task_execute,0,0,0,verified,148,0,raw,,,locator1_normalize
1351,467,system_maturity,0,0,0,verified,126,0,raw,,,locator1_normalize
1352,467,study_design,0,0,0,verified,199,0,raw,,,locator1_normalize
1353,467,country,0,0,0,verified,164,0,raw,,,locator1_normalize
1354,467,primary_outcome_metric,0,0,0,flagged,101,0,raw,,,locator1_normalize
1355,467,primary_outcome_value,0,0,0,flagged,133,0,raw,,,locator1_normalize
1356,467,comparison_to_human,0,1,0,verified,23,0,,,,
1357,467,secondary_outcomes,0,0,0,flagged,66,0,,,,locator1_normalize
1358,467,key_limitation,0,0,0,flagged,103,0,raw,,,locator1_normalize
1359,467,clinical_readiness_assessment,0,0,0,verified,175,0,,,,
1360,470,study_type,0,0,0,verified,115,0,raw,,,locator1_normalize
1361,470,robot_platform,0,0,0,flagged,144,0,,,,
1362,470,task_performed,0,0,0,verified,59,0,raw,,,locator1_normalize
1363,470,sample_size,0,0,0,verified,48,0,raw,,,locator1_normalize
1364,470,surgical_domain,1,0,0,flagged,0,0,,,,
1365,470,autonomy_level,0,0,0,verified,123,0,,,,
1366,470,validation_setting,0,0,0,verified,69,0,raw,,,locator1_normalize
1367,470,task_monitor,0,0,0,flagged,115,0,raw,,,locator1_normalize
1368,470,task_generate,0,0,0,verified,126,0,,,,
1369,470,task_select,0,0,0,flagged,118,0,,,,locator1_normalize
1370,470,task_execute,0,0,0,verified,94,0,,,,locator1_normalize
1371,470,system_maturity,0,0,0,verified,288,0,raw,,,locator1_normalize
1372,470,study_design,0,0,0,verified,155,0,raw,,,locator1_normalize
1373,470,country,0,0,0,verified,144,0,raw,,,locator1_normalize
1374,470,primary_outcome_metric,0,0,0,verified,28,0,,,,
1375,470,primary_outcome_value,0,0,0,contested,87,0,,,,
1376,470,comparison_to_human,0,0,0,contested,105,0,,,,
1377,470,secondary_outcomes,0,0,0,flagged,76,0,,,,
1378,470,key_limitation,0,0,0,flagged,69,0,raw,,,locator1_normalize
1379,470,clinical_readiness_assessment,0,0,0,flagged,96,0,,,,locator1_normalize
1380,472,study_type,0,0,0,verified,150,0,raw,,,locator1_normalize
1381,472,robot_platform,0,0,0,verified,101,0,,,,
1382,472,task_performed,0,0,0,flagged,189,0,raw,,,locator1_normalize
1383,472,sample_size,0,0,0,verified,46,0,raw,,,locator1_normalize
1384,472,surgical_domain,0,0,0,flagged,343,0,raw,,,locator1_normalize
1385,472,autonomy_level,0,0,0,flagged,142,0,raw,,,locator1_normalize
1386,472,validation_setting,0,0,0,flagged,152,0,raw,,,locator1_normalize
1387,472,task_monitor,0,0,0,flagged,97,0,raw,,,locator1_normalize
1388,472,task_generate,0,0,0,verified,150,0,raw,,,locator1_normalize
1389,472,task_select,0,0,0,flagged,142,0,raw,,,locator1_normalize
1390,472,task_execute,0,0,0,verified,150,0,raw,,,locator1_normalize
1391,472,system_maturity,0,0,0,verified,152,0,raw,,,locator1_normalize
1392,472,study_design,0,0,0,verified,492,0,raw,,,locator1_normalize
1393,472,country,1,0,0,flagged,0,0,,,,
1394,472,primary_outcome_metric,0,0,0,verified,160,0,raw,,,locator1_normalize
1395,472,primary_outcome_value,0,0,0,contested,25,0,,,,
1396,472,comparison_to_human,0,1,0,verified,117,0,raw,,,locator1_normalize
1397,472,secondary_outcomes,0,0,0,verified,35,0,,,,
1398,472,key_limitation,0,0,0,flagged,126,0,raw,,,locator1_normalize
1399,472,clinical_readiness_assessment,0,0,0,verified,152,0,raw,,,locator1_normalize
1400,473,study_type,0,0,0,verified,159,0,raw,,,locator1_normalize
1401,473,robot_platform,0,0,0,verified,200,0,,,,
1402,473,task_performed,0,0,0,verified,68,0,raw,,,locator1_normalize
1403,473,sample_size,0,0,0,verified,166,0,raw,,,locator1_normalize
1404,473,surgical_domain,0,0,0,verified,97,0,raw,,,locator1_normalize
1405,473,autonomy_level,0,0,0,verified,118,0,raw,,,locator1_normalize
1406,473,validation_setting,0,0,0,flagged,97,0,raw,,,locator1_normalize
1407,473,task_monitor,0,0,0,flagged,152,0,,,,
1408,473,task_generate,0,0,0,flagged,121,0,,,,
1409,473,task_select,0,0,0,flagged,238,0,raw,,,locator1_normalize
1410,473,task_execute,0,0,0,verified,118,0,raw,,,locator1_normalize
1411,473,system_maturity,0,0,0,verified,200,0,,,,
1412,473,study_design,0,0,0,verified,159,0,raw,,,locator1_normalize
1413,473,country,1,1,0,verified,0,0,,,,
1414,473,primary_outcome_metric,0,0,0,verified,234,0,raw,,,locator1_normalize
1415,473,primary_outcome_value,0,0,0,verified,90,0,raw,,,locator1_normalize
1416,473,comparison_to_human,0,0,0,verified,143,0,raw,,,locator1_normalize
1417,473,secondary_outcomes,0,0,0,flagged,231,0,,,,locator1_normalize
1418,473,key_limitation,0,0,0,verified,190,0,,,,
1419,473,clinical_readiness_assessment,0,0,0,flagged,97,0,raw,,,locator1_normalize
1420,474,study_type,0,0,0,verified,146,0,raw,,,locator1_normalize
1421,474,robot_platform,0,0,0,verified,120,0,raw,,,locator1_normalize
1422,474,task_performed,0,0,0,flagged,252,0,,,,
1423,474,sample_size,0,1,0,verified,79,0,,,,
1424,474,surgical_domain,0,0,0,flagged,120,0,raw,,,locator1_normalize
1425,474,autonomy_level,0,0,0,flagged,205,0,raw,,,locator1_normalize
1426,474,validation_setting,0,0,0,verified,202,0,raw,,,locator1_normalize
1427,474,task_monitor,0,0,0,verified,196,0,,,,
1428,474,task_generate,0,0,0,contested,76,0,,,,
1429,474,task_select,0,0,0,verified,149,0,,,,
1430,474,task_execute,0,0,0,verified,149,0,,,,
1431,474,system_maturity,0,0,0,verified,93,0,,,,
1432,474,study_design,0,0,0,verified,205,0,raw,,,locator1_normalize
1433,474,country,0,0,0,verified,130,0,raw,,,locator1_normalize
1434,474,primary_outcome_metric,0,0,0,verified,90,0,,,,
1435,474,primary_outcome_value,0,0,0,flagged,169,0,raw,,,locator1_normalize
1436,474,comparison_to_human,0,1,0,verified,78,0,,,,
1437,474,secondary_outcomes,0,1,0,verified,37,0,,,,
1438,474,key_limitation,0,0,0,flagged,210,0,,,,
1439,474,clinical_readiness_assessment,0,0,0,flagged,202,0,raw,,,locator1_normalize
1440,475,study_type,0,0,0,verified,131,0,raw,,,locator1_normalize
1441,475,robot_platform,0,0,0,verified,210,0,,,,
1442,475,task_performed,0,0,0,verified,145,0,raw,,,locator1_normalize
1443,475,sample_size,1,1,0,verified,0,0,,,,
1444,475,surgical_domain,0,0,0,flagged,217,0,,,,locator1_normalize
1445,475,autonomy_level,0,0,0,flagged,99,0,,,,
1446,475,validation_setting,0,0,0,verified,263,0,raw,,,locator1_normalize
1447,475,task_monitor,0,0,0,flagged,67,0,,,,
1448,475,task_generate,0,0,0,verified,128,0,,,,
1449,475,task_select,0,0,0,flagged,99,0,,,,
1450,475,task_execute,0,0,0,verified,154,0,raw,,,locator1_normalize
1451,475,system_maturity,0,0,0,verified,197,0,raw,,,locator1_normalize
1452,475,study_design,0,0,0,verified,197,0,raw,,,locator1_normalize
1453,475,country,0,0,0,verified,84,0,raw,,,locator1_normalize
1454,475,primary_outcome_metric,0,0,0,verified,125,0,,,,
1455,475,primary_outcome_value,1,1,0,verified,0,0,,,,
1456,475,comparison_to_human,1,1,0,verified,0,0,,,,
1457,475,secondary_outcomes,1,1,0,verified,0,0,,,,
1458,475,key_limitation,0,0,0,flagged,181,0,raw,,,locator1_normalize
1459,475,clinical_readiness_assessment,0,0,0,verified,211,0,,,,
1460,476,study_type,0,0,0,verified,222,0,raw,,,locator1_normalize
1461,476,robot_platform,0,0,0,verified,223,0,raw,,,locator1_normalize
1462,476,task_performed,0,0,0,flagged,201,0,raw,,,locator1_normalize
1463,476,sample_size,1,1,0,verified,0,0,,,,
1464,476,surgical_domain,0,0,0,flagged,120,0,,,,
1465,476,autonomy_level,0,0,0,flagged,273,0,,,,
1466,476,validation_setting,0,0,0,verified,120,0,,,,
1467,476,task_monitor,0,0,0,flagged,352,0,,,,
1468,476,task_generate,0,0,0,verified,148,0,raw,,,locator1_normalize
1469,476,task_select,0,0,0,flagged,110,0,raw,,,locator1_normalize
1470,476,task_execute,0,0,0,verified,192,0,,,,
1471,476,system_maturity,0,0,0,verified,273,0,,,,
1472,476,study_design,0,0,0,verified,222,0,raw,,,locator1_normalize
1473,476,country,0,0,0,verified,141,0,raw,,,locator1_normalize
1474,476,primary_outcome_metric,0,0,0,verified,192,0,,,,
1475,476,primary_outcome_value,0,0,0,verified,192,0,,,,
1476,476,comparison_to_human,1,1,0,verified,0,0,,,,
1477,476,secondary_outcomes,0,0,0,flagged,249,0,raw,,,locator1_normalize
1478,476,key_limitation,0,0,0,verified,186,0,raw,,,locator1_normalize
1479,476,clinical_readiness_assessment,0,0,0,verified,273,0,,,,
1480,477,study_type,0,0,0,verified,159,0,raw,,,locator1_normalize
1481,477,robot_platform,0,0,0,verified,61,0,,,,
1482,477,task_performed,0,0,0,verified,424,0,raw,,,locator1_normalize
1483,477,sample_size,0,0,0,flagged,84,0,,,,
1484,477,surgical_domain,0,0,0,verified,424,0,raw,,,locator1_normalize
1485,477,autonomy_level,0,0,0,verified,204,0,,,,
1486,477,validation_setting,0,0,0,verified,424,0,raw,,,locator1_normalize
1487,477,task_monitor,0,0,0,flagged,120,0,raw,,,locator1_normalize
1488,477,task_generate,0,0,0,flagged,204,0,,,,
1489,477,task_select,0,0,0,flagged,204,0,,,,
1490,477,task_execute,0,0,0,flagged,204,0,,,,
1491,477,system_maturity,0,0,0,verified,61,0,,,,
1492,477,study_design,0,0,0,verified,159,0,raw,,,locator1_normalize
1493,477,country,0,0,0,verified,59,0,raw,,,locator1_normalize
1494,477,primary_outcome_metric,0,0,0,verified,159,0,raw,,,locator1_normalize
1495,477,primary_outcome_value,0,0,0,verified,159,0,raw,,,locator1_normalize
1496,477,comparison_to_human,0,1,0,verified,69,0,,,,
1497,477,secondary_outcomes,0,0,0,verified,159,0,raw,,,locator1_normalize
1498,477,key_limitation,0,0,0,flagged,167,0,raw,,,locator1_normalize
1499,477,clinical_readiness_assessment,0,0,0,verified,159,0,raw,,,locator1_normalize
1500,478,study_type,0,0,0,contested,108,0,,,,
1501,478,robot_platform,0,0,0,flagged,97,0,raw,,,locator1_normalize
1502,478,task_performed,0,0,0,verified,200,0,raw,,,locator1_normalize
1503,478,sample_size,0,0,0,verified,96,0,,,,locator1_normalize
1504,478,surgical_domain,0,0,0,verified,84,0,raw,,,locator1_normalize
1505,478,autonomy_level,0,0,0,flagged,68,0,,,,
1506,478,validation_setting,0,0,0,verified,97,0,raw,,,locator1_normalize
1507,478,task_monitor,0,0,0,flagged,80,0,,,,
1508,478,task_generate,0,0,0,contested,51,0,,,,
1509,478,task_select,0,1,0,verified,37,0,,,,
1510,478,task_execute,0,0,0,contested,52,0,,,,
1511,478,system_maturity,0,0,0,contested,61,0,,,,
1512,478,study_design,0,0,0,contested,73,0,,,,
1513,478,country,0,0,0,contested,75,0,,,,
1514,478,primary_outcome_metric,0,0,0,verified,148,0,raw,,,locator1_normalize
1515,478,primary_outcome_value,0,0,0,verified,71,0,,,,
1516,478,comparison_to_human,0,1,0,verified,44,0,,,,
1517,478,secondary_outcomes,0,0,0,flagged,74,0,,,,
1518,478,key_limitation,0,0,0,flagged,94,0,,,,locator1_normalize
1519,478,clinical_readiness_assessment,0,0,0,verified,61,0,,,,
1520,480,study_type,0,0,0,verified,181,0,raw,,,locator1_normalize
1521,480,robot_platform,0,0,0,flagged,272,0,,,,
1522,480,task_performed,0,0,0,flagged,116,0,raw,,,locator1_normalize
1523,480,sample_size,0,0,0,flagged,137,0,,,,
1524,480,surgical_domain,0,0,0,flagged,124,0,,,,
1525,480,autonomy_level,0,0,0,flagged,117,0,raw,,,locator1_normalize
1526,480,validation_setting,0,0,0,flagged,109,0,raw,,,locator1_normalize
1527,480,task_monitor,0,0,0,verified,115,0,,,,locator1_normalize
1528,480,task_generate,0,0,0,flagged,176,0,,,,locator1_normalize
1529,480,task_select,0,0,0,flagged,117,0,raw,,,locator1_normalize
1530,480,task_execute,0,0,0,verified,115,0,,,,locator1_normalize
1531,480,system_maturity,0,0,0,verified,109,0,raw,,,locator1_normalize
1532,480,study_design,0,0,0,verified,121,0,raw,,,locator1_normalize
1533,480,country,0,0,0,verified,179,0,,,,
1534,480,primary_outcome_metric,0,0,0,contested,122,0,,,,
1535,480,primary_outcome_value,0,0,0,flagged,122,0,,,,
1536,480,comparison_to_human,0,1,0,verified,257,0,raw,,,locator1_normalize
1537,480,secondary_outcomes,0,0,0,contested,122,0,,,,
1538,480,key_limitation,0,0,0,flagged,212,0,,,,
1539,480,clinical_readiness_assessment,0,0,0,verified,142,0,,,,
1540,485,study_type,0,0,0,verified,208,0,,,,locator1_normalize
1541,485,robot_platform,0,0,0,flagged,100,0,raw,,,locator1_normalize
1542,485,task_performed,0,0,0,flagged,302,0,,,,
1543,485,sample_size,0,0,0,flagged,108,0,raw,,,locator1_normalize
1544,485,surgical_domain,0,0,0,flagged,65,0,,,,
1545,485,autonomy_level,0,0,0,verified,134,0,raw,,,locator1_normalize
1546,485,validation_setting,0,0,0,verified,100,0,raw,,,locator1_normalize
1547,485,task_monitor,0,0,0,flagged,108,0,,,,
1548,485,task_generate,0,0,0,flagged,91,0,,,,
1549,485,task_select,0,0,0,flagged,101,0,,,,
1550,485,task_execute,0,0,0,contested,90,0,,,,
1551,485,system_maturity,0,0,0,verified,100,0,raw,,,locator1_normalize
1552,485,study_design,0,0,0,verified,65,0,raw,,,locator1_normalize
1553,485,country,0,0,0,contested,70,0,,,,
1554,485,primary_outcome_metric,0,0,0,flagged,109,0,,,,
1555,485,primary_outcome_value,0,0,0,verified,146,0,,,,
1556,485,comparison_to_human,0,0,0,flagged,168,0,raw,,,locator1_normalize
1557,485,secondary_outcomes,0,0,0,flagged,83,0,,,,
1558,485,key_limitation,0,0,0,flagged,160,0,raw,,,locator1_normalize
1559,485,clinical_readiness_assessment,0,0,0,verified,100,0,raw,,,locator1_normalize
1560,486,study_type,0,0,0,verified,276,0,raw,,,locator1_normalize
1561,486,robot_platform,0,0,0,verified,176,0,raw,,,locator1_normalize
1562,486,task_performed,0,0,0,flagged,278,0,raw,,,locator1_normalize
1563,486,sample_size,1,1,0,verified,0,0,,,,
1564,486,surgical_domain,0,0,0,verified,182,0,raw,,,locator1_normalize
1565,486,autonomy_level,0,0,0,flagged,180,0,,,,
1566,486,validation_setting,0,0,0,verified,182,0,raw,,,locator1_normalize
1567,486,task_monitor,0,0,0,flagged,170,0,,,,locator1_normalize
1568,486,task_generate,0,0,0,flagged,170,0,,,,locator1_normalize
1569,486,task_select,0,0,0,flagged,170,0,,,,locator1_normalize
1570,486,task_execute,0,0,0,flagged,170,0,,,,locator1_normalize
1571,486,system_maturity,0,0,0,verified,176,0,raw,,,locator1_normalize
1572,486,study_design,0,0,0,verified,276,0,raw,,,locator1_normalize
1573,486,country,0,0,0,verified,144,0,,,,
1574,486,primary_outcome_metric,0,0,0,verified,498,0,raw,,,locator1_normalize
1575,486,primary_outcome_value,0,0,0,verified,498,0,raw,,,locator1_normalize
1576,486,comparison_to_human,0,0,0,verified,498,0,raw,,,locator1_normalize
1577,486,secondary_outcomes,0,0,0,flagged,569,0,raw,,,locator1_normalize
1578,486,key_limitation,0,0,0,verified,297,0,raw,,,locator1_normalize
1579,486,clinical_readiness_assessment,0,0,0,flagged,262,0,,,,
1580,487,study_type,0,0,0,verified,331,0,raw,,,locator1_normalize
1581,487,robot_platform,0,0,0,verified,185,0,,,,
1582,487,task_performed,0,0,0,verified,347,0,,,,
1583,487,sample_size,0,1,0,verified,78,0,,,,
1584,487,surgical_domain,0,0,0,verified,347,0,,,,
1585,487,autonomy_level,0,0,0,flagged,178,0,raw,,,locator1_normalize
1586,487,validation_setting,0,0,0,flagged,185,0,,,,
1587,487,task_monitor,0,0,0,contested,299,0,,,,
1588,487,task_generate,0,0,0,flagged,207,0,,,,
1589,487,task_select,0,0,0,flagged,120,0,raw,,,locator1_normalize
1590,487,task_execute,0,0,0,verified,314,0,,,,
1591,487,system_maturity,0,0,0,verified,153,0,,,,
1592,487,study_design,0,0,0,verified,245,0,raw,,,locator1_normalize
1593,487,country,0,0,0,flagged,158,0,,,,
1594,487,primary_outcome_metric,0,0,0,flagged,211,0,,,,
1595,487,primary_outcome_value,0,0,0,flagged,121,0,,,,
1596,487,comparison_to_human,0,1,0,verified,95,0,,,,
1597,487,secondary_outcomes,0,0,0,flagged,86,0,raw,,,locator1_normalize
1598,487,key_limitation,0,0,0,flagged,122,0,raw,,,locator1_normalize
1599,487,clinical_readiness_assessment,0,0,0,verified,245,0,raw,,,locator1_normalize
1600,488,study_type,0,0,0,verified,87,0,raw,,,locator1_normalize
1601,488,robot_platform,0,0,0,verified,112,0,raw,,,locator1_normalize
1602,488,task_performed,0,0,0,verified,75,0,raw,,,locator1_normalize
1603,488,sample_size,0,0,0,verified,220,0,raw,,,locator1_normalize
1604,488,surgical_domain,0,0,0,flagged,273,0,,,,locator1_normalize
1605,488,autonomy_level,0,0,0,verified,75,0,raw,,,locator1_normalize
1606,488,validation_setting,0,0,0,contested,51,0,,,,
1607,488,task_monitor,0,0,0,flagged,75,0,raw,,,locator1_normalize
1608,488,task_generate,0,0,0,flagged,105,0,,,,
1609,488,task_select,0,0,0,flagged,105,0,,,,
1610,488,task_execute,0,0,0,verified,82,0,,,,locator1_normalize
1611,488,system_maturity,0,0,0,verified,112,0,raw,,,locator1_normalize
1612,488,study_design,0,0,0,flagged,240,0,,,,
1613,488,country,0,0,0,verified,116,0,,,,
1614,488,primary_outcome_metric,0,0,0,verified,190,0,raw,,,locator1_normalize
1615,488,primary_outcome_value,0,0,0,verified,190,0,raw,,,locator1_normalize
1616,488,comparison_to_human,0,0,0,flagged,190,0,raw,,,locator1_normalize
1617,488,secondary_outcomes,0,0,0,flagged,186,0,raw,,,locator1_normalize
1618,488,key_limitation,0,0,0,verified,110,0,raw,,,locator1_normalize
1619,488,clinical_readiness_assessment,0,0,0,verified,217,0,raw,,,locator1_normalize
1620,489,study_type,0,0,0,verified,198,0,,,,
1621,489,robot_platform,0,0,0,verified,198,0,,,,
1622,489,task_performed,0,0,0,flagged,198,0,,,,
1623,489,sample_size,0,0,0,verified,138,0,raw,,,locator1_normalize
1624,489,surgical_domain,0,0,0,flagged,74,0,,,,locator1_normalize
1625,489,autonomy_level,0,0,0,flagged,224,0,raw,,,locator1_normalize
1626,489,validation_setting,0,0,0,flagged,198,0,,,,
1627,489,task_monitor,0,0,0,flagged,111,0,,,,locator1_normalize
1628,489,task_generate,0,0,0,verified,160,0,raw,,,locator1_normalize
1629,489,task_select,0,0,0,verified,261,0,,,,
1630,489,task_execute,0,0,0,verified,224,0,raw,,,locator1_normalize
1631,489,system_maturity,0,0,0,verified,198,0,,,,
1632,489,study_design,0,0,0,verified,198,0,,,,
1633,489,country,0,0,0,flagged,200,0,raw,,,locator1_normalize
1634,489,primary_outcome_metric,0,0,0,verified,224,0,raw,,,locator1_normalize
1635,489,primary_outcome_value,0,0,0,verified,224,0,raw,,,locator1_normalize
1636,489,comparison_to_human,1,1,0,verified,0,0,,,,
1637,489,secondary_outcomes,0,0,0,flagged,224,0,raw,,,locator1_normalize
1638,489,key_limitation,0,0,0,flagged,109,0,,,,
1639,489,clinical_readiness_assessment,0,0,0,verified,198,0,,,,
1640,491,study_type,0,0,0,verified,137,0,raw,,,locator1_normalize
1641,491,robot_platform,0,0,0,flagged,114,0,raw,,,locator1_normalize
1642,491,task_performed,0,0,0,verified,74,0,raw,,,locator1_normalize
1643,491,sample_size,0,0,0,verified,64,0,raw,,,locator1_normalize
1644,491,surgical_domain,0,0,0,verified,114,0,raw,,,locator1_normalize
1645,491,autonomy_level,0,0,0,flagged,137,0,raw,,,locator1_normalize
1646,491,validation_setting,0,0,0,verified,114,0,raw,,,locator1_normalize
1647,491,task_monitor,0,0,0,flagged,87,0,raw,,,locator1_normalize
1648,491,task_generate,0,0,0,verified,155,0,,,,locator1_normalize
1649,491,task_select,0,0,0,flagged,246,0,,,,
1650,491,task_execute,0,0,0,verified,136,0,,,,locator1_normalize
1651,491,system_maturity,0,0,0,verified,137,0,raw,,,locator1_normalize
1652,491,study_design,0,0,0,verified,137,0,raw,,,locator1_normalize
1653,491,country,0,0,0,verified,42,0,raw,,,locator1_normalize
1654,491,primary_outcome_metric,0,0,0,verified,95,0,raw,,,locator1_normalize
1655,491,primary_outcome_value,0,0,0,verified,20,0,,,,
1656,491,comparison_to_human,0,0,0,flagged,212,0,,,,
1657,491,secondary_outcomes,0,0,0,flagged,95,0,raw,,,locator1_normalize
1658,491,key_limitation,0,0,0,verified,287,0,raw,,,locator1_normalize
1659,491,clinical_readiness_assessment,0,0,0,verified,121,0,,,,
1660,492,study_type,0,0,0,verified,158,0,raw,,,locator1_normalize
1661,492,robot_platform,0,0,0,verified,355,0,raw,,,locator1_normalize
1662,492,task_performed,0,0,0,verified,355,0,raw,,,locator1_normalize
1663,492,sample_size,0,0,0,verified,355,0,raw,,,locator1_normalize
1664,492,surgical_domain,0,0,0,flagged,213,0,,,,
1665,492,autonomy_level,0,0,0,verified,193,0,,,,locator1_normalize
1666,492,validation_setting,0,0,0,contested,68,0,,,,
1667,492,task_monitor,0,0,0,flagged,230,0,raw,,,locator1_normalize
1668,492,task_generate,0,0,0,verified,368,0,,,,locator1_normalize
1669,492,task_select,0,0,0,verified,368,0,,,,locator1_normalize
1670,492,task_execute,0,0,0,verified,368,0,,,,locator1_normalize
1671,492,system_maturity,0,0,0,verified,103,0,raw,,,locator1_normalize
1672,492,study_design,0,0,0,verified,139,0,raw,,,locator1_normalize
1673,492,country,0,0,0,verified,201,0,raw,,,locator1_normalize
1674,492,primary_outcome_metric,0,0,0,verified,51,0,raw,,,locator1_normalize
1675,492,primary_outcome_value,0,0,0,verified,165,0,,,,locator1_normalize
1676,492,comparison_to_human,0,0,0,flagged,165,0,,,,locator1_normalize
1677,492,secondary_outcomes,0,0,0,flagged,167,0,raw,,,locator1_normalize
1678,492,key_limitation,0,0,0,verified,222,0,raw,,,locator1_normalize
1679,492,clinical_readiness_assessment,0,0,0,verified,230,0,raw,,,locator1_normalize
1680,493,study_type,0,0,0,verified,144,0,raw,,,locator1_normalize
1681,493,robot_platform,0,0,0,verified,163,0,,,,
1682,493,task_performed,0,0,0,verified,53,0,,,,
1683,493,sample_size,0,1,0,verified,50,0,,,,
1684,493,surgical_domain,0,0,0,verified,96,0,,,,
1685,493,autonomy_level,0,0,0,verified,101,0,,,,locator1_normalize
1686,493,validation_setting,0,0,0,contested,96,0,,,,
1687,493,task_monitor,0,0,0,flagged,75,0,,,,
1688,493,task_generate,0,0,0,contested,51,0,,,,
1689,493,task_select,0,1,0,verified,59,0,,,,
1690,493,task_execute,0,0,0,contested,54,0,,,,
1691,493,system_maturity,0,0,0,contested,45,0,,,,
1692,493,study_design,0,0,0,contested,53,0,,,,
1693,493,country,0,0,0,contested,100,0,,,,
1694,493,primary_outcome_metric,0,0,0,flagged,70,0,,,,
1695,493,primary_outcome_value,0,1,0,verified,53,0,,,,
1696,493,comparison_to_human,0,1,0,verified,48,0,,,,
1697,493,secondary_outcomes,0,0,0,flagged,73,0,,,,
1698,493,key_limitation,0,0,0,flagged,67,0,,,,
1699,493,clinical_readiness_assessment,0,0,0,verified,55,0,,,,
1700,497,study_type,0,0,0,verified,163,0,raw,,,locator1_normalize
1701,497,robot_platform,0,0,0,verified,319,0,,,,
1702,497,task_performed,0,0,0,flagged,321,0,whitespace,,,locator1_normalize
1703,497,sample_size,1,1,0,verified,0,0,,,,
1704,497,surgical_domain,0,0,0,flagged,97,0,raw,,,locator1_normalize
1705,497,autonomy_level,0,0,0,verified,264,0,whitespace,,,locator1_normalize
1706,497,validation_setting,0,0,0,verified,87,0,raw,,,locator1_normalize
1707,497,task_monitor,0,0,0,flagged,91,0,,,,
1708,497,task_generate,0,0,0,verified,91,0,,,,
1709,497,task_select,0,0,0,flagged,105,0,raw,,,locator1_normalize
1710,497,task_execute,0,0,0,verified,97,0,,,,locator1_normalize
1711,497,system_maturity,0,0,0,verified,193,0,,,,
1712,497,study_design,0,0,0,verified,163,0,raw,,,locator1_normalize
1713,497,country,0,0,0,verified,170,0,,,,
1714,497,primary_outcome_metric,0,0,0,flagged,135,0,raw,,,locator1_normalize
1715,497,primary_outcome_value,0,0,0,flagged,135,0,raw,,,locator1_normalize
1716,497,comparison_to_human,1,1,0,verified,0,0,,,,
1717,497,secondary_outcomes,1,1,0,verified,0,0,,,,
1718,497,key_limitation,0,0,0,flagged,226,0,raw,,,locator1_normalize
1719,497,clinical_readiness_assessment,0,0,0,verified,87,0,raw,,,locator1_normalize
1720,498,study_type,0,0,0,verified,128,0,raw,,,locator1_normalize
1721,498,robot_platform,0,0,0,verified,170,0,raw,,,locator1_normalize
1722,498,task_performed,0,0,0,flagged,123,0,raw,,,locator1_normalize
1723,498,sample_size,0,1,0,verified,52,0,,,,
1724,498,surgical_domain,0,0,0,contested,122,0,,,,
1725,498,autonomy_level,0,0,0,flagged,158,0,,,,
1726,498,validation_setting,0,0,0,verified,272,0,raw,,,locator1_normalize
1727,498,task_monitor,0,0,0,flagged,141,0,,,,
1728,498,task_generate,0,0,0,verified,174,0,,,,
1729,498,task_select,0,0,0,verified,163,0,,,,
1730,498,task_execute,0,0,0,verified,109,0,raw,,,locator1_normalize
1731,498,system_maturity,0,0,0,verified,169,0,raw,,,locator1_normalize
1732,498,study_design,0,0,0,contested,135,0,,,,
1733,498,country,0,0,0,verified,138,0,,,,
1734,498,primary_outcome_metric,0,0,0,contested,133,0,,,,
1735,498,primary_outcome_value,0,0,0,contested,133,0,,,,
1736,498,comparison_to_human,0,1,0,verified,81,0,,,,
1737,498,secondary_outcomes,0,0,0,contested,206,0,,,,
1738,498,key_limitation,0,0,0,verified,212,0,raw,,,locator1_normalize
1739,498,clinical_readiness_assessment,0,0,0,flagged,169,0,raw,,,locator1_normalize
1740,502,study_type,0,0,0,verified,189,0,raw,,,locator1_normalize
1741,502,robot_platform,0,0,0,verified,83,0,raw,,,locator1_normalize
1742,502,task_performed,0,0,0,flagged,110,0,raw,,,locator1_normalize
1743,502,sample_size,0,0,0,flagged,117,0,raw,,,locator1_normalize
1744,502,surgical_domain,0,0,0,flagged,184,0,raw,,,locator1_normalize
1745,502,autonomy_level,0,0,0,verified,196,0,,,,
1746,502,validation_setting,0,0,0,verified,96,0,raw,,,locator1_normalize
1747,502,task_monitor,0,0,0,flagged,146,0,raw,,,locator1_normalize
1748,502,task_generate,0,0,0,flagged,132,0,,,,
1749,502,task_select,0,0,0,flagged,132,0,,,,
1750,502,task_execute,0,0,0,flagged,196,0,,,,
1751,502,system_maturity,0,0,0,verified,83,0,raw,,,locator1_normalize
1752,502,study_design,0,0,0,verified,96,0,raw,,,locator1_normalize
1753,502,country,0,0,0,verified,112,0,raw,,,locator1_normalize
1754,502,primary_outcome_metric,0,0,0,flagged,92,0,,,,
1755,502,primary_outcome_value,0,0,0,flagged,217,0,,,,
1756,502,comparison_to_human,0,1,0,verified,70,0,,,,
1757,502,secondary_outcomes,0,0,0,flagged,118,0,,,,
1758,502,key_limitation,0,0,0,verified,223,0,raw,,,locator1_normalize
1759,502,clinical_readiness_assessment,0,0,0,flagged,164,0,raw,,,locator1_normalize
1760,504,study_type,0,0,0,verified,89,0,raw,,,locator1_normalize
1761,504,robot_platform,0,0,0,verified,336,0,,,,locator1_normalize
1762,504,task_performed,0,0,0,flagged,386,0,raw,,,locator1_normalize
1763,504,sample_size,0,1,0,verified,158,0,,,,
1764,504,surgical_domain,0,0,0,flagged,86,0,raw,,,locator1_normalize
1765,504,autonomy_level,0,0,0,verified,192,0,raw,,,locator1_normalize
1766,504,validation_setting,0,0,0,verified,135,0,,,,
1767,504,task_monitor,0,0,0,verified,192,0,raw,,,locator1_normalize
1768,504,task_generate,0,0,0,verified,173,0,,,,
1769,504,task_select,0,0,0,flagged,140,0,,,,locator1_normalize
1770,504,task_execute,0,0,0,verified,71,0,,,,locator1_normalize
1771,504,system_maturity,0,0,0,verified,117,0,,,,
1772,504,study_design,0,0,0,verified,125,0,raw,,,locator1_normalize
1773,504,country,0,0,0,verified,109,0,,,,
1774,504,primary_outcome_metric,0,0,0,flagged,184,0,raw,,,locator1_normalize
1775,504,primary_outcome_value,0,1,0,verified,95,0,raw,,,locator1_normalize
1776,504,comparison_to_human,0,1,0,verified,95,0,raw,,,locator1_normalize
1777,504,secondary_outcomes,0,1,0,verified,95,0,raw,,,locator1_normalize
1778,504,key_limitation,0,0,0,verified,232,0,raw,,,locator1_normalize
1779,504,clinical_readiness_assessment,0,0,0,verified,192,0,raw,,,locator1_normalize
1780,507,study_type,0,0,0,verified,274,0,raw,,,locator1_normalize
1781,507,robot_platform,0,0,0,verified,112,0,raw,,,locator1_normalize
1782,507,task_performed,0,0,0,verified,193,0,raw,,,locator1_normalize
1783,507,sample_size,0,0,0,contested,59,0,,,,
1784,507,surgical_domain,0,0,0,flagged,135,0,raw,,,locator1_normalize
1785,507,autonomy_level,0,0,0,flagged,111,0,raw,,,locator1_normalize
1786,507,validation_setting,0,0,0,verified,112,0,raw,,,locator1_normalize
1787,507,task_monitor,0,0,0,flagged,111,0,,,,
1788,507,task_generate,0,0,0,flagged,111,0,,,,
1789,507,task_select,0,0,0,flagged,111,0,,,,
1790,507,task_execute,0,0,0,flagged,111,0,,,,
1791,507,system_maturity,0,0,0,verified,112,0,raw,,,locator1_normalize
1792,507,study_design,0,0,0,verified,112,0,raw,,,locator1_normalize
1793,507,country,0,0,0,verified,160,0,raw,,,locator1_normalize
1794,507,primary_outcome_metric,0,0,0,verified,94,0,raw,,,locator1_normalize
1795,507,primary_outcome_value,0,0,0,flagged,94,0,raw,,,locator1_normalize
1796,507,comparison_to_human,0,1,0,verified,112,0,raw,,,locator1_normalize
1797,507,secondary_outcomes,0,0,0,flagged,129,0,,,,
1798,507,key_limitation,0,0,0,verified,271,0,raw,,,locator1_normalize
1799,507,clinical_readiness_assessment,0,0,0,verified,112,0,raw,,,locator1_normalize
1800,509,study_type,0,0,0,verified,167,0,raw,,,locator1_normalize
1801,509,robot_platform,0,0,0,flagged,173,0,,,,
1802,509,task_performed,0,0,0,flagged,141,0,raw,,,locator1_normalize
1803,509,sample_size,0,0,0,flagged,487,0,raw,,,locator1_normalize
1804,509,surgical_domain,0,0,0,verified,239,0,,,,
1805,509,autonomy_level,0,0,0,verified,141,0,raw,,,locator1_normalize
1806,509,validation_setting,0,0,0,contested,173,0,,,,
1807,509,task_monitor,0,0,0,flagged,173,0,,,,
1808,509,task_generate,0,0,0,flagged,141,0,raw,,,locator1_normalize
1809,509,task_select,0,0,0,flagged,115,0,,,,
1810,509,task_execute,0,0,0,verified,175,0,,,,
1811,509,system_maturity,0,0,0,contested,173,0,,,,
1812,509,study_design,0,0,0,verified,135,0,,,,
1813,509,country,0,0,0,flagged,52,0,raw,,,locator1_normalize
1814,509,primary_outcome_metric,0,0,0,verified,68,0,,,,
1815,509,primary_outcome_value,0,0,0,verified,68,0,,,,
1816,509,comparison_to_human,0,1,0,verified,61,0,,,,
1817,509,secondary_outcomes,0,0,0,flagged,289,0,raw,,,locator1_normalize
1818,509,key_limitation,0,0,0,verified,170,0,,,,
1819,509,clinical_readiness_assessment,0,0,0,verified,173,0,,,,
1820,511,study_type,0,0,0,verified,258,0,raw,,,locator1_normalize
1821,511,robot_platform,0,0,0,verified,172,0,raw,,,locator1_normalize
1822,511,task_performed,0,0,0,verified,149,0,raw,,,locator1_normalize
1823,511,sample_size,0,1,0,verified,94,0,,,,
1824,511,surgical_domain,0,0,0,verified,246,0,,,,locator1_normalize
1825,511,autonomy_level,0,0,0,verified,217,0,,,,
1826,511,validation_setting,0,0,0,verified,237,0,raw,,,locator1_normalize
1827,511,task_monitor,0,0,0,flagged,139,0,,,,
1828,511,task_generate,0,0,0,flagged,171,0,,,,
1829,511,task_select,0,0,0,flagged,161,0,,,,
1830,511,task_execute,0,0,0,flagged,127,0,,,,locator1_normalize
1831,511,system_maturity,0,0,0,contested,161,0,,,,
1832,511,study_design,0,0,0,verified,258,0,raw,,,locator1_normalize
1833,511,country,0,0,0,verified,126,0,raw,,,locator1_normalize
1834,511,primary_outcome_metric,0,0,0,verified,230,0,,,,
1835,511,primary_outcome_value,0,0,0,verified,230,0,,,,
1836,511,comparison_to_human,0,1,0,verified,70,0,,,,
1837,511,secondary_outcomes,0,0,0,flagged,638,0,,,,
1838,511,key_limitation,0,0,0,verified,127,0,,,,locator1_normalize
1839,511,clinical_readiness_assessment,0,0,0,flagged,246,0,,,,locator1_normalize
1840,513,study_type,0,0,0,verified,111,0,raw,,,locator1_normalize
1841,513,robot_platform,0,0,0,verified,233,0,raw,,,locator1_normalize
1842,513,task_performed,0,0,0,flagged,214,0,raw,,,locator1_normalize
1843,513,sample_size,1,1,0,verified,0,0,,,,
1844,513,surgical_domain,0,0,0,verified,119,0,,,,
1845,513,autonomy_level,0,0,0,flagged,190,0,raw,,,locator1_normalize
1846,513,validation_setting,0,0,0,verified,189,0,raw,,,locator1_normalize
1847,513,task_monitor,0,0,0,flagged,190,0,raw,,,locator1_normalize
1848,513,task_generate,0,0,0,flagged,190,0,raw,,,locator1_normalize
1849,513,task_select,0,0,0,flagged,190,0,raw,,,locator1_normalize
1850,513,task_execute,0,0,0,flagged,189,0,raw,,,locator1_normalize
1851,513,system_maturity,0,0,0,verified,233,0,raw,,,locator1_normalize
1852,513,study_design,0,0,0,verified,233,0,raw,,,locator1_normalize
1853,513,country,0,0,0,verified,106,0,raw,,,locator1_normalize
1854,513,primary_outcome_metric,0,0,0,verified,190,0,raw,,,locator1_normalize
1855,513,primary_outcome_value,0,0,0,verified,36,0,raw,,,locator1_normalize
1856,513,comparison_to_human,1,1,0,verified,0,0,,,,
1857,513,secondary_outcomes,0,0,0,flagged,160,0,raw,,,locator1_normalize
1858,513,key_limitation,0,0,0,flagged,261,0,raw,,,locator1_normalize
1859,513,clinical_readiness_assessment,0,0,0,verified,233,0,raw,,,locator1_normalize
1860,514,study_type,0,0,0,verified,144,0,raw,,,locator1_normalize
1861,514,robot_platform,0,0,0,verified,242,0,raw,,,locator1_normalize
1862,514,task_performed,0,0,0,flagged,187,0,whitespace,,,locator1_normalize
1863,514,sample_size,0,1,0,verified,75,0,,,,
1864,514,surgical_domain,0,0,0,verified,167,0,raw,,,locator1_normalize
1865,514,autonomy_level,0,0,0,flagged,136,0,raw,,,locator1_normalize
1866,514,validation_setting,0,0,0,verified,51,0,,,,
1867,514,task_monitor,0,0,0,flagged,145,0,raw,,,locator1_normalize
1868,514,task_generate,0,0,0,verified,136,0,raw,,,locator1_normalize
1869,514,task_select,0,0,0,verified,136,0,raw,,,locator1_normalize
1870,514,task_execute,0,0,0,verified,136,0,raw,,,locator1_normalize
1871,514,system_maturity,0,0,0,verified,187,0,whitespace,,,locator1_normalize
1872,514,study_design,0,0,0,verified,187,0,whitespace,,,locator1_normalize
1873,514,country,0,0,0,contested,39,0,,,,
1874,514,primary_outcome_metric,0,0,0,verified,61,0,raw,,,locator1_normalize
1875,514,primary_outcome_value,0,0,0,verified,61,0,raw,,,locator1_normalize
1876,514,comparison_to_human,0,0,0,verified,150,0,whitespace,,,locator1_normalize
1877,514,secondary_outcomes,0,0,0,contested,114,0,,,,
1878,514,key_limitation,0,0,0,verified,182,0,raw,,,locator1_normalize
1879,514,clinical_readiness_assessment,0,0,0,verified,167,0,raw,,,locator1_normalize
1880,515,study_type,0,0,0,verified,214,0,raw,,,locator1_normalize
1881,515,robot_platform,0,0,0,verified,60,0,,,,locator1_normalize
1882,515,task_performed,0,0,0,contested,193,0,,,,
1883,515,sample_size,0,0,0,verified,95,0,raw,,,locator1_normalize
1884,515,surgical_domain,0,0,0,flagged,66,0,raw,,,locator1_normalize
1885,515,autonomy_level,0,0,0,verified,133,0,,,,locator1_normalize
1886,515,validation_setting,0,0,0,flagged,135,0,,,,
1887,515,task_monitor,0,0,0,flagged,84,0,,,,
1888,515,task_generate,0,0,0,flagged,84,0,,,,
1889,515,task_select,0,0,0,flagged,110,0,,,,
1890,515,task_execute,0,0,0,flagged,133,0,,,,locator1_normalize
1891,515,system_maturity,0,0,0,verified,60,0,,,,locator1_normalize
1892,515,study_design,0,0,0,verified,118,0,raw,,,locator1_normalize
1893,515,country,1,1,0,verified,0,0,,,,
1894,515,primary_outcome_metric,0,0,0,verified,97,0,,,,
1895,515,primary_outcome_value,1,1,0,verified,0,0,,,,
1896,515,comparison_to_human,1,1,0,verified,0,0,,,,
1897,515,secondary_outcomes,1,1,0,verified,0,0,,,,
1898,515,key_limitation,0,0,0,flagged,145,0,raw,,,locator1_normalize
1899,515,clinical_readiness_assessment,0,0,0,verified,145,0,raw,,,locator1_normalize
1900,516,study_type,0,0,0,verified,285,0,raw,,,locator1_normalize
1901,516,robot_platform,0,0,0,verified,182,0,raw,,,locator1_normalize
1902,516,task_performed,0,0,0,flagged,201,0,,,,
1903,516,sample_size,1,1,0,verified,0,0,,,,
1904,516,surgical_domain,0,0,0,flagged,201,0,,,,
1905,516,autonomy_level,0,0,0,verified,182,0,raw,,,locator1_normalize
1906,516,validation_setting,0,0,0,verified,130,0,raw,,,locator1_normalize
1907,516,task_monitor,0,0,0,flagged,90,0,,,,locator1_normalize
1908,516,task_generate,0,0,0,verified,182,0,raw,,,locator1_normalize
1909,516,task_select,0,0,0,verified,136,0,,,,
1910,516,task_execute,0,0,0,flagged,117,0,,,,
1911,516,system_maturity,0,0,0,verified,182,0,raw,,,locator1_normalize
1912,516,study_design,0,0,0,verified,285,0,raw,,,locator1_normalize
1913,516,country,0,0,0,verified,154,0,raw,,,locator1_normalize
1914,516,primary_outcome_metric,0,0,0,contested,236,0,,,,
1915,516,primary_outcome_value,1,1,0,verified,0,0,,,,
1916,516,comparison_to_human,1,1,0,verified,0,0,,,,
1917,516,secondary_outcomes,1,1,0,verified,0,0,,,,
1918,516,key_limitation,0,0,0,verified,111,0,raw,,,locator1_normalize
1919,516,clinical_readiness_assessment,0,0,0,verified,115,0,raw,,,locator1_normalize
1920,517,study_type,0,0,0,verified,159,0,raw,,,locator1_normalize
1921,517,robot_platform,0,0,0,verified,319,0,raw,,,locator1_normalize
1922,517,task_performed,0,0,0,verified,441,0,raw,,,locator1_normalize
1923,517,sample_size,1,1,0,verified,0,0,,,,
1924,517,surgical_domain,0,0,0,verified,80,0,raw,,,locator1_normalize
1925,517,autonomy_level,0,0,0,flagged,215,0,raw,,,locator1_normalize
1926,517,validation_setting,0,0,0,verified,212,0,raw,,,locator1_normalize
1927,517,task_monitor,0,0,0,flagged,215,0,raw,,,locator1_normalize
1928,517,task_generate,0,0,0,flagged,215,0,raw,,,locator1_normalize
1929,517,task_select,0,0,0,flagged,215,0,raw,,,locator1_normalize
1930,517,task_execute,0,0,0,verified,215,0,raw,,,locator1_normalize
1931,517,system_maturity,0,0,0,verified,215,0,raw,,,locator1_normalize
1932,517,study_design,0,0,0,verified,159,0,raw,,,locator1_normalize
1933,517,country,0,0,0,verified,114,0,raw,,,locator1_normalize
1934,517,primary_outcome_metric,0,0,0,flagged,117,0,,,,locator1_normalize
1935,517,primary_outcome_value,1,1,0,verified,0,0,,,,
1936,517,comparison_to_human,1,1,0,verified,0,0,,,,
1937,517,secondary_outcomes,1,1,0,verified,0,0,,,,
1938,517,key_limitation,0,0,0,flagged,84,0,raw,,,locator1_normalize
1939,517,clinical_readiness_assessment,0,0,0,verified,142,0,raw,,,locator1_normalize
1940,519,study_type,0,0,0,verified,150,0,raw,,,locator1_normalize
1941,519,robot_platform,0,0,0,verified,924,0,,,,
1942,519,task_performed,0,0,0,contested,71,0,,,,
1943,519,sample_size,0,1,0,verified,34,0,,,,
1944,519,surgical_domain,0,0,0,verified,14,0,raw,,,locator1_normalize
1945,519,autonomy_level,0,0,0,contested,90,0,,,,
1946,519,validation_setting,0,0,0,verified,40,0,,,,
1947,519,task_monitor,0,0,0,contested,39,0,,,,
1948,519,task_generate,0,0,0,contested,37,0,,,,
1949,519,task_select,0,0,0,contested,37,0,,,,
1950,519,task_execute,0,0,0,contested,37,0,,,,
1951,519,system_maturity,0,0,0,contested,57,0,,,,
1952,519,study_design,0,0,0,verified,518,0,raw,,,locator1_normalize
1953,519,country,0,1,0,verified,30,0,,,,
1954,519,primary_outcome_metric,0,0,0,verified,65,0,,,,
1955,519,primary_outcome_value,0,0,0,verified,126,0,,,,
1956,519,comparison_to_human,0,1,0,verified,44,0,,,,
1957,519,secondary_outcomes,0,1,0,verified,32,0,,,,
1958,519,key_limitation,0,0,0,flagged,43,0,raw,,,locator1_normalize
1959,519,clinical_readiness_assessment,0,0,0,flagged,43,0,raw,,,locator1_normalize
1960,522,study_type,0,0,0,verified,263,0,,,,
1961,522,robot_platform,0,0,0,flagged,161,0,,,,
1962,522,task_performed,0,0,0,verified,263,0,,,,
1963,522,sample_size,0,0,0,verified,96,0,raw,,,locator1_normalize
1964,522,surgical_domain,0,0,0,verified,313,0,raw,,,locator1_normalize
1965,522,autonomy_level,0,0,0,flagged,290,0,,,,locator1_normalize
1966,522,validation_setting,0,0,0,flagged,296,0,raw,,,locator1_normalize
1967,522,task_monitor,0,0,0,verified,290,0,,,,locator1_normalize
1968,522,task_generate,0,0,0,verified,290,0,,,,locator1_normalize
1969,522,task_select,0,0,0,verified,290,0,,,,locator1_normalize
1970,522,task_execute,0,0,0,verified,290,0,,,,locator1_normalize
1971,522,system_maturity,0,0,0,verified,296,0,raw,,,locator1_normalize
1972,522,study_design,0,0,0,verified,263,0,,,,
1973,522,country,0,0,0,verified,130,0,raw,,,locator1_normalize
1974,522,primary_outcome_metric,0,0,0,verified,106,0,,,,locator1_normalize
1975,522,primary_outcome_value,0,0,0,verified,106,0,,,,locator1_normalize
1976,522,comparison_to_human,0,1,0,verified,105,0,,,,
1977,522,secondary_outcomes,0,0,0,contested,611,0,,,,
1978,522,key_limitation,0,0,0,verified,332,0,raw,,,locator1_normalize
1979,522,clinical_readiness_assessment,0,0,0,flagged,296,0,raw,,,locator1_normalize
1980,526,study_type,0,0,0,verified,224,0,,,,
1981,526,robot_platform,0,0,0,verified,84,0,raw,,,locator1_normalize
1982,526,task_performed,0,0,0,verified,118,0,,,,
1983,526,sample_size,0,0,0,verified,308,0,whitespace,,,locator1_normalize
1984,526,surgical_domain,0,0,0,flagged,233,0,whitespace,,,locator1_normalize
1985,526,autonomy_level,0,0,0,flagged,164,0,raw,,,locator1_normalize
1986,526,validation_setting,0,0,0,flagged,68,0,whitespace,,,locator1_normalize
1987,526,task_monitor,0,0,0,flagged,70,0,raw,,,locator1_normalize
1988,526,task_generate,0,0,0,flagged,164,0,raw,,,locator1_normalize
1989,526,task_select,0,1,0,verified,38,0,,,,
1990,526,task_execute,0,0,0,contested,55,0,,,,
1991,526,system_maturity,0,0,0,verified,132,0,whitespace,,,locator1_normalize
1992,526,study_design,0,0,0,verified,295,0,whitespace,,,locator1_normalize
1993,526,country,0,0,0,verified,203,0,raw,,,locator1_normalize
1994,526,primary_outcome_metric,0,0,0,flagged,165,0,,,,locator1_normalize
1995,526,primary_outcome_value,0,0,0,flagged,290,0,,,,
1996,526,comparison_to_human,0,0,0,verified,165,0,,,,locator1_normalize
1997,526,secondary_outcomes,0,0,0,flagged,102,0,,,,locator1_normalize
1998,526,key_limitation,0,0,0,flagged,279,0,,,,
1999,526,clinical_readiness_assessment,0,0,0,flagged,122,0,,,,
2000,528,study_type,0,0,0,verified,272,0,raw,,,locator1_normalize
2001,528,robot_platform,0,0,0,flagged,207,0,raw,,,locator1_normalize
2002,528,task_performed,0,0,0,verified,128,0,raw,,,locator1_normalize
2003,528,sample_size,0,1,0,verified,88,0,,,,
2004,528,surgical_domain,0,0,0,contested,114,0,,,,
2005,528,autonomy_level,0,0,0,contested,299,0,,,,
2006,528,validation_setting,0,0,0,flagged,197,0,,,,locator1_normalize
2007,528,task_monitor,0,0,0,flagged,108,0,raw,,,locator1_normalize
2008,528,task_generate,0,0,0,flagged,218,0,,,,
2009,528,task_select,0,0,0,flagged,76,0,,,,locator1_normalize
2010,528,task_execute,0,0,0,flagged,38,0,,,,
2011,528,system_maturity,0,0,0,verified,121,0,,,,
2012,528,study_design,0,0,0,verified,629,0,raw,,,locator1_normalize
2013,528,country,0,0,0,verified,105,0,raw,,,locator1_normalize
2014,528,primary_outcome_metric,0,0,0,verified,153,0,,,,
2015,528,primary_outcome_value,0,0,0,verified,777,0,,,,
2016,528,comparison_to_human,0,1,0,verified,89,0,,,,
2017,528,secondary_outcomes,0,0,0,flagged,241,0,raw,,,locator1_normalize
2018,528,key_limitation,0,0,0,verified,282,0,raw,,,locator1_normalize
2019,528,clinical_readiness_assessment,0,0,0,flagged,75,0,raw,,,locator1_normalize
2020,532,study_type,0,0,0,verified,127,0,whitespace,,,locator1_normalize
2021,532,robot_platform,0,0,0,flagged,149,0,raw,,,locator1_normalize
2022,532,task_performed,0,0,0,verified,106,0,whitespace,,,locator1_normalize
2023,532,sample_size,0,0,0,flagged,165,0,whitespace,,,locator1_normalize
2024,532,surgical_domain,0,0,0,flagged,106,0,whitespace,,,locator1_normalize
2025,532,autonomy_level,0,0,0,verified,310,0,whitespace,,,locator1_normalize
2026,532,validation_setting,0,0,0,flagged,103,0,raw,,,locator1_normalize
2027,532,task_monitor,0,0,0,verified,130,0,,,,
2028,532,task_generate,0,0,0,flagged,114,0,,,,
2029,532,task_select,0,0,0,verified,114,0,,,,
2030,532,task_execute,0,0,0,flagged,156,0,,,,
2031,532,system_maturity,0,0,0,verified,71,0,raw,,,locator1_normalize
2032,532,study_design,0,0,0,verified,127,0,whitespace,,,locator1_normalize
2033,532,country,0,0,0,contested,75,0,,,,
2034,532,primary_outcome_metric,0,0,0,verified,145,0,raw,,,locator1_normalize
2035,532,primary_outcome_value,0,0,0,verified,145,0,raw,,,locator1_normalize
2036,532,comparison_to_human,0,0,0,flagged,93,0,,,,
2037,532,secondary_outcomes,0,0,0,verified,106,0,raw,,,locator1_normalize
2038,532,key_limitation,0,0,0,flagged,97,0,whitespace,,,locator1_normalize
2039,532,clinical_readiness_assessment,0,0,0,verified,98,0,,,,
2040,534,study_type,0,0,0,verified,108,0,raw,,,locator1_normalize
2041,534,robot_platform,0,0,0,verified,100,0,raw,,,locator1_normalize
2042,534,task_performed,0,0,0,flagged,84,0,raw,,,locator1_normalize
2043,534,sample_size,0,0,0,verified,120,0,raw,,,locator1_normalize
2044,534,surgical_domain,0,0,0,flagged,104,0,raw,,,locator1_normalize
2045,534,autonomy_level,0,0,0,contested,96,0,,,,
2046,534,validation_setting,0,0,0,flagged,133,0,,,,
2047,534,task_monitor,0,0,0,flagged,144,0,raw,,,locator1_normalize
2048,534,task_generate,0,0,0,flagged,62,0,,,,
2049,534,task_select,0,0,0,flagged,75,0,,,,
2050,534,task_execute,0,0,0,flagged,73,0,,,,
2051,534,system_maturity,0,0,0,contested,53,0,,,,
2052,534,study_design,0,0,0,contested,88,0,,,,
2053,534,country,0,0,0,contested,88,0,,,,
2054,534,primary_outcome_metric,0,0,0,contested,71,0,,,,
2055,534,primary_outcome_value,0,0,0,contested,71,0,,,,
2056,534,comparison_to_human,0,0,0,flagged,68,0,,,,
2057,534,secondary_outcomes,0,0,0,flagged,436,0,,,,
2058,534,key_limitation,0,0,0,flagged,126,0,,,,
2059,534,clinical_readiness_assessment,0,0,0,verified,61,0,,,,
2060,536,study_type,0,0,0,verified,124,0,raw,,,locator1_normalize
2061,536,robot_platform,0,0,0,verified,87,0,raw,,,locator1_normalize
2062,536,task_performed,0,0,0,flagged,113,0,,,,
2063,536,sample_size,0,0,0,flagged,69,0,,,,locator1_normalize
2064,536,surgical_domain,0,0,0,flagged,76,0,,,,
2065,536,autonomy_level,0,0,0,flagged,80,0,,,,
2066,536,validation_setting,0,0,0,flagged,105,0,raw,,,locator1_normalize
2067,536,task_monitor,0,0,0,flagged,113,0,,,,
2068,536,task_generate,0,0,0,flagged,72,0,,,,
2069,536,task_select,0,0,0,flagged,93,0,,,,
2070,536,task_execute,0,0,0,verified,66,0,,,,
2071,536,system_maturity,0,0,0,verified,87,0,raw,,,locator1_normalize
2072,536,study_design,0,0,0,verified,124,0,raw,,,locator1_normalize
2073,536,country,0,0,0,verified,67,0,,,,
2074,536,primary_outcome_metric,0,0,0,verified,163,0,raw,,,locator1_normalize
2075,536,primary_outcome_value,0,0,0,flagged,98,0,,,,
2076,536,comparison_to_human,0,1,0,verified,166,0,raw,,,locator1_normalize
2077,536,secondary_outcomes,0,0,0,flagged,100,0,,,,locator1_normalize
2078,536,key_limitation,0,0,0,flagged,163,0,raw,,,locator1_normalize
2079,536,clinical_readiness_assessment,0,0,0,verified,211,0,,,,
2080,537,study_type,0,0,0,verified,115,0,raw,,,locator1_normalize
2081,537,robot_platform,0,0,0,verified,150,0,raw,,,locator1_normalize
2082,537,task_performed,0,0,0,verified,122,0,raw,,,locator1_normalize
2083,537,sample_size,0,0,0,verified,93,0,raw,,,locator1_normalize
2084,537,surgical_domain,0,0,0,flagged,122,0,raw,,,locator1_normalize
2085,537,autonomy_level,0,0,0,flagged,65,0,,,,locator1_normalize
2086,537,validation_setting,0,0,0,verified,120,0,raw,,,locator1_normalize
2087,537,task_monitor,0,0,0,verified,155,0,raw,,,locator1_normalize
2088,537,task_generate,0,0,0,flagged,65,0,,,,locator1_normalize
2089,537,task_select,0,0,0,verified,69,0,raw,,,locator1_normalize
2090,537,task_execute,0,0,0,verified,62,0,,,,
2091,537,system_maturity,0,0,0,verified,114,0,,,,
2092,537,study_design,0,0,0,flagged,150,0,raw,,,locator1_normalize
2093,537,country,0,0,0,verified,166,0,raw,,,locator1_normalize
2094,537,primary_outcome_metric,0,0,0,verified,65,0,,,,locator1_normalize
2095,537,primary_outcome_value,0,0,0,verified,65,0,,,,locator1_normalize
2096,537,comparison_to_human,0,1,0,verified,70,0,,,,
2097,537,secondary_outcomes,0,0,0,contested,76,0,,,,
2098,537,key_limitation,0,0,0,verified,208,0,,,,
2099,537,clinical_readiness_assessment,0,0,0,verified,270,0,raw,,,locator1_normalize
2100,538,study_type,0,0,0,verified,76,0,raw,,,locator1_normalize
2101,538,robot_platform,0,0,0,contested,51,0,,,,
2102,538,task_performed,0,0,0,flagged,88,0,raw,,,locator1_normalize
2103,538,sample_size,0,0,0,verified,67,0,,,,locator1_normalize
2104,538,surgical_domain,0,0,0,verified,118,0,raw,,,locator1_normalize
2105,538,autonomy_level,0,0,0,flagged,139,0,,,,locator1_normalize
2106,538,validation_setting,0,0,0,verified,88,0,raw,,,locator1_normalize
2107,538,task_monitor,0,0,0,flagged,70,0,,,,
2108,538,task_generate,0,0,0,contested,110,0,,,,
2109,538,task_select,0,0,0,flagged,136,0,,,,
2110,538,task_execute,0,0,0,verified,139,0,,,,locator1_normalize
2111,538,system_maturity,0,0,0,contested,51,0,,,,
2112,538,study_design,0,0,0,verified,76,0,raw,,,locator1_normalize
2113,538,country,0,0,0,verified,87,0,raw,,,locator1_normalize
2114,538,primary_outcome_metric,0,0,0,verified,67,0,,,,locator1_normalize
2115,538,primary_outcome_value,0,0,0,verified,67,0,,,,locator1_normalize
2116,538,comparison_to_human,0,1,0,verified,67,0,raw,,,locator1_normalize
2117,538,secondary_outcomes,0,0,0,flagged,287,0,raw,,,locator1_normalize
2118,538,key_limitation,0,0,0,verified,86,0,raw,,,locator1_normalize
2119,538,clinical_readiness_assessment,0,0,0,verified,88,0,raw,,,locator1_normalize
2120,541,study_type,0,0,0,verified,303,0,raw,,,locator1_normalize
2121,541,robot_platform,0,0,0,verified,77,0,raw,,,locator1_normalize
2122,541,task_performed,0,0,0,flagged,77,0,,,,
2123,541,sample_size,1,1,0,verified,0,0,,,,
2124,541,surgical_domain,0,0,0,verified,237,0,raw,,,locator1_normalize
2125,541,autonomy_level,0,0,0,contested,242,0,,,,
2126,541,validation_setting,0,0,0,verified,96,0,raw,,,locator1_normalize
2127,541,task_monitor,0,0,0,flagged,145,0,,,,
2128,541,task_generate,0,0,0,flagged,68,0,,,,
2129,541,task_select,0,0,0,flagged,59,0,,,,
2130,541,task_execute,0,0,0,contested,77,0,,,,
2131,541,system_maturity,0,0,0,verified,127,0,raw,,,locator1_normalize
2132,541,study_design,0,0,0,verified,96,0,raw,,,locator1_normalize
2133,541,country,0,0,0,contested,72,0,,,,
2134,541,primary_outcome_metric,0,0,0,contested,67,0,,,,
2135,541,primary_outcome_value,0,0,0,contested,67,0,,,,
2136,541,comparison_to_human,1,1,0,verified,0,0,,,,
2137,541,secondary_outcomes,0,0,0,contested,59,0,,,,
2138,541,key_limitation,0,0,0,verified,173,0,,,,
2139,541,clinical_readiness_assessment,0,0,0,verified,140,0,,,,
2140,542,study_type,0,0,0,verified,331,0,raw,,,locator1_normalize
2141,542,robot_platform,0,0,0,verified,250,0,raw,,,locator1_normalize
2142,542,task_performed,0,0,0,verified,266,0,raw,,,locator1_normalize
2143,542,sample_size,0,0,0,verified,111,0,raw,,,locator1_normalize
2144,542,surgical_domain,0,0,0,verified,234,0,raw,,,locator1_normalize
2145,542,autonomy_level,0,0,0,flagged,194,0,raw,,,locator1_normalize
2146,542,validation_setting,0,0,0,verified,266,0,raw,,,locator1_normalize
2147,542,task_monitor,0,0,0,flagged,135,0,raw,,,locator1_normalize
2148,542,task_generate,0,0,0,flagged,208,0,,,,locator1_normalize
2149,542,task_select,0,0,0,flagged,85,0,raw,,,locator1_normalize
2150,542,task_execute,0,0,0,verified,119,0,raw,,,locator1_normalize
2151,542,system_maturity,0,0,0,verified,251,0,raw,,,locator1_normalize
2152,542,study_design,0,0,0,flagged,240,0,raw,,,locator1_normalize
2153,542,country,0,0,0,verified,161,0,raw,,,locator1_normalize
2154,542,primary_outcome_metric,0,0,0,flagged,404,0,,,,locator1_normalize
2155,542,primary_outcome_value,0,0,0,verified,177,0,,,,
2156,542,comparison_to_human,0,0,0,flagged,558,0,raw,,,locator1_normalize
2157,542,secondary_outcomes,0,0,0,flagged,404,0,,,,locator1_normalize
2158,542,key_limitation,0,0,0,verified,240,0,raw,,,locator1_normalize
2159,542,clinical_readiness_assessment,0,0,0,flagged,185,0,raw,,,locator1_normalize
2160,543,study_type,0,0,0,verified,241,0,raw,,,locator1_normalize
2161,543,robot_platform,0,0,0,flagged,61,0,raw,,,locator1_normalize
2162,543,task_performed,0,0,0,verified,241,0,raw,,,locator1_normalize
2163,543,sample_size,1,1,0,verified,0,0,,,,
2164,543,surgical_domain,0,0,0,verified,241,0,raw,,,locator1_normalize
2165,543,autonomy_level,0,0,0,flagged,172,0,raw,,,locator1_normalize
2166,543,validation_setting,0,0,0,flagged,241,0,raw,,,locator1_normalize
2167,543,task_monitor,0,0,0,flagged,178,0,,,,
2168,543,task_generate,0,0,0,verified,160,0,raw,,,locator1_normalize
2169,543,task_select,0,0,0,verified,160,0,raw,,,locator1_normalize
2170,543,task_execute,0,0,0,verified,178,0,,,,
2171,543,system_maturity,0,0,0,verified,241,0,raw,,,locator1_normalize
2172,543,study_design,0,0,0,verified,241,0,raw,,,locator1_normalize
2173,543,country,0,0,0,verified,133,0,raw,,,locator1_normalize
2174,543,primary_outcome_metric,0,0,0,verified,167,0,,,,
2175,543,primary_outcome_value,0,0,0,verified,167,0,,,,
2176,543,comparison_to_human,1,1,0,verified,0,0,,,,
2177,543,secondary_outcomes,0,0,0,flagged,139,0,,,,
2178,543,key_limitation,0,0,0,flagged,98,0,raw,,,locator1_normalize
2179,543,clinical_readiness_assessment,0,0,0,verified,129,0,raw,,,locator1_normalize
2180,546,study_type,0,0,0,verified,152,0,raw,,,locator1_normalize
2181,546,robot_platform,0,0,0,verified,138,0,,,,locator1_normalize
2182,546,task_performed,0,0,0,verified,381,0,,,,
2183,546,sample_size,0,1,0,verified,70,0,,,,
2184,546,surgical_domain,0,0,0,verified,149,0,raw,,,locator1_normalize
2185,546,autonomy_level,0,0,0,verified,152,0,raw,,,locator1_normalize
2186,546,validation_setting,0,0,0,verified,148,0,raw,,,locator1_normalize
2187,546,task_monitor,0,0,0,flagged,118,0,,,,
2188,546,task_generate,0,0,0,verified,121,0,,,,
2189,546,task_select,0,0,0,flagged,171,0,,,,
2190,546,task_execute,0,0,0,flagged,152,0,raw,,,locator1_normalize
2191,546,system_maturity,0,0,0,verified,183,0,,,,
2192,546,study_design,0,0,0,contested,221,0,,,,
2193,546,country,0,0,0,verified,195,0,,,,
2194,546,primary_outcome_metric,0,0,0,verified,148,0,raw,,,locator1_normalize
2195,546,primary_outcome_value,0,0,0,verified,148,0,raw,,,locator1_normalize
2196,546,comparison_to_human,0,1,0,verified,94,0,,,,
2197,546,secondary_outcomes,0,0,0,verified,462,0,raw,,,locator1_normalize
2198,546,key_limitation,0,0,0,verified,292,0,raw,,,locator1_normalize
2199,546,clinical_readiness_assessment,0,0,0,verified,195,0,raw,,,locator1_normalize
2200,548,study_type,0,0,0,contested,227,0,,,,
2201,548,robot_platform,0,0,0,flagged,128,0,,,,
2202,548,task_performed,0,0,0,flagged,506,0,raw,,,locator1_normalize
2203,548,sample_size,0,0,0,verified,23,0,raw,,,locator1_normalize
2204,548,surgical_domain,0,0,0,flagged,84,0,raw,,,locator1_normalize
2205,548,autonomy_level,0,0,0,contested,96,0,,,,
2206,548,validation_setting,0,0,0,verified,84,0,raw,,,locator1_normalize
2207,548,task_monitor,0,0,0,flagged,92,0,,,,
2208,548,task_generate,0,0,0,flagged,83,0,raw,,,locator1_normalize
2209,548,task_select,0,0,0,flagged,75,0,,,,
2210,548,task_execute,0,0,0,contested,51,0,,,,
2211,548,system_maturity,0,0,0,contested,94,0,,,,
2212,548,study_design,0,0,0,contested,105,0,,,,
2213,548,country,0,0,0,contested,61,0,,,,
2214,548,primary_outcome_metric,0,0,0,verified,89,0,,,,
2215,548,primary_outcome_value,0,0,0,flagged,201,0,,,,
2216,548,comparison_to_human,0,1,0,verified,70,0,,,,
2217,548,secondary_outcomes,0,0,0,flagged,112,0,,,,
2218,548,key_limitation,0,0,0,flagged,155,0,,,,locator1_normalize
2219,548,clinical_readiness_assessment,0,0,0,verified,236,0,,,,
2220,549,study_type,0,0,0,verified,229,0,raw,,,locator1_normalize
2221,549,robot_platform,0,0,0,verified,93,0,raw,,,locator1_normalize
2222,549,task_performed,0,0,0,verified,157,0,,,,
2223,549,sample_size,0,0,0,verified,53,0,raw,,,locator1_normalize
2224,549,surgical_domain,0,0,0,flagged,226,0,,,,
2225,549,autonomy_level,0,0,0,flagged,161,0,raw,,,locator1_normalize
2226,549,validation_setting,0,0,0,flagged,93,0,raw,,,locator1_normalize
2227,549,task_monitor,0,0,0,flagged,159,0,,,,locator1_normalize
2228,549,task_generate,0,0,0,flagged,109,0,raw,,,locator1_normalize
2229,549,task_select,0,0,0,flagged,159,0,raw,,,locator1_normalize
2230,549,task_execute,0,0,0,verified,85,0,raw,,,locator1_normalize
2231,549,system_maturity,0,0,0,verified,93,0,raw,,,locator1_normalize
2232,549,study_design,0,0,0,flagged,93,0,raw,,,locator1_normalize
2233,549,country,0,0,0,verified,617,0,raw,,,locator1_normalize
2234,549,primary_outcome_metric,0,0,0,verified,218,0,raw,,,locator1_normalize
2235,549,primary_outcome_value,0,0,0,contested,74,0,,,,
2236,549,comparison_to_human,0,0,0,flagged,151,0,,,,
2237,549,secondary_outcomes,0,0,0,contested,277,0,,,,
2238,549,key_limitation,0,0,0,flagged,246,0,raw,,,locator1_normalize
2239,549,clinical_readiness_assessment,0,0,0,verified,93,0,raw,,,locator1_normalize
2240,550,study_type,0,0,0,verified,118,0,,,,locator1_normalize
2241,550,robot_platform,0,0,0,verified,95,0,raw,,,locator1_normalize
2242,550,task_performed,0,0,0,contested,180,0,,,,
2243,550,sample_size,0,0,0,flagged,71,0,raw,,,locator1_normalize
2244,550,surgical_domain,0,0,0,verified,172,0,,,,
2245,550,autonomy_level,0,0,0,verified,173,0,raw,,,locator1_normalize
2246,550,validation_setting,0,0,0,verified,142,0,,,,
2247,550,task_monitor,0,0,0,verified,116,0,,,,
2248,550,task_generate,0,0,0,verified,169,0,,,,
2249,550,task_select,0,0,0,verified,169,0,,,,
2250,550,task_execute,0,0,0,verified,116,0,,,,
2251,550,system_maturity,0,0,0,verified,142,0,,,,
2252,550,study_design,0,0,0,verified,118,0,,,,locator1_normalize
2253,550,country,0,0,0,flagged,140,0,,,,
2254,550,primary_outcome_metric,0,0,0,flagged,131,0,,,,
2255,550,primary_outcome_value,0,0,0,contested,76,0,,,,
2256,550,comparison_to_human,0,1,0,verified,88,0,,,,
2257,550,secondary_outcomes,0,0,0,flagged,127,0,raw,,,locator1_normalize
2258,550,key_limitation,0,0,0,flagged,238,0,,,,
2259,550,clinical_readiness_assessment,0,0,0,flagged,142,0,,,,
2260,553,study_type,0,0,0,contested,171,0,,,,
2261,553,robot_platform,0,0,0,contested,94,0,,,,
2262,553,task_performed,0,0,0,contested,86,0,,,,
2263,553,sample_size,0,1,0,verified,85,0,,,,
2264,553,surgical_domain,0,0,0,contested,94,0,,,,
2265,553,autonomy_level,0,0,0,contested,91,0,,,,
2266,553,validation_setting,0,0,0,contested,99,0,,,,
2267,553,task_monitor,0,0,0,contested,81,0,,,,
2268,553,task_generate,0,0,0,contested,51,0,,,,
2269,553,task_select,0,1,0,verified,70,0,,,,
2270,553,task_execute,0,0,0,contested,72,0,,,,
2271,553,system_maturity,0,0,0,contested,85,0,,,,
2272,553,study_design,0,0,0,contested,89,0,,,,
2273,553,country,0,1,0,verified,69,0,,,,
2274,553,primary_outcome_metric,0,0,0,contested,80,0,,,,
2275,553,primary_outcome_value,0,0,0,contested,70,0,,,,
2276,553,comparison_to_human,0,1,0,verified,68,0,,,,
2277,553,secondary_outcomes,0,0,0,contested,92,0,,,,
2278,553,key_limitation,0,0,0,verified,95,0,,,,
2279,553,clinical_readiness_assessment,0,0,0,verified,95,0,,,,
2280,554,study_type,0,0,0,verified,238,0,raw,,,locator1_normalize
2281,554,robot_platform,0,0,0,flagged,194,0,raw,,,locator1_normalize
2282,554,task_performed,0,0,0,flagged,139,0,,,,locator1_normalize
2283,554,sample_size,0,1,0,verified,47,0,,,,
2284,554,surgical_domain,0,0,0,verified,146,0,raw,,,locator1_normalize
2285,554,autonomy_level,0,0,0,verified,316,0,,,,
2286,554,validation_setting,0,0,0,verified,151,0,,,,
2287,554,task_monitor,0,0,0,flagged,63,0,,,,
2288,554,task_generate,0,0,0,flagged,112,0,raw,,,locator1_normalize
2289,554,task_select,0,1,0,verified,74,0,,,,
2290,554,task_execute,0,0,0,verified,69,0,,,,
2291,554,system_maturity,0,0,0,contested,119,0,,,,
2292,554,study_design,0,0,0,verified,146,0,raw,,,locator1_normalize
2293,554,country,0,0,0,verified,80,0,raw,,,locator1_normalize
2294,554,primary_outcome_metric,0,0,0,verified,128,0,,,,
2295,554,primary_outcome_value,0,0,0,verified,128,0,,,,
2296,554,comparison_to_human,0,1,0,verified,89,0,,,,
2297,554,secondary_outcomes,0,1,0,verified,70,0,,,,
2298,554,key_limitation,0,0,0,flagged,151,0,,,,
2299,554,clinical_readiness_assessment,0,0,0,verified,126,0,,,,
2300,556,study_type,0,0,0,verified,121,0,,,,
2301,556,robot_platform,0,0,0,verified,158,0,,,,
2302,556,task_performed,0,0,0,verified,184,0,raw,,,locator1_normalize
2303,556,sample_size,0,1,0,verified,66,0,,,,
2304,556,surgical_domain,0,0,0,verified,184,0,raw,,,locator1_normalize
2305,556,autonomy_level,0,0,0,flagged,149,0,raw,,,locator1_normalize
2306,556,validation_setting,0,0,0,verified,136,0,,,,
2307,556,task_monitor,0,0,0,verified,163,0,,,,
2308,556,task_generate,0,0,0,flagged,81,0,raw,,,locator1_normalize
2309,556,task_select,0,0,0,flagged,93,0,,,,locator1_normalize
2310,556,task_execute,0,0,0,flagged,133,0,raw,,,locator1_normalize
2311,556,system_maturity,0,0,0,verified,158,0,,,,
2312,556,study_design,0,0,0,verified,78,0,raw,,,locator1_normalize
2313,556,country,0,0,0,contested,73,0,,,,
2314,556,primary_outcome_metric,0,0,0,verified,209,0,raw,,,locator1_normalize
2315,556,primary_outcome_value,0,0,0,verified,209,0,raw,,,locator1_normalize
2316,556,comparison_to_human,0,1,0,verified,61,0,,,,
2317,556,secondary_outcomes,0,0,0,verified,242,0,,,,
2318,556,key_limitation,0,0,0,flagged,198,0,raw,,,locator1_normalize
2319,556,clinical_readiness_assessment,0,0,0,verified,111,0,,,,
2320,557,study_type,0,0,0,verified,129,0,raw,,,locator1_normalize
2321,557,robot_platform,0,0,0,flagged,177,0,raw,,,locator1_normalize
2322,557,task_performed,0,0,0,flagged,142,0,raw,,,locator1_normalize
2323,557,sample_size,0,1,0,verified,82,0,,,,
2324,557,surgical_domain,0,0,0,verified,142,0,raw,,,locator1_normalize
2325,557,autonomy_level,0,0,0,contested,72,0,,,,
2326,557,validation_setting,0,0,0,verified,177,0,raw,,,locator1_normalize
2327,557,task_monitor,0,0,0,flagged,61,0,,,,
2328,557,task_generate,0,0,0,contested,51,0,,,,
2329,557,task_select,0,0,0,flagged,63,0,,,,
2330,557,task_execute,0,0,0,contested,52,0,,,,
2331,557,system_maturity,0,0,0,verified,70,0,,,,
2332,557,study_design,0,0,0,contested,73,0,,,,
2333,557,country,0,0,0,verified,120,0,,,,
2334,557,primary_outcome_metric,0,0,0,verified,130,0,,,,
2335,557,primary_outcome_value,0,1,0,verified,58,0,,,,
2336,557,comparison_to_human,0,1,0,verified,78,0,,,,
2337,557,secondary_outcomes,0,0,0,contested,76,0,,,,
2338,557,key_limitation,0,0,0,verified,177,0,raw,,,locator1_normalize
2339,557,clinical_readiness_assessment,0,0,0,verified,165,0,raw,,,locator1_normalize
2340,562,study_type,0,0,0,verified,162,0,,,,
2341,562,robot_platform,0,0,0,verified,157,0,,,,
2342,562,task_performed,0,0,0,verified,222,0,raw,,,locator1_normalize
2343,562,sample_size,0,1,0,verified,134,0,raw,,,locator1_normalize
2344,562,surgical_domain,0,0,0,verified,85,0,raw,,,locator1_normalize
2345,562,autonomy_level,0,0,0,contested,88,0,,,,
2346,562,validation_setting,0,0,0,contested,210,0,,,,
2347,562,task_monitor,0,0,0,flagged,61,0,,,,
2348,562,task_generate,0,0,0,contested,84,0,,,,
2349,562,task_select,0,0,0,flagged,72,0,,,,
2350,562,task_execute,0,0,0,contested,47,0,,,,
2351,562,system_maturity,0,0,0,verified,143,0,,,,
2352,562,study_design,0,0,0,flagged,162,0,,,,
2353,562,country,0,0,0,verified,108,0,raw,,,locator1_normalize
2354,562,primary_outcome_metric,0,0,0,flagged,134,0,raw,,,locator1_normalize
2355,562,primary_outcome_value,0,0,0,verified,128,0,,,,locator1_normalize
2356,562,comparison_to_human,0,1,0,verified,78,0,,,,
2357,562,secondary_outcomes,0,0,0,flagged,157,0,,,,
2358,562,key_limitation,0,0,0,verified,115,0,raw,,,locator1_normalize
2359,562,clinical_readiness_assessment,0,0,0,verified,134,0,raw,,,locator1_normalize
2360,566,study_type,0,0,0,verified,94,0,whitespace,,,locator1_normalize
2361,566,robot_platform,0,0,0,flagged,129,0,whitespace,,,locator1_normalize
2362,566,task_performed,0,0,0,flagged,141,0,,,,
2363,566,sample_size,0,0,0,flagged,109,0,,,,
2364,566,surgical_domain,0,0,0,verified,122,0,,,,
2365,566,autonomy_level,0,0,0,verified,81,0,,,,
2366,566,validation_setting,0,0,0,verified,85,0,whitespace,,,locator1_normalize
2367,566,task_monitor,0,0,0,verified,159,0,,,,
2368,566,task_generate,0,0,0,flagged,127,0,raw,,,locator1_normalize
2369,566,task_select,0,0,0,flagged,127,0,raw,,,locator1_normalize
2370,566,task_execute,0,0,0,verified,81,0,,,,
2371,566,system_maturity,0,0,0,verified,129,0,whitespace,,,locator1_normalize
2372,566,study_design,0,0,0,verified,92,0,raw,,,locator1_normalize
2373,566,country,0,0,0,verified,156,0,,,,
2374,566,primary_outcome_metric,0,0,0,verified,81,0,,,,
2375,566,primary_outcome_value,0,0,0,verified,81,0,,,,
2376,566,comparison_to_human,0,1,0,verified,70,0,,,,
2377,566,secondary_outcomes,0,0,0,flagged,123,0,,,,
2378,566,key_limitation,0,0,0,verified,123,0,,,,locator1_normalize
2379,566,clinical_readiness_assessment,0,0,0,verified,85,0,whitespace,,,locator1_normalize
2380,568,study_type,0,0,0,verified,22,0,raw,,,locator1_normalize
2381,568,robot_platform,0,0,0,verified,296,0,,,,
2382,568,task_performed,0,0,0,verified,188,0,raw,,,locator1_normalize
2383,568,sample_size,1,1,0,verified,0,0,,,,
2384,568,surgical_domain,0,0,0,verified,112,0,raw,,,locator1_normalize
2385,568,autonomy_level,0,0,0,verified,188,0,raw,,,locator1_normalize
2386,568,validation_setting,0,0,0,verified,141,0,,,,locator1_normalize
2387,568,task_monitor,0,0,0,flagged,113,0,,,,
2388,568,task_generate,0,0,0,flagged,160,0,raw,,,locator1_normalize
2389,568,task_select,0,0,0,flagged,160,0,raw,,,locator1_normalize
2390,568,task_execute,0,0,0,flagged,148,0,raw,,,locator1_normalize
2391,568,system_maturity,0,0,0,verified,146,0,,,,
2392,568,study_design,0,0,0,flagged,128,0,raw,,,locator1_normalize
2393,568,country,0,0,0,verified,114,0,raw,,,locator1_normalize
2394,568,primary_outcome_metric,0,0,0,verified,128,0,raw,,,locator1_normalize
2395,568,primary_outcome_value,0,0,0,verified,128,0,raw,,,locator1_normalize
2396,568,comparison_to_human,1,1,0,verified,0,0,,,,
2397,568,secondary_outcomes,1,1,0,verified,0,0,,,,
2398,568,key_limitation,0,0,0,flagged,304,0,,,,
2399,568,clinical_readiness_assessment,0,0,0,verified,141,0,,,,locator1_normalize
2400,570,study_type,0,0,0,contested,136,0,,,,
2401,570,robot_platform,0,0,0,verified,132,0,,,,
2402,570,task_performed,0,0,0,verified,221,0,raw,,,locator1_normalize
2403,570,sample_size,1,1,0,verified,0,0,,,,
2404,570,surgical_domain,0,0,0,contested,85,0,,,,
2405,570,autonomy_level,0,0,0,contested,112,0,,,,
2406,570,validation_setting,0,0,0,contested,91,0,,,,
2407,570,task_monitor,0,0,0,flagged,78,0,,,,
2408,570,task_generate,0,0,0,contested,68,0,,,,
2409,570,task_select,0,0,0,contested,65,0,,,,
2410,570,task_execute,0,0,0,contested,69,0,,,,
2411,570,system_maturity,0,0,0,contested,87,0,,,,
2412,570,study_design,0,0,0,flagged,85,0,,,,
2413,570,country,0,0,0,contested,99,0,,,,
2414,570,primary_outcome_metric,0,0,0,flagged,111,0,,,,
2415,570,primary_outcome_value,0,0,0,flagged,49,0,,,,
2416,570,comparison_to_human,1,1,0,verified,0,0,,,,
2417,570,secondary_outcomes,0,0,0,flagged,48,0,,,,
2418,570,key_limitation,0,0,0,verified,147,0,,,,
2419,570,clinical_readiness_assessment,0,0,0,verified,80,0,,,,
2420,572,study_type,0,0,0,verified,103,0,raw,,,locator1_normalize
2421,572,robot_platform,0,0,0,flagged,118,0,raw,,,locator1_normalize
2422,572,task_performed,0,0,0,contested,100,0,,,,
2423,572,sample_size,0,0,0,contested,103,0,,,,
2424,572,surgical_domain,0,0,0,contested,54,0,,,,
2425,572,autonomy_level,0,0,0,contested,58,0,,,,
2426,572,validation_setting,0,0,0,contested,51,0,,,,
2427,572,task_monitor,0,0,0,contested,44,0,,,,
2428,572,task_generate,0,0,0,contested,53,0,,,,
2429,572,task_select,0,0,0,contested,35,0,,,,
2430,572,task_execute,0,0,0,contested,43,0,,,,
2431,572,system_maturity,0,0,0,flagged,52,0,,,,
2432,572,study_design,0,0,0,contested,53,0,,,,
2433,572,country,0,0,0,contested,52,0,,,,
2434,572,primary_outcome_metric,0,0,0,verified,69,0,,,,
2435,572,primary_outcome_value,0,0,0,contested,33,0,,,,
2436,572,comparison_to_human,0,0,0,flagged,77,0,,,,
2437,572,secondary_outcomes,0,0,0,flagged,61,0,,,,
2438,572,key_limitation,0,0,0,verified,45,0,,,,
2439,572,clinical_readiness_assessment,0,0,0,verified,75,0,,,,
2440,574,study_type,0,0,0,verified,201,0,raw,,,locator1_normalize
2441,574,robot_platform,0,0,0,flagged,237,0,raw,,,locator1_normalize
2442,574,task_performed,0,0,0,verified,201,0,raw,,,locator1_normalize
2443,574,sample_size,0,0,0,verified,62,0,,,,
2444,574,surgical_domain,0,0,0,verified,128,0,raw,,,locator1_normalize
2445,574,autonomy_level,0,0,0,verified,104,0,raw,,,locator1_normalize
2446,574,validation_setting,0,0,0,verified,128,0,raw,,,locator1_normalize
2447,574,task_monitor,0,0,0,flagged,156,0,raw,,,locator1_normalize
2448,574,task_generate,0,0,0,flagged,194,0,raw,,,locator1_normalize
2449,574,task_select,0,0,0,verified,128,0,raw,,,locator1_normalize
2450,574,task_execute,0,0,0,verified,128,0,raw,,,locator1_normalize
2451,574,system_maturity,0,0,0,verified,237,0,raw,,,locator1_normalize
2452,574,study_design,0,0,0,verified,201,0,raw,,,locator1_normalize
2453,574,country,0,0,0,verified,242,0,raw,,,locator1_normalize
2454,574,primary_outcome_metric,0,0,0,verified,155,0,,,,locator1_normalize
2455,574,primary_outcome_value,0,0,0,verified,155,0,,,,locator1_normalize
2456,574,comparison_to_human,0,1,0,verified,155,0,,,,locator1_normalize
2457,574,secondary_outcomes,0,0,0,flagged,155,0,,,,locator1_normalize
2458,574,key_limitation,0,0,0,verified,258,0,,,,
2459,574,clinical_readiness_assessment,0,0,0,verified,128,0,raw,,,locator1_normalize
2460,576,study_type,0,0,0,verified,409,0,whitespace,,,locator1_normalize
2461,576,robot_platform,0,0,0,verified,409,0,whitespace,,,locator1_normalize
2462,576,task_performed,0,0,0,verified,84,0,raw,,,locator1_normalize
2463,576,sample_size,0,0,0,verified,107,0,raw,,,locator1_normalize
2464,576,surgical_domain,0,0,0,flagged,98,0,raw,,,locator1_normalize
2465,576,autonomy_level,0,0,0,verified,394,0,whitespace,,,locator1_normalize
2466,576,validation_setting,1,0,0,flagged,0,0,,,,
2467,576,task_monitor,0,0,0,flagged,407,0,whitespace,,,locator1_normalize
2468,576,task_generate,0,0,0,verified,98,0,raw,,,locator1_normalize
2469,576,task_select,0,0,0,flagged,209,0,whitespace,,,locator1_normalize
2470,576,task_execute,0,0,0,flagged,56,0,raw,,,locator1_normalize
2471,576,system_maturity,0,0,0,verified,127,0,,,,
2472,576,study_design,0,0,0,verified,409,0,whitespace,,,locator1_normalize
2473,576,country,0,0,0,flagged,92,0,raw,,,locator1_normalize
2474,576,primary_outcome_metric,0,0,0,verified,107,0,raw,,,locator1_normalize
2475,576,primary_outcome_value,0,0,0,verified,107,0,raw,,,locator1_normalize
2476,576,comparison_to_human,0,1,0,verified,107,0,raw,,,locator1_normalize
2477,576,secondary_outcomes,0,0,0,verified,107,0,raw,,,locator1_normalize
2478,576,key_limitation,0,0,0,flagged,820,0,whitespace,,,locator1_normalize
2479,576,clinical_readiness_assessment,0,0,0,verified,107,0,raw,,,locator1_normalize
2480,577,study_type,0,0,0,verified,162,0,whitespace,,,locator1_normalize
2481,577,robot_platform,0,0,0,verified,410,0,whitespace,,,locator1_normalize
2482,577,task_performed,0,0,0,flagged,217,0,,,,locator1_normalize
2483,577,sample_size,1,1,0,verified,0,0,,,,
2484,577,surgical_domain,0,0,0,verified,215,0,whitespace,,,locator1_normalize
2485,577,autonomy_level,0,0,0,verified,220,0,,,,
2486,577,validation_setting,0,0,0,flagged,303,0,whitespace,,,locator1_normalize
2487,577,task_monitor,0,0,0,verified,84,0,,,,
2488,577,task_generate,0,0,0,verified,84,0,,,,
2489,577,task_select,0,0,0,verified,84,0,,,,
2490,577,task_execute,0,0,0,verified,84,0,,,,
2491,577,system_maturity,0,0,0,verified,410,0,whitespace,,,locator1_normalize
2492,577,study_design,0,0,0,verified,260,0,,,,
2493,577,country,0,0,0,verified,98,0,,,,
2494,577,primary_outcome_metric,0,0,0,flagged,135,0,whitespace,,,locator1_normalize
2495,577,primary_outcome_value,0,0,0,flagged,124,0,raw,,,locator1_normalize
2496,577,comparison_to_human,1,1,0,verified,0,0,,,,
2497,577,secondary_outcomes,1,1,0,verified,0,0,,,,
2498,577,key_limitation,0,0,0,flagged,270,0,whitespace,,,locator1_normalize
2499,577,clinical_readiness_assessment,0,0,0,verified,124,0,raw,,,locator1_normalize
2500,580,study_type,0,0,0,verified,186,0,raw,,,locator1_normalize
2501,580,robot_platform,0,0,0,verified,295,0,whitespace,,,locator1_normalize
2502,580,task_performed,0,0,0,verified,295,0,whitespace,,,locator1_normalize
2503,580,sample_size,0,0,0,flagged,161,0,raw,,,locator1_normalize
2504,580,surgical_domain,0,0,0,verified,295,0,whitespace,,,locator1_normalize
2505,580,autonomy_level,0,0,0,verified,161,0,raw,,,locator1_normalize
2506,580,validation_setting,0,0,0,flagged,161,0,raw,,,locator1_normalize
2507,580,task_monitor,0,0,0,flagged,95,0,whitespace,,,locator1_normalize
2508,580,task_generate,0,0,0,verified,161,0,raw,,,locator1_normalize
2509,580,task_select,0,0,0,verified,161,0,raw,,,locator1_normalize
2510,580,task_execute,0,0,0,verified,161,0,raw,,,locator1_normalize
2511,580,system_maturity,0,0,0,verified,186,0,raw,,,locator1_normalize
2512,580,study_design,0,0,0,verified,186,0,raw,,,locator1_normalize
2513,580,country,0,0,0,verified,42,0,raw,,,locator1_normalize
2514,580,primary_outcome_metric,0,0,0,flagged,251,0,raw,,,locator1_normalize
2515,580,primary_outcome_value,0,0,0,flagged,251,0,raw,,,locator1_normalize
2516,580,comparison_to_human,0,1,0,verified,161,0,raw,,,locator1_normalize
2517,580,secondary_outcomes,0,0,0,flagged,251,0,raw,,,locator1_normalize
2518,580,key_limitation,0,0,0,verified,205,0,whitespace,,,locator1_normalize
2519,580,clinical_readiness_assessment,0,0,0,verified,161,0,raw,,,locator1_normalize
2520,581,study_type,0,0,0,verified,340,0,raw,,,locator1_normalize
2521,581,robot_platform,0,0,0,verified,146,0,raw,,,locator1_normalize
2522,581,task_performed,0,0,0,flagged,111,0,raw,,,locator1_normalize
2523,581,sample_size,0,1,0,verified,75,0,,,,
2524,581,surgical_domain,0,0,0,verified,115,0,raw,,,locator1_normalize
2525,581,autonomy_level,0,0,0,verified,171,0,raw,,,locator1_normalize
2526,581,validation_setting,0,0,0,contested,127,0,,,,
2527,581,task_monitor,0,0,0,flagged,151,0,,,,locator1_normalize
2528,581,task_generate,0,0,0,verified,171,0,raw,,,locator1_normalize
2529,581,task_select,0,0,0,verified,171,0,raw,,,locator1_normalize
2530,581,task_execute,0,0,0,verified,171,0,raw,,,locator1_normalize
2531,581,system_maturity,0,0,0,verified,146,0,raw,,,locator1_normalize
2532,581,study_design,0,0,0,verified,256,0,,,,
2533,581,country,0,0,0,verified,266,0,raw,,,locator1_normalize
2534,581,primary_outcome_metric,0,0,0,verified,420,0,raw,,,locator1_normalize
2535,581,primary_outcome_value,0,0,0,verified,420,0,raw,,,locator1_normalize
2536,581,comparison_to_human,0,1,0,verified,70,0,,,,
2537,581,secondary_outcomes,0,0,0,verified,420,0,raw,,,locator1_normalize
2538,581,key_limitation,0,0,0,flagged,131,0,raw,,,locator1_normalize
2539,581,clinical_readiness_assessment,0,0,0,flagged,514,0,,,,locator1_normalize
2540,586,study_type,0,0,1,verified,163,0,,whitespace,,
2541,586,robot_platform,0,0,1,verified,104,0,,whitespace,,
2542,586,task_performed,0,0,1,verified,177,0,,,,
2543,586,sample_size,0,1,1,verified,52,0,,,,
2544,586,surgical_domain,0,0,1,verified,113,0,,,,
2545,586,autonomy_level,0,0,1,flagged,187,0,,raw,,
2546,586,validation_setting,0,0,1,flagged,113,0,,,,
2547,586,task_monitor,0,0,1,flagged,155,0,,whitespace,,
2548,586,task_generate,0,0,1,flagged,177,0,,,,
2549,586,task_select,0,0,1,verified,211,0,,whitespace,,
2550,586,task_execute,0,0,1,flagged,56,0,,,,
2551,586,system_maturity,0,0,1,verified,104,0,,whitespace,,
2552,586,study_design,1,0,1,flagged,0,0,,,,
2553,586,country,0,0,1,verified,144,0,,,,
2554,586,primary_outcome_metric,0,0,1,verified,123,0,,whitespace,,
2555,586,primary_outcome_value,0,1,1,verified,61,0,,,,
2556,586,comparison_to_human,0,1,1,verified,70,0,,,,
2557,586,secondary_outcomes,0,1,1,verified,45,0,,,,
2558,586,key_limitation,0,0,1,verified,109,0,,raw,raw,
2559,586,clinical_readiness_assessment,0,0,1,flagged,117,0,,,,
2560,589,study_type,0,0,0,verified,525,0,raw,,,locator1_normalize
2561,589,robot_platform,0,0,0,verified,136,0,raw,,,locator1_normalize
2562,589,task_performed,0,0,0,verified,169,0,,,,
2563,589,sample_size,1,1,0,verified,0,0,,,,
2564,589,surgical_domain,0,0,0,flagged,150,0,raw,,,locator1_normalize
2565,589,autonomy_level,0,0,0,verified,304,0,raw,,,locator1_normalize
2566,589,validation_setting,0,0,0,flagged,89,0,raw,,,locator1_normalize
2567,589,task_monitor,0,0,0,verified,107,0,raw,,,locator1_normalize
2568,589,task_generate,0,0,0,verified,178,0,,,,
2569,589,task_select,0,0,0,verified,142,0,,,,locator1_normalize
2570,589,task_execute,0,0,0,verified,188,0,raw,,,locator1_normalize
2571,589,system_maturity,0,0,0,verified,144,0,raw,,,locator1_normalize
2572,589,study_design,0,0,0,verified,380,0,raw,,,locator1_normalize
2573,589,country,0,0,0,verified,129,0,raw,,,locator1_normalize
2574,589,primary_outcome_metric,0,0,0,flagged,160,0,raw,,,locator1_normalize
2575,589,primary_outcome_value,0,0,0,verified,104,0,raw,,,locator1_normalize
2576,589,comparison_to_human,1,1,0,verified,0,0,,,,
2577,589,secondary_outcomes,1,1,0,verified,0,0,,,,
2578,589,key_limitation,0,0,0,flagged,89,0,raw,,,locator1_normalize
2579,589,clinical_readiness_assessment,0,0,0,flagged,89,0,raw,,,locator1_normalize
2580,590,study_type,0,0,0,verified,243,0,raw,,,locator1_normalize
2581,590,robot_platform,0,0,0,verified,128,0,raw,,,locator1_normalize
2582,590,task_performed,0,0,0,verified,99,0,raw,,,locator1_normalize
2583,590,sample_size,1,1,0,verified,0,0,,,,
2584,590,surgical_domain,0,0,0,flagged,99,0,raw,,,locator1_normalize
2585,590,autonomy_level,0,0,0,verified,144,0,raw,,,locator1_normalize
2586,590,validation_setting,0,0,0,flagged,50,0,raw,,,locator1_normalize
2587,590,task_monitor,0,0,0,flagged,57,0,,,,
2588,590,task_generate,0,0,0,flagged,63,0,,,,
2589,590,task_select,0,0,0,flagged,57,0,,,,
2590,590,task_execute,0,0,0,flagged,57,0,,,,
2591,590,system_maturity,0,0,0,verified,128,0,raw,,,locator1_normalize
2592,590,study_design,0,0,0,verified,175,0,raw,,,locator1_normalize
2593,590,country,0,0,0,verified,121,0,whitespace,,,locator1_normalize
2594,590,primary_outcome_metric,0,0,0,flagged,175,0,raw,,,locator1_normalize
2595,590,primary_outcome_value,1,1,0,verified,0,0,,,,
2596,590,comparison_to_human,1,1,0,verified,0,0,,,,
2597,590,secondary_outcomes,1,1,0,verified,0,0,,,,
2598,590,key_limitation,0,0,0,verified,176,0,raw,,,locator1_normalize
2599,590,clinical_readiness_assessment,0,0,0,verified,175,0,raw,,,locator1_normalize
2600,602,study_type,0,0,0,verified,113,0,,,,
2601,602,robot_platform,0,0,0,flagged,108,0,raw,,,locator1_normalize
2602,602,task_performed,0,0,0,verified,154,0,raw,,,locator1_normalize
2603,602,sample_size,0,0,0,flagged,59,0,,,,locator1_normalize
2604,602,surgical_domain,0,0,0,verified,154,0,raw,,,locator1_normalize
2605,602,autonomy_level,0,0,0,verified,215,0,raw,,,locator1_normalize
2606,602,validation_setting,0,0,0,verified,160,0,raw,,,locator1_normalize
2607,602,task_monitor,0,0,0,flagged,233,0,raw,,,locator1_normalize
2608,602,task_generate,0,0,0,flagged,215,0,raw,,,locator1_normalize
2609,602,task_select,0,0,0,flagged,134,0,raw,,,locator1_normalize
2610,602,task_execute,0,0,0,contested,58,0,,,,
2611,602,system_maturity,0,0,0,verified,190,0,raw,,,locator1_normalize
2612,602,study_design,0,0,0,verified,177,0,raw,,,locator1_normalize
2613,602,country,0,0,0,verified,181,0,raw,,,locator1_normalize
2614,602,primary_outcome_metric,0,0,0,flagged,107,0,raw,,,locator1_normalize
2615,602,primary_outcome_value,0,0,0,verified,107,0,raw,,,locator1_normalize
2616,602,comparison_to_human,0,1,0,verified,160,0,raw,,,locator1_normalize
2617,602,secondary_outcomes,0,0,0,flagged,149,0,raw,,,locator1_normalize
2618,602,key_limitation,0,0,0,flagged,159,0,,,,locator1_normalize
2619,602,clinical_readiness_assessment,0,0,0,verified,160,0,raw,,,locator1_normalize
2620,604,study_type,0,0,0,verified,195,0,raw,,,locator1_normalize
2621,604,robot_platform,0,0,0,contested,413,0,,,,
2622,604,task_performed,0,0,0,flagged,111,0,raw,,,locator1_normalize
2623,604,sample_size,1,1,0,verified,0,0,,,,
2624,604,surgical_domain,0,0,0,verified,159,0,,,,locator1_normalize
2625,604,autonomy_level,0,0,0,flagged,172,0,,,,locator1_normalize
2626,604,validation_setting,0,0,0,contested,397,0,,,,
2627,604,task_monitor,0,0,0,flagged,61,0,,,,
2628,604,task_generate,0,0,0,contested,57,0,,,,
2629,604,task_select,1,1,0,verified,0,0,,,,
2630,604,task_execute,0,0,0,contested,42,0,,,,
2631,604,system_maturity,0,0,0,verified,222,0,,,,
2632,604,study_design,0,0,0,verified,111,0,raw,,,locator1_normalize
2633,604,country,0,0,0,verified,108,0,raw,,,locator1_normalize
2634,604,primary_outcome_metric,0,0,0,verified,172,0,,,,locator1_normalize
2635,604,primary_outcome_value,0,0,0,contested,396,0,,,,
2636,604,comparison_to_human,1,1,0,verified,0,0,,,,
2637,604,secondary_outcomes,0,0,0,flagged,172,0,,,,locator1_normalize
2638,604,key_limitation,0,0,0,flagged,502,0,raw,,,locator1_normalize
2639,604,clinical_readiness_assessment,0,0,0,verified,154,0,,,,locator1_normalize
2640,607,study_type,0,0,0,contested,133,0,,,,
2641,607,robot_platform,0,0,0,contested,67,0,,,,
2642,607,task_performed,0,0,0,flagged,92,0,,,,
2643,607,sample_size,0,0,0,contested,58,0,,,,
2644,607,surgical_domain,0,0,0,contested,71,0,,,,
2645,607,autonomy_level,0,0,0,contested,67,0,,,,
2646,607,validation_setting,0,0,0,contested,42,0,,,,
2647,607,task_monitor,0,0,0,contested,43,0,,,,
2648,607,task_generate,0,0,0,flagged,58,0,,,,
2649,607,task_select,0,0,0,flagged,39,0,,,,
2650,607,task_execute,0,0,0,contested,54,0,,,,
2651,607,system_maturity,0,0,0,contested,41,0,,,,
2652,607,study_design,0,0,0,contested,63,0,,,,
2653,607,country,0,0,0,contested,57,0,,,,
2654,607,primary_outcome_metric,0,0,0,contested,49,0,,,,
2655,607,primary_outcome_value,0,0,0,flagged,51,0,,,,
2656,607,comparison_to_human,0,1,0,verified,58,0,,,,
2657,607,secondary_outcomes,0,0,0,flagged,43,0,,,,
2658,607,key_limitation,0,0,0,flagged,61,0,,,,
2659,607,clinical_readiness_assessment,0,0,0,verified,63,0,,,,
2660,608,study_type,0,0,0,verified,209,0,raw,,,locator1_normalize
2661,608,robot_platform,0,0,0,flagged,379,0,,,,
2662,608,task_performed,0,0,0,verified,143,0,raw,,,locator1_normalize
2663,608,sample_size,0,0,0,verified,224,0,raw,,,locator1_normalize
2664,608,surgical_domain,0,0,0,verified,109,0,raw,,,locator1_normalize
2665,608,autonomy_level,0,0,0,verified,126,0,raw,,,locator1_normalize
2666,608,validation_setting,0,0,0,verified,109,0,raw,,,locator1_normalize
2667,608,task_monitor,0,0,0,flagged,123,0,,,,
2668,608,task_generate,0,0,0,flagged,112,0,raw,,,locator1_normalize
2669,608,task_select,0,0,0,flagged,112,0,raw,,,locator1_normalize
2670,608,task_execute,0,0,0,contested,172,0,,,,
2671,608,system_maturity,0,0,0,verified,167,0,,,,
2672,608,study_design,0,0,0,flagged,161,0,raw,,,locator1_normalize
2673,608,country,0,0,0,flagged,103,0,raw,,,locator1_normalize
2674,608,primary_outcome_metric,0,0,0,verified,161,0,raw,,,locator1_normalize
2675,608,primary_outcome_value,0,0,0,flagged,224,0,raw,,,locator1_normalize
2676,608,comparison_to_human,0,1,0,verified,69,0,,,,
2677,608,secondary_outcomes,0,0,0,verified,466,0,,,,
2678,608,key_limitation,0,0,0,verified,231,0,raw,,,locator1_normalize
2679,608,clinical_readiness_assessment,0,0,0,verified,167,0,,,,
2680,610,study_type,0,0,0,verified,153,0,,,,
2681,610,robot_platform,0,0,0,verified,141,0,raw,,,locator1_normalize
2682,610,task_performed,0,0,0,verified,377,0,raw,,,locator1_normalize
2683,610,sample_size,0,0,0,verified,133,0,raw,,,locator1_normalize
2684,610,surgical_domain,0,0,0,verified,97,0,raw,,,locator1_normalize
2685,610,autonomy_level,0,0,0,flagged,75,0,raw,,,locator1_normalize
2686,610,validation_setting,0,0,0,verified,97,0,raw,,,locator1_normalize
2687,610,task_monitor,0,0,0,flagged,51,0,,,,
2688,610,task_generate,0,0,0,flagged,51,0,,,,
2689,610,task_select,0,0,0,flagged,63,0,,,,
2690,610,task_execute,0,0,0,contested,52,0,,,,
2691,610,system_maturity,0,0,0,verified,75,0,raw,,,locator1_normalize
2692,610,study_design,0,0,0,contested,73,0,,,,
2693,610,country,0,0,0,verified,141,0,raw,,,locator1_normalize
2694,610,primary_outcome_metric,0,0,0,verified,90,0,raw,,,locator1_normalize
2695,610,primary_outcome_value,0,0,0,contested,27,0,,,,
2696,610,comparison_to_human,1,1,0,verified,0,0,,,,
2697,610,secondary_outcomes,0,0,0,flagged,89,0,,,,
2698,610,key_limitation,0,0,0,flagged,286,0,raw,,,locator1_normalize
2699,610,clinical_readiness_assessment,0,0,0,flagged,155,0,,,,
2700,614,study_type,0,0,0,verified,293,0,raw,,,locator1_normalize
2701,614,robot_platform,0,0,0,verified,195,0,raw,,,locator1_normalize
2702,614,task_performed,0,0,0,verified,261,0,raw,,,locator1_normalize
2703,614,sample_size,0,0,0,verified,294,0,,,,locator1_normalize
2704,614,surgical_domain,0,0,0,verified,130,0,raw,,,locator1_normalize
2705,614,autonomy_level,0,0,0,verified,289,0,raw,,,locator1_normalize
2706,614,validation_setting,0,0,0,verified,71,0,raw,,,locator1_normalize
2707,614,task_monitor,0,0,0,flagged,293,0,raw,,,locator1_normalize
2708,614,task_generate,0,0,0,verified,244,0,raw,,,locator1_normalize
2709,614,task_select,0,0,0,flagged,293,0,raw,,,locator1_normalize
2710,614,task_execute,0,0,0,flagged,293,0,raw,,,locator1_normalize
2711,614,system_maturity,0,0,0,verified,538,0,raw,,,locator1_normalize
2712,614,study_design,0,0,0,verified,251,0,raw,,,locator1_normalize
2713,614,country,0,0,0,verified,124,0,raw,,,locator1_normalize
2714,614,primary_outcome_metric,0,0,0,verified,247,0,raw,,,locator1_normalize
2715,614,primary_outcome_value,0,0,0,verified,247,0,raw,,,locator1_normalize
2716,614,comparison_to_human,0,1,0,verified,72,0,,,,
2717,614,secondary_outcomes,0,0,0,verified,188,0,raw,,,locator1_normalize
2718,614,key_limitation,0,0,0,flagged,270,0,raw,,,locator1_normalize
2719,614,clinical_readiness_assessment,0,0,0,verified,124,0,,,,
2720,617,study_type,0,0,0,verified,175,0,raw,,,locator1_normalize
2721,617,robot_platform,0,0,0,flagged,145,0,raw,,,locator1_normalize
2722,617,task_performed,0,0,0,verified,175,0,raw,,,locator1_normalize
2723,617,sample_size,1,1,0,verified,0,0,,,,
2724,617,surgical_domain,0,0,0,flagged,130,0,raw,,,locator1_normalize
2725,617,autonomy_level,0,0,0,verified,179,0,raw,,,locator1_normalize
2726,617,validation_setting,0,0,0,flagged,172,0,,,,locator1_normalize
2727,617,task_monitor,0,0,0,flagged,179,0,raw,,,locator1_normalize
2728,617,task_generate,0,0,0,verified,246,0,raw,,,locator1_normalize
2729,617,task_select,0,0,0,verified,246,0,raw,,,locator1_normalize
2730,617,task_execute,0,0,0,verified,179,0,raw,,,locator1_normalize
2731,617,system_maturity,0,0,0,verified,145,0,raw,,,locator1_normalize
2732,617,study_design,0,0,0,verified,51,0,raw,,,locator1_normalize
2733,617,country,0,0,0,verified,123,0,raw,,,locator1_normalize
2734,617,primary_outcome_metric,0,0,0,verified,97,0,raw,,,locator1_normalize
2735,617,primary_outcome_value,0,0,0,verified,97,0,raw,,,locator1_normalize
2736,617,comparison_to_human,0,0,0,flagged,83,0,raw,,,locator1_normalize
2737,617,secondary_outcomes,0,0,0,flagged,186,0,,,,
2738,617,key_limitation,0,0,0,flagged,256,0,whitespace,,,locator1_normalize
2739,617,clinical_readiness_assessment,0,0,0,verified,289,0,whitespace,,,locator1_normalize
2740,618,study_type,0,0,0,verified,99,0,raw,,,locator1_normalize
2741,618,robot_platform,0,0,0,verified,195,0,raw,,,locator1_normalize
2742,618,task_performed,0,0,0,verified,43,0,,,,
2743,618,sample_size,0,1,0,verified,35,0,,,,
2744,618,surgical_domain,0,0,0,flagged,412,0,,,,
2745,618,autonomy_level,0,0,0,flagged,121,0,raw,,,locator1_normalize
2746,618,validation_setting,0,0,0,flagged,133,0,raw,,,locator1_normalize
2747,618,task_monitor,0,0,0,flagged,87,0,,,,locator1_normalize
2748,618,task_generate,0,0,0,verified,167,0,raw,,,locator1_normalize
2749,618,task_select,0,0,0,flagged,167,0,raw,,,locator1_normalize
2750,618,task_execute,0,0,0,flagged,116,0,,,,locator1_normalize
2751,618,system_maturity,0,0,0,verified,81,0,raw,,,locator1_normalize
2752,618,study_design,0,0,0,flagged,184,0,,,,
2753,618,country,0,0,0,verified,145,0,,,,
2754,618,primary_outcome_metric,0,0,0,verified,292,0,,,,
2755,618,primary_outcome_value,0,0,0,verified,150,0,,,,
2756,618,comparison_to_human,0,1,0,verified,44,0,,,,
2757,618,secondary_outcomes,0,1,0,verified,37,0,,,,
2758,618,key_limitation,0,0,0,flagged,137,0,raw,,,locator1_normalize
2759,618,clinical_readiness_assessment,0,0,0,verified,133,0,raw,,,locator1_normalize
2760,622,study_type,0,0,0,contested,87,0,,,,
2761,622,robot_platform,0,0,0,verified,206,0,raw,,,locator1_normalize
2762,622,task_performed,0,0,0,flagged,138,0,,,,
2763,622,sample_size,0,1,0,verified,60,0,,,,
2764,622,surgical_domain,0,0,0,flagged,81,0,,,,
2765,622,autonomy_level,0,0,0,contested,101,0,,,,
2766,622,validation_setting,0,0,0,verified,142,0,whitespace,,,locator1_normalize
2767,622,task_monitor,0,0,0,contested,53,0,,,,
2768,622,task_generate,0,0,0,contested,66,0,,,,
2769,622,task_select,0,1,0,verified,38,0,,,,
2770,622,task_execute,0,0,0,contested,38,0,,,,
2771,622,system_maturity,0,0,0,verified,106,0,,,,
2772,622,study_design,0,0,0,contested,54,0,,,,
2773,622,country,0,1,0,verified,35,0,,,,
2774,622,primary_outcome_metric,0,0,0,flagged,155,0,,,,locator1_normalize
2775,622,primary_outcome_value,0,0,0,verified,155,0,,,,locator1_normalize
2776,622,comparison_to_human,0,1,0,verified,47,0,,,,
2777,622,secondary_outcomes,0,0,0,verified,118,0,raw,,,locator1_normalize
2778,622,key_limitation,0,0,0,verified,172,0,,,,
2779,622,clinical_readiness_assessment,0,0,0,verified,76,0,,,,
2780,623,study_type,0,0,0,verified,195,0,whitespace,,,locator1_normalize
2781,623,robot_platform,0,0,0,verified,184,0,raw,,,locator1_normalize
2782,623,task_performed,0,0,0,verified,179,0,,,,locator1_normalize
2783,623,sample_size,0,1,0,verified,84,0,,,,
2784,623,surgical_domain,0,0,0,flagged,62,0,,,,
2785,623,autonomy_level,0,0,0,verified,116,0,,,,locator1_normalize
2786,623,validation_setting,0,0,0,flagged,184,0,raw,,,locator1_normalize
2787,623,task_monitor,0,0,0,verified,116,0,,,,locator1_normalize
2788,623,task_generate,0,0,0,verified,121,0,,,,
2789,623,task_select,0,0,0,verified,116,0,,,,locator1_normalize
2790,623,task_execute,0,0,0,verified,131,0,,,,locator1_normalize
2791,623,system_maturity,0,0,0,verified,116,0,,,,locator1_normalize
2792,623,study_design,0,0,0,flagged,184,0,raw,,,locator1_normalize
2793,623,country,0,0,0,verified,148,0,,,,
2794,623,primary_outcome_metric,0,0,0,contested,159,0,,,,
2795,623,primary_outcome_value,0,1,0,verified,85,0,,,,
2796,623,comparison_to_human,0,1,0,verified,100,0,,,,
2797,623,secondary_outcomes,0,1,0,verified,79,0,,,,
2798,623,key_limitation,0,0,0,flagged,93,0,,,,locator1_normalize
2799,623,clinical_readiness_assessment,0,0,0,verified,116,0,,,,locator1_normalize
2800,626,study_type,0,0,0,verified,106,0,raw,,,locator1_normalize
2801,626,robot_platform,0,0,0,verified,299,0,raw,,,locator1_normalize
2802,626,task_performed,0,0,0,flagged,91,0,,,,locator1_normalize
2803,626,sample_size,0,0,0,verified,57,0,raw,,,locator1_normalize
2804,626,surgical_domain,0,0,0,flagged,121,0,raw,,,locator1_normalize
2805,626,autonomy_level,0,0,0,verified,121,0,raw,,,locator1_normalize
2806,626,validation_setting,0,0,0,flagged,96,0,raw,,,locator1_normalize
2807,626,task_monitor,0,0,0,flagged,158,0,raw,,,locator1_normalize
2808,626,task_generate,0,0,0,flagged,121,0,raw,,,locator1_normalize
2809,626,task_select,0,0,0,flagged,121,0,raw,,,locator1_normalize
2810,626,task_execute,0,0,0,verified,121,0,raw,,,locator1_normalize
2811,626,system_maturity,0,0,0,verified,106,0,raw,,,locator1_normalize
2812,626,study_design,0,0,0,verified,121,0,raw,,,locator1_normalize
2813,626,country,0,0,0,flagged,57,0,,,,
2814,626,primary_outcome_metric,0,0,0,verified,36,0,,,,
2815,626,primary_outcome_value,0,0,0,verified,36,0,,,,
2816,626,comparison_to_human,0,1,0,verified,23,0,,,,
2817,626,secondary_outcomes,0,0,0,flagged,109,0,raw,,,locator1_normalize
2818,626,key_limitation,0,0,0,flagged,57,0,raw,,,locator1_normalize
2819,626,clinical_readiness_assessment,0,0,0,verified,96,0,raw,,,locator1_normalize
2820,628,study_type,0,0,0,verified,141,0,raw,,,locator1_normalize
2821,628,robot_platform,0,0,0,verified,94,0,raw,,,locator1_normalize
2822,628,task_performed,0,0,0,flagged,277,0,raw,,,locator1_normalize
2823,628,sample_size,1,1,0,verified,0,0,,,,
2824,628,surgical_domain,0,0,0,verified,173,0,,,,
2825,628,autonomy_level,0,0,0,flagged,165,0,,,,
2826,628,validation_setting,0,0,0,verified,143,0,,,,
2827,628,task_monitor,0,0,0,contested,88,0,,,,
2828,628,task_generate,0,0,0,contested,93,0,,,,
2829,628,task_select,0,0,0,flagged,81,0,,,,
2830,628,task_execute,0,0,0,contested,79,0,,,,
2831,628,system_maturity,0,0,0,contested,64,0,,,,
2832,628,study_design,0,0,0,flagged,100,0,,,,
2833,628,country,0,0,0,contested,219,0,,,,
2834,628,primary_outcome_metric,0,0,0,verified,84,0,,,,
2835,628,primary_outcome_value,0,0,0,contested,124,0,,,,
2836,628,comparison_to_human,1,1,0,verified,0,0,,,,
2837,628,secondary_outcomes,0,0,0,flagged,197,0,,,,
2838,628,key_limitation,0,0,0,verified,143,0,,,,
2839,628,clinical_readiness_assessment,0,0,0,verified,161,0,,,,
2840,635,study_type,0,0,0,verified,132,0,raw,,,locator1_normalize
2841,635,robot_platform,0,0,0,verified,65,0,,,,
2842,635,task_performed,0,0,0,verified,82,0,,,,locator1_normalize
2843,635,sample_size,0,1,0,verified,97,0,raw,,,locator1_normalize
2844,635,surgical_domain,0,0,0,contested,73,0,,,,
2845,635,autonomy_level,0,0,0,contested,73,0,,,,
2846,635,validation_setting,0,0,0,flagged,75,0,,,,
2847,635,task_monitor,0,0,0,flagged,48,0,,,,
2848,635,task_generate,0,0,0,contested,38,0,,,,
2849,635,task_select,0,0,0,contested,38,0,,,,
2850,635,task_execute,0,0,0,contested,29,0,,,,
2851,635,system_maturity,0,0,0,contested,64,0,,,,
2852,635,study_design,0,0,0,contested,44,0,,,,
2853,635,country,0,0,0,contested,48,0,,,,
2854,635,primary_outcome_metric,0,0,0,contested,42,0,,,,
2855,635,primary_outcome_value,0,0,0,contested,42,0,,,,
2856,635,comparison_to_human,0,1,0,verified,49,0,,,,
2857,635,secondary_outcomes,0,0,0,flagged,45,0,,,,
2858,635,key_limitation,0,0,0,flagged,114,0,,,,
2859,635,clinical_readiness_assessment,0,0,0,verified,79,0,,,,
2860,637,study_type,0,0,0,verified,172,0,raw,,,locator1_normalize
2861,637,robot_platform,0,0,0,verified,160,0,,,,
2862,637,task_performed,0,0,0,flagged,131,0,,,,
2863,637,sample_size,1,1,0,verified,0,0,,,,
2864,637,surgical_domain,0,0,0,flagged,131,0,,,,
2865,637,autonomy_level,0,0,0,flagged,215,0,raw,,,locator1_normalize
2866,637,validation_setting,0,0,0,flagged,160,0,,,,
2867,637,task_monitor,0,0,0,flagged,232,0,raw,,,locator1_normalize
2868,637,task_generate,0,0,0,flagged,48,0,,,,
2869,637,task_select,0,0,0,flagged,53,0,,,,
2870,637,task_execute,0,0,0,contested,40,0,,,,
2871,637,system_maturity,0,0,0,verified,57,0,,,,
2872,637,study_design,0,0,0,contested,73,0,,,,
2873,637,country,0,0,0,verified,106,0,,,,
2874,637,primary_outcome_metric,0,0,0,verified,79,0,,,,locator1_normalize
2875,637,primary_outcome_value,0,0,0,flagged,79,0,,,,locator1_normalize
2876,637,comparison_to_human,1,1,0,verified,0,0,,,,
2877,637,secondary_outcomes,0,0,0,flagged,29,0,raw,,,locator1_normalize
2878,637,key_limitation,0,0,0,flagged,160,0,,,,
2879,637,clinical_readiness_assessment,0,0,0,verified,160,0,,,,
2880,639,study_type,0,0,0,verified,107,0,,,,locator1_normalize
2881,639,robot_platform,0,0,0,flagged,186,0,raw,,,locator1_normalize
2882,639,task_performed,0,0,0,verified,186,0,raw,,,locator1_normalize
2883,639,sample_size,0,0,0,verified,104,0,,,,
2884,639,surgical_domain,0,0,0,flagged,91,0,raw,,,locator1_normalize
2885,639,autonomy_level,0,0,0,flagged,131,0,raw,,,locator1_normalize
2886,639,validation_setting,0,0,0,verified,186,0,raw,,,locator1_normalize
2887,639,task_monitor,0,0,0,verified,144,0,raw,,,locator1_normalize
2888,639,task_generate,0,0,0,flagged,125,0,raw,,,locator1_normalize
2889,639,task_select,0,0,0,verified,144,0,raw,,,locator1_normalize
2890,639,task_execute,0,0,0,flagged,131,0,raw,,,locator1_normalize
2891,639,system_maturity,0,0,0,verified,74,0,,,,
2892,639,study_design,0,0,0,verified,107,0,,,,locator1_normalize
2893,639,country,0,0,0,verified,206,0,raw,,,locator1_normalize
2894,639,primary_outcome_metric,0,0,0,verified,104,0,,,,
2895,639,primary_outcome_value,0,0,0,verified,104,0,,,,
2896,639,comparison_to_human,0,0,0,verified,104,0,,,,
2897,639,secondary_outcomes,0,0,0,verified,135,0,raw,,,locator1_normalize
2898,639,key_limitation,0,0,0,flagged,140,0,,,,locator1_normalize
2899,639,clinical_readiness_assessment,0,0,0,verified,136,0,raw,,,locator1_normalize
2900,640,study_type,0,0,0,verified,313,0,raw,,,locator1_normalize
2901,640,robot_platform,0,0,0,verified,313,0,raw,,,locator1_normalize
2902,640,task_performed,0,0,0,verified,313,0,raw,,,locator1_normalize
2903,640,sample_size,0,0,0,verified,129,0,raw,,,locator1_normalize
2904,640,surgical_domain,0,0,0,flagged,689,0,raw,,,locator1_normalize
2905,640,autonomy_level,0,0,0,verified,313,0,raw,,,locator1_normalize
2906,640,validation_setting,0,0,0,verified,185,0,raw,,,locator1_normalize
2907,640,task_monitor,0,0,0,flagged,134,0,raw,,,locator1_normalize
2908,640,task_generate,0,0,0,verified,313,0,raw,,,locator1_normalize
2909,640,task_select,0,0,0,verified,689,0,raw,,,locator1_normalize
2910,640,task_execute,0,0,0,verified,176,0,,,,locator1_normalize
2911,640,system_maturity,0,0,0,verified,176,0,,,,locator1_normalize
2912,640,study_design,0,0,0,verified,313,0,raw,,,locator1_normalize
2913,640,country,0,0,0,verified,113,0,raw,,,locator1_normalize
2914,640,primary_outcome_metric,0,0,0,verified,83,0,,,,locator1_normalize
2915,640,primary_outcome_value,0,0,0,verified,179,0,raw,,,locator1_normalize
2916,640,comparison_to_human,0,1,0,verified,48,0,,,,
2917,640,secondary_outcomes,0,0,0,verified,50,0,,,,locator1_normalize
2918,640,key_limitation,0,0,0,flagged,244,0,raw,,,locator1_normalize
2919,640,clinical_readiness_assessment,0,0,0,verified,185,0,raw,,,locator1_normalize
2920,643,study_type,0,0,0,verified,225,0,raw,,,locator1_normalize
2921,643,robot_platform,0,0,0,verified,234,0,raw,,,locator1_normalize
2922,643,task_performed,0,0,0,verified,206,0,raw,,,locator1_normalize
2923,643,sample_size,0,1,0,verified,82,0,,,,
2924,643,surgical_domain,0,0,0,verified,288,0,raw,,,locator1_normalize
2925,643,autonomy_level,0,0,0,verified,220,0,raw,,,locator1_normalize
2926,643,validation_setting,0,0,0,flagged,288,0,raw,,,locator1_normalize
2927,643,task_monitor,0,0,0,verified,168,0,raw,,,locator1_normalize
2928,643,task_generate,0,0,0,verified,168,0,raw,,,locator1_normalize
2929,643,task_select,0,0,0,verified,88,0,,,,
2930,643,task_execute,0,0,0,contested,146,0,,,,
2931,643,system_maturity,0,0,0,verified,168,0,raw,,,locator1_normalize
2932,643,study_design,0,0,0,verified,168,0,raw,,,locator1_normalize
2933,643,country,0,0,0,flagged,97,0,raw,,,locator1_normalize
2934,643,primary_outcome_metric,0,0,0,flagged,233,0,raw,,,locator1_normalize
2935,643,primary_outcome_value,0,1,0,verified,84,0,,,,
2936,643,comparison_to_human,0,1,0,verified,89,0,,,,
2937,643,secondary_outcomes,0,1,0,verified,86,0,,,,
2938,643,key_limitation,0,0,0,verified,307,0,raw,,,locator1_normalize
2939,643,clinical_readiness_assessment,0,0,0,verified,288,0,raw,,,locator1_normalize
2940,644,study_type,0,0,0,verified,321,0,raw,,,locator1_normalize
2941,644,robot_platform,0,0,0,verified,321,0,raw,,,locator1_normalize
2942,644,task_performed,0,0,0,verified,321,0,raw,,,locator1_normalize
2943,644,sample_size,1,1,0,verified,0,0,,,,
2944,644,surgical_domain,1,0,0,flagged,0,0,,,,
2945,644,autonomy_level,0,0,0,flagged,133,0,,,,
2946,644,validation_setting,0,0,0,flagged,125,0,raw,,,locator1_normalize
2947,644,task_monitor,1,0,0,flagged,0,0,,,,
2948,644,task_generate,0,0,0,flagged,173,0,raw,,,locator1_normalize
2949,644,task_select,0,0,0,flagged,173,0,raw,,,locator1_normalize
2950,644,task_execute,0,0,0,flagged,173,0,raw,,,locator1_normalize
2951,644,system_maturity,1,0,0,flagged,0,0,,,,
2952,644,study_design,0,0,0,verified,321,0,raw,,,locator1_normalize
2953,644,country,0,0,0,verified,76,0,raw,,,locator1_normalize
2954,644,primary_outcome_metric,0,0,0,verified,125,0,raw,,,locator1_normalize
2955,644,primary_outcome_value,1,1,0,verified,0,0,,,,
2956,644,comparison_to_human,1,1,0,verified,0,0,,,,
2957,644,secondary_outcomes,0,0,0,flagged,101,0,raw,,,locator1_normalize
2958,644,key_limitation,0,0,0,verified,206,0,,,,
2959,644,clinical_readiness_assessment,0,0,0,verified,120,0,raw,,,locator1_normalize
2960,645,study_type,0,0,0,verified,80,0,,,,locator1_normalize
2961,645,robot_platform,0,0,0,flagged,711,0,raw,,,locator1_normalize
2962,645,task_performed,0,0,0,verified,183,0,,,,
2963,645,sample_size,0,1,0,verified,33,0,,,,
2964,645,surgical_domain,0,0,0,verified,270,0,raw,,,locator1_normalize
2965,645,autonomy_level,0,0,0,flagged,167,0,raw,,,locator1_normalize
2966,645,validation_setting,0,0,0,verified,383,0,raw,,,locator1_normalize
2967,645,task_monitor,0,0,0,flagged,167,0,raw,,,locator1_normalize
2968,645,task_generate,0,0,0,flagged,48,0,,,,
2969,645,task_select,0,0,0,flagged,135,0,raw,,,locator1_normalize
2970,645,task_execute,0,0,0,contested,48,0,,,,
2971,645,system_maturity,0,0,0,verified,144,0,raw,,,locator1_normalize
2972,645,study_design,0,0,0,verified,248,0,,,,locator1_normalize
2973,645,country,0,0,0,verified,77,0,raw,,,locator1_normalize
2974,645,primary_outcome_metric,0,0,0,contested,150,0,,,,
2975,645,primary_outcome_value,0,1,0,verified,35,0,,,,
2976,645,comparison_to_human,0,1,0,verified,44,0,,,,
2977,645,secondary_outcomes,0,1,0,verified,42,0,,,,
2978,645,key_limitation,0,0,0,flagged,175,0,raw,,,locator1_normalize
2979,645,clinical_readiness_assessment,0,0,0,verified,248,0,,,,locator1_normalize
2980,653,study_type,0,0,0,verified,16,0,raw,,,locator1_normalize
2981,653,robot_platform,0,0,0,flagged,138,0,,,,
2982,653,task_performed,0,0,0,flagged,130,0,,,,
2983,653,sample_size,0,0,0,flagged,120,0,,,,
2984,653,surgical_domain,0,0,0,verified,120,0,raw,,,locator1_normalize
2985,653,autonomy_level,0,0,0,flagged,120,0,raw,,,locator1_normalize
2986,653,validation_setting,0,0,0,flagged,248,0,,,,
2987,653,task_monitor,0,0,0,flagged,61,0,raw,,,locator1_normalize
2988,653,task_generate,0,0,0,flagged,61,0,raw,,,locator1_normalize
2989,653,task_select,0,0,0,flagged,61,0,raw,,,locator1_normalize
2990,653,task_execute,0,0,0,verified,61,0,raw,,,locator1_normalize
2991,653,system_maturity,0,0,0,verified,61,0,raw,,,locator1_normalize
2992,653,study_design,0,0,0,verified,248,0,raw,,,locator1_normalize
2993,653,country,0,0,0,verified,66,0,raw,,,locator1_normalize
2994,653,primary_outcome_metric,0,0,0,verified,61,0,raw,,,locator1_normalize
2995,653,primary_outcome_value,0,0,0,verified,367,0,raw,,,locator1_normalize
2996,653,comparison_to_human,0,1,0,verified,227,0,raw,,,locator1_normalize
2997,653,secondary_outcomes,0,0,0,verified,148,0,raw,,,locator1_normalize
2998,653,key_limitation,0,0,0,flagged,152,0,raw,,,locator1_normalize
2999,653,clinical_readiness_assessment,0,0,0,verified,248,0,raw,,,locator1_normalize
3000,654,study_type,0,0,0,verified,280,0,raw,,,locator1_normalize
3001,654,robot_platform,0,0,0,flagged,238,0,,,,locator1_normalize
3002,654,task_performed,0,0,0,verified,167,0,,,,
3003,654,sample_size,0,0,0,flagged,126,0,raw,,,locator1_normalize
3004,654,surgical_domain,0,0,0,verified,154,0,raw,,,locator1_normalize
3005,654,autonomy_level,0,0,0,contested,128,0,,,,
3006,654,validation_setting,0,0,0,verified,126,0,raw,,,locator1_normalize
3007,654,task_monitor,0,0,0,flagged,56,0,,,,
3008,654,task_generate,0,0,0,flagged,42,0,,,,
3009,654,task_select,0,0,0,flagged,41,0,,,,
3010,654,task_execute,0,0,0,contested,42,0,,,,
3011,654,system_maturity,0,0,0,verified,68,0,,,,
3012,654,study_design,0,0,0,contested,71,0,,,,
3013,654,country,0,0,0,contested,82,0,,,,
3014,654,primary_outcome_metric,0,0,0,verified,61,0,,,,
3015,654,primary_outcome_value,0,0,0,verified,61,0,,,,
3016,654,comparison_to_human,0,1,0,verified,48,0,,,,
3017,654,secondary_outcomes,0,0,0,flagged,90,0,,,,
3018,654,key_limitation,0,0,0,flagged,60,0,,,,
3019,654,clinical_readiness_assessment,0,0,0,verified,66,0,,,,
3020,659,study_type,0,0,0,verified,169,0,raw,,,locator1_normalize
3021,659,robot_platform,0,0,0,verified,353,0,raw,,,locator1_normalize
3022,659,task_performed,0,0,0,verified,169,0,raw,,,locator1_normalize
3023,659,sample_size,0,0,0,flagged,144,0,,,,
3024,659,surgical_domain,0,0,0,contested,141,0,,,,
3025,659,autonomy_level,0,0,0,contested,130,0,,,,
3026,659,validation_setting,0,0,0,contested,123,0,,,,
3027,659,task_monitor,0,0,0,contested,98,0,,,,
3028,659,task_generate,0,0,0,contested,114,0,,,,
3029,659,task_select,0,0,0,contested,103,0,,,,
3030,659,task_execute,0,0,0,contested,83,0,,,,
3031,659,system_maturity,0,0,0,contested,59,0,,,,
3032,659,study_design,0,0,0,contested,108,0,,,,
3033,659,country,0,0,0,contested,74,0,,,,
3034,659,primary_outcome_metric,0,0,0,contested,73,0,,,,
3035,659,primary_outcome_value,0,0,0,contested,81,0,,,,
3036,659,comparison_to_human,0,0,0,flagged,85,0,,,,
3037,659,secondary_outcomes,0,0,0,flagged,158,0,,,,
3038,659,key_limitation,0,0,0,verified,143,0,,,,
3039,659,clinical_readiness_assessment,0,0,0,verified,97,0,,,,
3040,660,study_type,0,0,0,verified,187,0,raw,,,locator1_normalize
3041,660,robot_platform,0,0,0,flagged,124,0,raw,,,locator1_normalize
3042,660,task_performed,0,0,0,verified,137,0,,,,locator1_normalize
3043,660,sample_size,0,0,0,verified,143,0,raw,,,locator1_normalize
3044,660,surgical_domain,0,0,0,flagged,170,0,raw,,,locator1_normalize
3045,660,autonomy_level,0,0,0,verified,111,0,raw,,,locator1_normalize
3046,660,validation_setting,0,0,0,verified,119,0,raw,,,locator1_normalize
3047,660,task_monitor,0,0,0,verified,111,0,raw,,,locator1_normalize
3048,660,task_generate,0,0,0,verified,111,0,raw,,,locator1_normalize
3049,660,task_select,0,0,0,verified,111,0,raw,,,locator1_normalize
3050,660,task_execute,0,0,0,verified,111,0,raw,,,locator1_normalize
3051,660,system_maturity,0,0,0,verified,111,0,raw,,,locator1_normalize
3052,660,study_design,0,0,0,verified,137,0,,,,locator1_normalize
3053,660,country,0,0,0,contested,71,0,,,,
3054,660,primary_outcome_metric,0,0,0,verified,114,0,raw,,,locator1_normalize
3055,660,primary_outcome_value,0,0,0,contested,78,0,,,,
3056,660,comparison_to_human,0,1,0,verified,89,0,,,,
3057,660,secondary_outcomes,0,0,0,contested,146,0,,,,
3058,660,key_limitation,0,0,0,flagged,119,0,raw,,,locator1_normalize
3059,660,clinical_readiness_assessment,0,0,0,verified,98,0,,,,
3060,661,study_type,0,0,0,verified,193,0,raw,,,locator1_normalize
3061,661,robot_platform,0,0,0,verified,106,0,raw,,,locator1_normalize
3062,661,task_performed,0,0,0,verified,193,0,raw,,,locator1_normalize
3063,661,sample_size,0,1,0,verified,180,0,raw,,,locator1_normalize
3064,661,surgical_domain,0,0,0,verified,144,0,raw,,,locator1_normalize
3065,661,autonomy_level,0,0,0,flagged,295,0,raw,,,locator1_normalize
3066,661,validation_setting,0,0,0,verified,180,0,raw,,,locator1_normalize
3067,661,task_monitor,0,0,0,flagged,118,0,raw,,,locator1_normalize
3068,661,task_generate,0,0,0,flagged,107,0,,,,
3069,661,task_select,0,0,0,flagged,209,0,,,,locator1_normalize
3070,661,task_execute,0,0,0,verified,295,0,raw,,,locator1_normalize
3071,661,system_maturity,0,0,0,verified,99,0,,,,locator1_normalize
3072,661,study_design,0,0,0,verified,193,0,raw,,,locator1_normalize
3073,661,country,0,0,0,verified,202,0,,,,
3074,661,primary_outcome_metric,0,0,0,flagged,238,0,,,,locator1_normalize
3075,661,primary_outcome_value,0,0,0,verified,216,0,,,,
3076,661,comparison_to_human,0,1,0,verified,180,0,raw,,,locator1_normalize
3077,661,secondary_outcomes,0,0,0,verified,211,0,raw,,,locator1_normalize
3078,661,key_limitation,0,0,0,verified,225,0,raw,,,locator1_normalize
3079,661,clinical_readiness_assessment,0,0,0,verified,180,0,raw,,,locator1_normalize
3080,663,study_type,0,0,0,verified,203,0,raw,,,locator1_normalize
3081,663,robot_platform,0,0,0,verified,98,0,,,,locator1_normalize
3082,663,task_performed,0,0,0,flagged,198,0,raw,,,locator1_normalize
3083,663,sample_size,1,1,0,verified,0,0,,,,
3084,663,surgical_domain,0,0,0,flagged,231,0,raw,,,locator1_normalize
3085,663,autonomy_level,0,0,0,flagged,176,0,raw,,,locator1_normalize
3086,663,validation_setting,0,0,0,verified,425,0,raw,,,locator1_normalize
3087,663,task_monitor,0,0,0,flagged,176,0,raw,,,locator1_normalize
3088,663,task_generate,0,0,0,flagged,198,0,raw,,,locator1_normalize
3089,663,task_select,0,0,0,flagged,198,0,raw,,,locator1_normalize
3090,663,task_execute,0,0,0,flagged,176,0,raw,,,locator1_normalize
3091,663,system_maturity,0,0,0,verified,203,0,raw,,,locator1_normalize
3092,663,study_design,0,0,0,verified,425,0,raw,,,locator1_normalize
3093,663,country,0,0,0,verified,187,0,raw,,,locator1_normalize
3094,663,primary_outcome_metric,0,0,0,flagged,282,0,raw,,,locator1_normalize
3095,663,primary_outcome_value,0,0,0,verified,282,0,raw,,,locator1_normalize
3096,663,comparison_to_human,1,1,0,verified,0,0,,,,
3097,663,secondary_outcomes,0,0,0,flagged,239,0,raw,,,locator1_normalize
3098,663,key_limitation,0,0,0,flagged,157,0,raw,,,locator1_normalize
3099,663,clinical_readiness_assessment,0,0,0,verified,191,0,raw,,,locator1_normalize
3100,668,study_type,0,0,0,verified,157,0,raw,,,locator1_normalize
3101,668,robot_platform,0,0,0,verified,85,0,whitespace,,,locator1_normalize
3102,668,task_performed,0,0,0,verified,126,0,whitespace,,,locator1_normalize
3103,668,sample_size,0,1,0,verified,33,0,,,,
3104,668,surgical_domain,0,0,0,flagged,87,0,,,,
3105,668,autonomy_level,0,0,0,verified,87,0,,,,
3106,668,validation_setting,0,0,0,flagged,146,0,raw,,,locator1_normalize
3107,668,task_monitor,0,0,0,flagged,94,0,,,,
3108,668,task_generate,0,0,0,verified,87,0,,,,
3109,668,task_select,0,1,0,verified,40,0,,,,
3110,668,task_execute,0,0,0,verified,87,0,,,,
3111,668,system_maturity,0,0,0,contested,78,0,,,,
3112,668,study_design,0,0,0,flagged,77,0,,,,
3113,668,country,0,0,0,verified,55,0,raw,,,locator1_normalize
3114,668,primary_outcome_metric,0,0,0,verified,102,0,,,,locator1_normalize
3115,668,primary_outcome_value,0,0,0,flagged,153,0,whitespace,,,locator1_normalize
3116,668,comparison_to_human,0,1,0,verified,44,0,,,,
3117,668,secondary_outcomes,0,0,0,flagged,114,0,,,,
3118,668,key_limitation,0,0,0,flagged,122,0,raw,,,locator1_normalize
3119,668,clinical_readiness_assessment,0,0,0,flagged,146,0,raw,,,locator1_normalize
3120,670,study_type,0,0,0,contested,192,0,,,,
3121,670,robot_platform,0,0,0,flagged,163,0,,,,
3122,670,task_performed,0,0,0,verified,191,0,,,,locator1_normalize
3123,670,sample_size,1,1,0,verified,0,0,,,,
3124,670,surgical_domain,0,0,0,contested,105,0,,,,
3125,670,autonomy_level,0,0,0,contested,95,0,,,,
3126,670,validation_setting,0,0,0,contested,71,0,,,,
3127,670,task_monitor,0,0,0,flagged,58,0,,,,
3128,670,task_generate,0,0,0,flagged,69,0,,,,
3129,670,task_select,1,1,0,verified,0,0,,,,
3130,670,task_execute,0,0,0,flagged,61,0,,,,
3131,670,system_maturity,0,0,0,contested,72,0,,,,
3132,670,study_design,0,0,0,contested,122,0,,,,
3133,670,country,0,0,0,contested,63,0,,,,
3134,670,primary_outcome_metric,0,0,0,contested,137,0,,,,
3135,670,primary_outcome_value,0,0,0,contested,54,0,,,,
3136,670,comparison_to_human,1,1,0,verified,0,0,,,,
3137,670,secondary_outcomes,0,0,0,contested,72,0,,,,
3138,670,key_limitation,0,0,0,verified,116,0,,,,
3139,670,clinical_readiness_assessment,0,0,0,verified,95,0,,,,
3140,676,study_type,0,0,0,verified,141,0,raw,,,locator1_normalize
3141,676,robot_platform,0,0,0,verified,126,0,raw,,,locator1_normalize
3142,676,task_performed,0,0,0,verified,104,0,raw,,,locator1_normalize
3143,676,sample_size,0,0,0,verified,45,0,,,,
3144,676,surgical_domain,0,0,0,verified,166,0,,,,
3145,676,autonomy_level,0,0,0,flagged,94,0,,,,
3146,676,validation_setting,0,0,0,verified,151,0,raw,,,locator1_normalize
3147,676,task_monitor,0,0,0,flagged,134,0,,,,
3148,676,task_generate,0,0,0,flagged,134,0,,,,
3149,676,task_select,0,0,0,flagged,134,0,,,,
3150,676,task_execute,0,0,0,verified,94,0,,,,
3151,676,system_maturity,0,0,0,verified,127,0,,,,
3152,676,study_design,0,0,0,verified,115,0,raw,,,locator1_normalize
3153,676,country,0,0,0,verified,113,0,raw,,,locator1_normalize
3154,676,primary_outcome_metric,0,0,0,verified,249,0,raw,,,locator1_normalize
3155,676,primary_outcome_value,0,0,0,flagged,117,0,raw,,,locator1_normalize
3156,676,comparison_to_human,0,0,0,flagged,346,0,raw,,,locator1_normalize
3157,676,secondary_outcomes,0,0,0,flagged,346,0,raw,,,locator1_normalize
3158,676,key_limitation,0,0,0,verified,353,0,raw,,,locator1_normalize
3159,676,clinical_readiness_assessment,0,0,0,verified,141,0,raw,,,locator1_normalize
3160,679,study_type,0,0,0,verified,119,0,raw,,,locator1_normalize
3161,679,robot_platform,0,0,0,flagged,90,0,raw,,,locator1_normalize
3162,679,task_performed,0,0,0,flagged,108,0,,,,
3163,679,sample_size,0,0,0,verified,174,0,raw,,,locator1_normalize
3164,679,surgical_domain,0,0,0,verified,71,0,raw,,,locator1_normalize
3165,679,autonomy_level,0,0,0,verified,105,0,,,,
3166,679,validation_setting,0,0,0,verified,141,0,raw,,,locator1_normalize
3167,679,task_monitor,0,0,0,flagged,195,0,,,,
3168,679,task_generate,0,0,0,flagged,115,0,,,,
3169,679,task_select,0,0,0,flagged,195,0,,,,
3170,679,task_execute,0,0,0,flagged,105,0,,,,
3171,679,system_maturity,0,0,0,flagged,108,0,,,,
3172,679,study_design,0,0,0,verified,119,0,raw,,,locator1_normalize
3173,679,country,0,0,0,verified,71,0,raw,,,locator1_normalize
3174,679,primary_outcome_metric,0,0,0,flagged,97,0,raw,,,locator1_normalize
3175,679,primary_outcome_value,0,0,0,verified,97,0,raw,,,locator1_normalize
3176,679,comparison_to_human,0,1,0,verified,119,0,raw,,,locator1_normalize
3177,679,secondary_outcomes,0,0,0,flagged,340,0,raw,,,locator1_normalize
3178,679,key_limitation,0,0,0,verified,157,0,raw,,,locator1_normalize
3179,679,clinical_readiness_assessment,0,0,0,verified,134,0,,,,
3180,683,study_type,0,0,0,verified,107,0,,,,
3181,683,robot_platform,0,0,0,flagged,84,0,,,,locator1_normalize
3182,683,task_performed,0,0,0,verified,196,0,raw,,,locator1_normalize
3183,683,sample_size,0,1,0,verified,93,0,,,,
3184,683,surgical_domain,0,0,0,flagged,158,0,,,,
3185,683,autonomy_level,0,0,0,flagged,158,0,raw,,,locator1_normalize
3186,683,validation_setting,0,0,0,verified,158,0,,,,
3187,683,task_monitor,0,0,0,verified,192,0,,,,locator1_normalize
3188,683,task_generate,0,0,0,verified,156,0,,,,locator1_normalize
3189,683,task_select,0,0,0,contested,90,0,,,,
3190,683,task_execute,0,0,0,contested,77,0,,,,
3191,683,system_maturity,0,0,0,verified,171,0,raw,,,locator1_normalize
3192,683,study_design,0,0,0,verified,107,0,,,,
3193,683,country,0,0,0,verified,177,0,,,,
3194,683,primary_outcome_metric,0,0,0,flagged,380,0,raw,,,locator1_normalize
3195,683,primary_outcome_value,0,0,0,flagged,563,0,,,,
3196,683,comparison_to_human,0,0,0,flagged,219,0,raw,,,locator1_normalize
3197,683,secondary_outcomes,0,0,0,flagged,104,0,raw,,,locator1_normalize
3198,683,key_limitation,0,0,0,verified,400,0,raw,,,locator1_normalize
3199,683,clinical_readiness_assessment,0,0,0,verified,158,0,,,,
3200,687,study_type,0,0,0,verified,210,0,raw,,,locator1_normalize
3201,687,robot_platform,0,0,0,verified,171,0,raw,,,locator1_normalize
3202,687,task_performed,0,0,0,flagged,160,0,raw,,,locator1_normalize
3203,687,sample_size,0,0,0,verified,104,0,,,,
3204,687,surgical_domain,0,0,0,verified,236,0,raw,,,locator1_normalize
3205,687,autonomy_level,0,0,0,flagged,270,0,,,,locator1_normalize
3206,687,validation_setting,0,0,0,verified,236,0,raw,,,locator1_normalize
3207,687,task_monitor,0,0,0,verified,276,0,,,,locator1_normalize
3208,687,task_generate,0,0,0,flagged,216,0,raw,,,locator1_normalize
3209,687,task_select,0,0,0,flagged,276,0,,,,locator1_normalize
3210,687,task_execute,0,0,0,flagged,147,0,raw,,,locator1_normalize
3211,687,system_maturity,0,0,0,verified,130,0,raw,,,locator1_normalize
3212,687,study_design,0,0,0,verified,262,0,raw,,,locator1_normalize
3213,687,country,0,0,0,verified,175,0,raw,,,locator1_normalize
3214,687,primary_outcome_metric,0,0,0,verified,144,0,,,,
3215,687,primary_outcome_value,0,0,0,verified,144,0,,,,
3216,687,comparison_to_human,0,0,0,flagged,332,0,raw,,,locator1_normalize
3217,687,secondary_outcomes,0,0,0,flagged,168,0,raw,,,locator1_normalize
3218,687,key_limitation,0,0,0,flagged,242,0,,,,
3219,687,clinical_readiness_assessment,0,0,0,verified,192,0,,,,
3220,689,study_type,0,0,0,verified,153,0,raw,,,locator1_normalize
3221,689,robot_platform,0,0,0,flagged,314,0,raw,,,locator1_normalize
3222,689,task_performed,0,0,0,verified,249,0,raw,,,locator1_normalize
3223,689,sample_size,0,1,0,verified,50,0,,,,
3224,689,surgical_domain,0,0,0,flagged,151,0,raw,,,locator1_normalize
3225,689,autonomy_level,0,0,0,contested,221,0,,,,
3226,689,validation_setting,0,0,0,flagged,171,0,,,,
3227,689,task_monitor,0,0,0,flagged,202,0,,,,
3228,689,task_generate,0,0,0,contested,221,0,,,,
3229,689,task_select,0,0,0,flagged,167,0,,,,
3230,689,task_execute,0,0,0,contested,221,0,,,,
3231,689,system_maturity,0,0,0,flagged,763,0,raw,,,locator1_normalize
3232,689,study_design,0,0,0,flagged,215,0,,,,
3233,689,country,0,0,0,verified,178,0,whitespace,,,locator1_normalize
3234,689,primary_outcome_metric,0,0,0,flagged,137,0,raw,,,locator1_normalize
3235,689,primary_outcome_value,0,0,0,verified,137,0,raw,,,locator1_normalize
3236,689,comparison_to_human,0,1,0,verified,60,0,,,,
3237,689,secondary_outcomes,0,0,0,verified,191,0,,,,
3238,689,key_limitation,0,0,0,verified,208,0,,,,
3239,689,clinical_readiness_assessment,0,0,0,verified,171,0,,,,
3240,690,study_type,0,0,0,flagged,60,0,raw,,,locator1_normalize
3241,690,robot_platform,0,0,0,verified,106,0,,,,
3242,690,task_performed,0,0,0,verified,105,0,,,,
3243,690,sample_size,0,1,0,verified,83,0,,,,
3244,690,surgical_domain,0,0,0,flagged,60,0,raw,,,locator1_normalize
3245,690,autonomy_level,0,0,0,contested,67,0,,,,
3246,690,validation_setting,0,0,0,contested,62,0,,,,
3247,690,task_monitor,0,0,0,contested,56,0,,,,
3248,690,task_generate,0,0,0,flagged,34,0,,,,
3249,690,task_select,0,0,0,flagged,42,0,,,,
3250,690,task_execute,0,0,0,flagged,32,0,,,,
3251,690,system_maturity,0,0,0,contested,58,0,,,,
3252,690,study_design,0,0,0,contested,37,0,,,,
3253,690,country,0,0,0,contested,35,0,,,,
3254,690,primary_outcome_metric,0,0,0,verified,93,0,,,,locator1_normalize
3255,690,primary_outcome_value,0,1,0,verified,22,0,,,,
3256,690,comparison_to_human,0,1,0,verified,19,0,,,,
3257,690,secondary_outcomes,0,0,0,verified,40,0,,,,locator1_normalize
3258,690,key_limitation,0,0,0,flagged,139,0,,,,locator1_normalize
3259,690,clinical_readiness_assessment,0,0,0,verified,37,0,,,,
3260,691,study_type,0,0,0,verified,143,0,,,,
3261,691,robot_platform,0,0,0,verified,100,0,raw,,,locator1_normalize
3262,691,task_performed,0,0,0,flagged,89,0,raw,,,locator1_normalize
3263,691,sample_size,0,0,0,flagged,60,0,raw,,,locator1_normalize
3264,691,surgical_domain,0,0,0,flagged,143,0,,,,
3265,691,autonomy_level,0,0,0,verified,89,0,raw,,,locator1_normalize
3266,691,validation_setting,0,0,0,flagged,100,0,raw,,,locator1_normalize
3267,691,task_monitor,0,0,0,flagged,168,0,raw,,,locator1_normalize
3268,691,task_generate,0,0,0,flagged,103,0,raw,,,locator1_normalize
3269,691,task_select,0,0,0,flagged,107,0,raw,,,locator1_normalize
3270,691,task_execute,0,0,0,verified,145,0,,,,locator1_normalize
3271,691,system_maturity,0,0,0,verified,208,0,raw,,,locator1_normalize
3272,691,study_design,0,0,0,verified,74,0,raw,,,locator1_normalize
3273,691,country,0,0,0,verified,288,0,raw,,,locator1_normalize
3274,691,primary_outcome_metric,0,0,0,verified,190,0,raw,,,locator1_normalize
3275,691,primary_outcome_value,0,0,0,verified,55,0,raw,,,locator1_normalize
3276,691,comparison_to_human,0,1,0,verified,69,0,,,,
3277,691,secondary_outcomes,0,0,0,flagged,83,0,raw,,,locator1_normalize
3278,691,key_limitation,0,0,0,flagged,234,0,raw,,,locator1_normalize
3279,691,clinical_readiness_assessment,0,0,0,verified,74,0,raw,,,locator1_normalize
3280,693,study_type,0,0,0,verified,174,0,raw,,,locator1_normalize
3281,693,robot_platform,0,0,0,verified,101,0,,,,
3282,693,task_performed,0,0,0,flagged,139,0,raw,,,locator1_normalize
3283,693,sample_size,0,0,0,verified,246,0,raw,,,locator1_normalize
3284,693,surgical_domain,0,0,0,verified,129,0,whitespace,,,locator1_normalize
3285,693,autonomy_level,0,0,0,flagged,56,0,,,,
3286,693,validation_setting,0,0,0,verified,129,0,whitespace,,,locator1_normalize
3287,693,task_monitor,0,0,0,flagged,149,0,whitespace,,,locator1_normalize
3288,693,task_generate,0,0,0,flagged,175,0,,,,
3289,693,task_select,0,0,0,flagged,149,0,whitespace,,,locator1_normalize
3290,693,task_execute,0,0,0,verified,74,0,,,,
3291,693,system_maturity,0,0,0,verified,171,0,,,,
3292,693,study_design,0,0,0,flagged,219,0,,,,
3293,693,country,0,0,0,verified,129,0,raw,,,locator1_normalize
3294,693,primary_outcome_metric,0,0,0,verified,65,0,raw,,,locator1_normalize
3295,693,primary_outcome_value,0,0,0,verified,65,0,raw,,,locator1_normalize
3296,693,comparison_to_human,0,1,0,verified,68,0,,,,
3297,693,secondary_outcomes,0,0,0,flagged,219,0,,,,
3298,693,key_limitation,0,0,0,flagged,113,0,whitespace,,,locator1_normalize
3299,693,clinical_readiness_assessment,0,0,0,verified,219,0,,,,
3300,694,study_type,0,0,0,verified,129,0,raw,,,locator1_normalize
3301,694,robot_platform,0,0,0,verified,194,0,raw,,,locator1_normalize
3302,694,task_performed,0,0,0,verified,133,0,raw,,,locator1_normalize
3303,694,sample_size,0,1,0,verified,71,0,,,,
3304,694,surgical_domain,0,0,0,contested,55,0,,,,
3305,694,autonomy_level,0,0,0,contested,72,0,,,,
3306,694,validation_setting,0,0,0,contested,55,0,,,,
3307,694,task_monitor,0,0,0,flagged,69,0,,,,
3308,694,task_generate,0,0,0,flagged,53,0,,,,
3309,694,task_select,0,0,0,flagged,66,0,,,,
3310,694,task_execute,0,0,0,contested,55,0,,,,
3311,694,system_maturity,0,0,0,contested,38,0,,,,
3312,694,study_design,0,0,0,contested,56,0,,,,
3313,694,country,0,0,0,contested,63,0,,,,
3314,694,primary_outcome_metric,0,0,0,contested,64,0,,,,
3315,694,primary_outcome_value,0,0,0,contested,66,0,,,,
3316,694,comparison_to_human,0,1,0,verified,56,0,,,,
3317,694,secondary_outcomes,0,1,0,verified,36,0,,,,
3318,694,key_limitation,0,0,0,flagged,65,0,,,,
3319,694,clinical_readiness_assessment,0,0,0,verified,68,0,,,,
3320,699,study_type,0,0,1,verified,95,0,,,,
3321,699,robot_platform,0,0,1,verified,108,0,,,,
3322,699,task_performed,0,0,1,verified,117,0,,raw,raw,
3323,699,sample_size,0,0,1,verified,110,0,,raw,,
3324,699,surgical_domain,0,0,1,contested,65,0,,,,
3325,699,autonomy_level,0,0,1,verified,129,0,,,,
3326,699,validation_setting,0,0,1,verified,73,0,,,,
3327,699,task_monitor,0,0,1,verified,129,0,,,,
3328,699,task_generate,0,0,1,flagged,60,0,,,,
3329,699,task_select,0,0,1,verified,99,0,,,,
3330,699,task_execute,0,0,1,contested,87,0,,,,
3331,699,system_maturity,0,0,1,verified,105,0,,,,
3332,699,study_design,0,0,1,verified,73,0,,raw,,
3333,699,country,0,0,1,verified,183,0,,,,
3334,699,primary_outcome_metric,0,0,1,verified,38,0,,raw,,
3335,699,primary_outcome_value,0,0,1,verified,38,0,,raw,,
3336,699,comparison_to_human,0,1,1,verified,48,0,,,,
3337,699,secondary_outcomes,0,0,1,flagged,315,0,,raw,,
3338,699,key_limitation,0,0,1,verified,110,0,,,,
3339,699,clinical_readiness_assessment,0,0,1,verified,110,0,,raw,,
3340,700,study_type,0,0,0,verified,230,0,raw,,,locator1_normalize
3341,700,robot_platform,0,0,0,verified,137,0,raw,,,locator1_normalize
3342,700,task_performed,0,0,0,flagged,321,0,raw,,,locator1_normalize
3343,700,sample_size,1,1,0,verified,0,0,,,,
3344,700,surgical_domain,0,0,0,verified,246,0,raw,,,locator1_normalize
3345,700,autonomy_level,0,0,0,verified,246,0,raw,,,locator1_normalize
3346,700,validation_setting,0,0,0,verified,193,0,raw,,,locator1_normalize
3347,700,task_monitor,0,0,0,flagged,92,0,,,,
3348,700,task_generate,0,0,0,flagged,246,0,raw,,,locator1_normalize
3349,700,task_select,0,1,0,verified,38,0,,,,
3350,700,task_execute,0,0,0,flagged,103,0,,,,
3351,700,system_maturity,0,0,0,verified,321,0,raw,,,locator1_normalize
3352,700,study_design,0,0,0,flagged,246,0,raw,,,locator1_normalize
3353,700,country,0,0,0,contested,59,0,,,,
3354,700,primary_outcome_metric,0,0,0,verified,225,0,raw,,,locator1_normalize
3355,700,primary_outcome_value,0,0,0,contested,49,0,,,,
3356,700,comparison_to_human,0,1,0,verified,44,0,,,,
3357,700,secondary_outcomes,0,0,0,flagged,59,0,,,,
3358,700,key_limitation,0,0,0,flagged,246,0,raw,,,locator1_normalize
3359,700,clinical_readiness_assessment,0,0,0,verified,246,0,raw,,,locator1_normalize
3360,708,study_type,0,0,0,verified,247,0,raw,,,locator1_normalize
3361,708,robot_platform,0,0,0,flagged,227,0,raw,,,locator1_normalize
3362,708,task_performed,0,0,0,flagged,284,0,raw,,,locator1_normalize
3363,708,sample_size,0,1,0,verified,111,0,,,,
3364,708,surgical_domain,0,0,0,verified,218,0,,,,locator1_normalize
3365,708,autonomy_level,0,0,0,verified,330,0,raw,,,locator1_normalize
3366,708,validation_setting,0,0,0,verified,238,0,raw,,,locator1_normalize
3367,708,task_monitor,0,0,0,flagged,171,0,,,,
3368,708,task_generate,0,0,0,flagged,152,0,,,,
3369,708,task_select,0,1,0,verified,64,0,,,,
3370,708,task_execute,0,0,0,verified,124,0,raw,,,locator1_normalize
3371,708,system_maturity,0,0,0,verified,227,0,raw,,,locator1_normalize
3372,708,study_design,0,0,0,flagged,330,0,raw,,,locator1_normalize
3373,708,country,0,0,0,verified,206,0,,,,
3374,708,primary_outcome_metric,0,0,0,verified,170,0,,,,
3375,708,primary_outcome_value,0,0,0,verified,170,0,,,,
3376,708,comparison_to_human,0,1,0,verified,81,0,,,,
3377,708,secondary_outcomes,0,0,0,flagged,444,0,raw,,,locator1_normalize
3378,708,key_limitation,0,0,0,verified,343,0,,,,
3379,708,clinical_readiness_assessment,0,0,0,flagged,251,0,raw,,,locator1_normalize
3380,719,field_1,0,0,1,contested,189,0,,,,
3381,720,study_type,0,0,0,verified,216,0,raw,,,locator1_normalize
3382,720,robot_platform,0,0,0,verified,159,0,raw,,,locator1_normalize
3383,720,task_performed,0,0,0,contested,231,0,,,,
3384,720,sample_size,1,1,0,verified,0,0,,,,
3385,720,surgical_domain,0,0,0,flagged,153,0,,,,
3386,720,autonomy_level,0,0,0,flagged,208,0,,,,locator1_normalize
3387,720,validation_setting,0,0,0,flagged,193,0,raw,,,locator1_normalize
3388,720,task_monitor,0,0,0,flagged,228,0,raw,,,locator1_normalize
3389,720,task_generate,0,0,0,flagged,139,0,,,,
3390,720,task_select,0,0,0,flagged,208,0,,,,locator1_normalize
3391,720,task_execute,0,0,0,flagged,208,0,,,,locator1_normalize
3392,720,system_maturity,0,0,0,flagged,159,0,raw,,,locator1_normalize
3393,720,study_design,0,0,0,flagged,236,0,raw,,,locator1_normalize
3394,720,country,0,0,0,verified,152,0,,,,
3395,720,primary_outcome_metric,0,0,0,verified,151,0,raw,,,locator1_normalize
3396,720,primary_outcome_value,0,0,0,verified,151,0,raw,,,locator1_normalize
3397,720,comparison_to_human,1,1,0,verified,0,0,,,,
3398,720,secondary_outcomes,0,0,0,flagged,125,0,raw,,,locator1_normalize
3399,720,key_limitation,0,0,0,verified,307,0,,,,
3400,720,clinical_readiness_assessment,0,0,0,verified,102,0,,,,
3401,738,study_type,0,0,0,verified,172,0,whitespace,,,locator1_normalize
3402,738,robot_platform,0,0,0,flagged,55,0,,,,
3403,738,task_performed,0,0,0,flagged,55,0,,,,
3404,738,sample_size,0,1,0,verified,152,0,raw,,,locator1_normalize
3405,738,surgical_domain,0,0,0,verified,55,0,,,,
3406,738,autonomy_level,0,0,0,verified,196,0,whitespace,,,locator1_normalize
3407,738,validation_setting,0,0,0,flagged,152,0,raw,,,locator1_normalize
3408,738,task_monitor,0,0,0,flagged,122,0,,,,locator1_normalize
3409,738,task_generate,0,0,0,flagged,123,0,,,,locator1_normalize
3410,738,task_select,0,0,0,flagged,122,0,,,,locator1_normalize
3411,738,task_execute,0,0,0,verified,115,0,raw,,,locator1_normalize
3412,738,system_maturity,0,0,0,verified,193,0,,,,locator1_normalize
3413,738,study_design,0,0,0,verified,604,0,whitespace,,,locator1_normalize
3414,738,country,0,0,0,verified,114,0,raw,,,locator1_normalize
3415,738,primary_outcome_metric,0,0,0,flagged,106,0,whitespace,,,locator1_normalize
3416,738,primary_outcome_value,0,0,0,verified,128,0,whitespace,,,locator1_normalize
3417,738,comparison_to_human,0,1,0,verified,152,0,raw,,,locator1_normalize
3418,738,secondary_outcomes,0,1,0,verified,128,0,whitespace,,,locator1_normalize
3419,738,key_limitation,0,0,0,flagged,181,0,whitespace,,,locator1_normalize
3420,738,clinical_readiness_assessment,0,0,0,flagged,152,0,raw,,,locator1_normalize
3421,741,study_type,0,0,0,verified,117,0,raw,,,locator1_normalize
3422,741,robot_platform,0,0,0,verified,82,0,,,,
3423,741,task_performed,0,0,0,flagged,160,0,raw,,,locator1_normalize
3424,741,sample_size,0,0,0,verified,140,0,raw,,,locator1_normalize
3425,741,surgical_domain,0,0,0,flagged,121,0,whitespace,,,locator1_normalize
3426,741,autonomy_level,0,0,0,verified,160,0,raw,,,locator1_normalize
3427,741,validation_setting,0,0,0,verified,94,0,,,,
3428,741,task_monitor,0,0,0,flagged,60,0,,,,
3429,741,task_generate,0,0,0,flagged,60,0,,,,
3430,741,task_select,0,0,0,flagged,60,0,,,,
3431,741,task_execute,0,0,0,flagged,60,0,,,,
3432,741,system_maturity,0,0,0,verified,82,0,,,,
3433,741,study_design,0,0,0,flagged,199,0,,,,
3434,741,country,0,0,0,verified,89,0,,,,
3435,741,primary_outcome_metric,0,0,0,verified,155,0,,,,
3436,741,primary_outcome_value,0,0,0,verified,155,0,,,,
3437,741,comparison_to_human,0,1,0,verified,60,0,,,,
3438,741,secondary_outcomes,0,0,0,flagged,115,0,,,,
3439,741,key_limitation,0,0,0,flagged,103,0,whitespace,,,locator1_normalize
3440,741,clinical_readiness_assessment,0,0,0,verified,94,0,,,,
3441,742,study_type,0,0,0,verified,181,0,raw,,,locator1_normalize
3442,742,robot_platform,0,0,0,verified,286,0,,,,
3443,742,task_performed,0,0,0,verified,693,0,,,,
3444,742,sample_size,0,1,0,verified,52,0,,,,
3445,742,surgical_domain,0,0,0,verified,101,0,,,,locator1_normalize
3446,742,autonomy_level,0,0,0,flagged,204,0,,,,
3447,742,validation_setting,0,0,0,verified,111,0,,,,
3448,742,task_monitor,0,0,0,flagged,72,0,,,,
3449,742,task_generate,0,0,0,contested,62,0,,,,
3450,742,task_select,0,0,0,contested,45,0,,,,
3451,742,task_execute,0,0,0,contested,58,0,,,,
3452,742,system_maturity,0,0,0,verified,56,0,,,,
3453,742,study_design,0,0,0,verified,80,0,,,,
3454,742,country,0,0,0,contested,52,0,,,,
3455,742,primary_outcome_metric,0,0,0,flagged,115,0,,,,
3456,742,primary_outcome_value,0,0,0,verified,45,0,,,,
3457,742,comparison_to_human,0,1,0,verified,82,0,,,,
3458,742,secondary_outcomes,0,0,0,flagged,70,0,,,,locator1_normalize
3459,742,key_limitation,0,0,0,flagged,283,0,,,,
3460,742,clinical_readiness_assessment,0,0,0,verified,120,0,,,,
3461,744,study_type,0,0,0,verified,77,0,whitespace,,,locator1_normalize
3462,744,robot_platform,0,0,0,verified,235,0,whitespace,,,locator1_normalize
3463,744,task_performed,0,0,0,flagged,77,0,whitespace,,,locator1_normalize
3464,744,sample_size,0,0,0,flagged,123,0,raw,,,locator1_normalize
3465,744,surgical_domain,0,0,0,flagged,73,0,whitespace,,,locator1_normalize
3466,744,autonomy_level,0,0,0,flagged,134,0,whitespace,,,locator1_normalize
3467,744,validation_setting,0,0,0,flagged,52,0,,,,locator1_normalize
3468,744,task_monitor,0,0,0,verified,134,0,whitespace,,,locator1_normalize
3469,744,task_generate,0,0,0,flagged,135,0,,,,
3470,744,task_select,0,0,0,verified,77,0,whitespace,,,locator1_normalize
3471,744,task_execute,0,0,0,flagged,127,0,,,,
3472,744,system_maturity,0,0,0,flagged,71,0,whitespace,,,locator1_normalize
3473,744,study_design,0,0,0,verified,79,0,whitespace,,,locator1_normalize
3474,744,country,1,1,0,verified,0,0,,,,
3475,744,primary_outcome_metric,0,0,0,verified,94,0,,,,
3476,744,primary_outcome_value,0,0,0,verified,94,0,,,,
3477,744,comparison_to_human,1,1,0,verified,0,0,,,,
3478,744,secondary_outcomes,0,0,0,verified,174,0,,,,
3479,744,key_limitation,0,0,0,verified,193,0,,,,
3480,744,clinical_readiness_assessment,0,0,0,verified,239,0,whitespace,,,locator1_normalize
3481,748,study_type,0,0,0,verified,235,0,whitespace,,,locator1_normalize
3482,748,robot_platform,0,0,0,verified,124,0,,,,
3483,748,task_performed,0,0,0,verified,138,0,,,,
3484,748,sample_size,0,1,0,verified,75,0,,,,
3485,748,surgical_domain,0,0,0,flagged,165,0,whitespace,,,locator1_normalize
3486,748,autonomy_level,0,0,0,flagged,152,0,,,,
3487,748,validation_setting,0,0,0,verified,198,0,whitespace,,,locator1_normalize
3488,748,task_monitor,0,0,0,verified,110,0,,,,locator1_normalize
3489,748,task_generate,0,0,0,verified,132,0,whitespace,,,locator1_normalize
3490,748,task_select,0,0,0,verified,110,0,,,,locator1_normalize
3491,748,task_execute,0,0,0,verified,177,0,whitespace,,,locator1_normalize
3492,748,system_maturity,0,0,0,verified,152,0,,,,
3493,748,study_design,0,0,0,verified,110,0,,,,locator1_normalize
3494,748,country,0,0,0,verified,124,0,raw,,,locator1_normalize
3495,748,primary_outcome_metric,0,0,0,verified,94,0,,,,
3496,748,primary_outcome_value,0,0,0,verified,94,0,,,,
3497,748,comparison_to_human,0,1,0,verified,78,0,,,,
3498,748,secondary_outcomes,0,0,0,verified,52,0,,,,locator1_normalize
3499,748,key_limitation,0,0,0,flagged,248,0,,,,
3500,748,clinical_readiness_assessment,0,0,0,verified,248,0,,,,
3501,750,study_type,0,0,0,verified,150,0,raw,,,locator1_normalize
3502,750,robot_platform,0,0,0,flagged,272,0,whitespace,,,locator1_normalize
3503,750,task_performed,0,0,0,flagged,175,0,raw,,,locator1_normalize
3504,750,sample_size,0,0,0,flagged,74,0,,,,
3505,750,surgical_domain,0,0,0,flagged,106,0,,,,
3506,750,autonomy_level,0,0,0,verified,115,0,whitespace,,,locator1_normalize
3507,750,validation_setting,0,0,0,verified,166,0,raw,,,locator1_normalize
3508,750,task_monitor,0,0,0,flagged,87,0,raw,,,locator1_normalize
3509,750,task_generate,0,0,0,flagged,56,0,,,,
3510,750,task_select,0,0,0,contested,82,0,,,,
3511,750,task_execute,0,0,0,contested,88,0,,,,
3512,750,system_maturity,0,0,0,verified,127,0,,,,
3513,750,study_design,0,0,0,flagged,150,0,raw,,,locator1_normalize
3514,750,country,0,0,0,verified,55,0,raw,,,locator1_normalize
3515,750,primary_outcome_metric,0,0,0,verified,45,0,,,,locator1_normalize
3516,750,primary_outcome_value,0,0,0,verified,45,0,,,,locator1_normalize
3517,750,comparison_to_human,0,1,0,verified,44,0,,,,
3518,750,secondary_outcomes,0,0,0,flagged,73,0,,,,
3519,750,key_limitation,0,0,0,flagged,84,0,raw,,,locator1_normalize
3520,750,clinical_readiness_assessment,0,0,0,verified,66,0,,,,
3521,752,study_type,0,0,0,verified,218,0,whitespace,,,locator1_normalize
3522,752,robot_platform,0,0,0,flagged,123,0,whitespace,,,locator1_normalize
3523,752,task_performed,0,0,0,flagged,205,0,whitespace,,,locator1_normalize
3524,752,sample_size,1,1,0,verified,0,0,,,,
3525,752,surgical_domain,0,0,0,verified,45,0,whitespace,,,locator1_normalize
3526,752,autonomy_level,0,0,0,verified,218,0,whitespace,,,locator1_normalize
3527,752,validation_setting,0,0,0,flagged,65,0,raw,,,locator1_normalize
3528,752,task_monitor,0,0,0,flagged,62,0,raw,,,locator1_normalize
3529,752,task_generate,0,0,0,flagged,218,0,whitespace,,,locator1_normalize
3530,752,task_select,1,1,0,verified,0,0,,,,
3531,752,task_execute,0,0,0,verified,218,0,whitespace,,,locator1_normalize
3532,752,system_maturity,0,0,0,verified,123,0,whitespace,,,locator1_normalize
3533,752,study_design,0,0,0,verified,218,0,whitespace,,,locator1_normalize
3534,752,country,0,0,0,verified,268,0,raw,,,locator1_normalize
3535,752,primary_outcome_metric,0,0,0,verified,326,0,whitespace,,,locator1_normalize
3536,752,primary_outcome_value,1,1,0,verified,0,0,,,,
3537,752,comparison_to_human,1,1,0,verified,0,0,,,,
3538,752,secondary_outcomes,0,0,0,verified,225,0,whitespace,,,locator1_normalize
3539,752,key_limitation,0,0,0,verified,230,0,whitespace,,,locator1_normalize
3540,752,clinical_readiness_assessment,0,0,0,verified,279,0,whitespace,,,locator1_normalize
3541,755,study_type,0,0,0,verified,200,0,raw,,,locator1_normalize
3542,755,robot_platform,1,0,0,flagged,0,0,,,,
3543,755,task_performed,0,0,0,flagged,239,0,whitespace,,,locator1_normalize
3544,755,sample_size,0,0,0,verified,128,0,raw,,,locator1_normalize
3545,755,surgical_domain,0,0,0,flagged,239,0,whitespace,,,locator1_normalize
3546,755,autonomy_level,0,0,0,flagged,144,0,,,,
3547,755,validation_setting,0,0,0,contested,79,0,,,,
3548,755,task_monitor,0,0,0,flagged,94,0,,,,locator1_normalize
3549,755,task_generate,0,0,0,flagged,84,0,,,,
3550,755,task_select,0,0,0,verified,282,0,,,,locator1_normalize
3551,755,task_execute,0,0,0,flagged,63,0,,,,
3552,755,system_maturity,0,0,0,verified,51,0,,,,
3553,755,study_design,0,0,0,verified,85,0,raw,,,locator1_normalize
3554,755,country,0,0,0,verified,117,0,raw,,,locator1_normalize
3555,755,primary_outcome_metric,0,0,0,verified,122,0,,,,
3556,755,primary_outcome_value,0,0,0,verified,254,0,raw,,,locator1_normalize
3557,755,comparison_to_human,0,0,0,flagged,99,0,,,,locator1_normalize
3558,755,secondary_outcomes,0,0,0,flagged,158,0,whitespace,,,locator1_normalize
3559,755,key_limitation,0,0,0,flagged,129,0,raw,,,locator1_normalize
3560,755,clinical_readiness_assessment,0,0,0,flagged,79,0,,,,
3561,758,study_type,0,0,0,verified,135,0,raw,,,locator1_normalize
3562,758,robot_platform,0,0,0,verified,315,0,raw,,,locator1_normalize
3563,758,task_performed,0,0,0,flagged,225,0,raw,,,locator1_normalize
3564,758,sample_size,1,1,0,verified,0,0,,,,
3565,758,surgical_domain,0,0,0,verified,162,0,,,,
3566,758,autonomy_level,0,0,0,flagged,225,0,raw,,,locator1_normalize
3567,758,validation_setting,0,0,0,flagged,225,0,raw,,,locator1_normalize
3568,758,task_monitor,0,0,0,flagged,225,0,raw,,,locator1_normalize
3569,758,task_generate,0,0,0,verified,225,0,raw,,,locator1_normalize
3570,758,task_select,1,1,0,verified,0,0,,,,
3571,758,task_execute,0,0,0,flagged,155,0,raw,,,locator1_normalize
3572,758,system_maturity,0,0,0,verified,225,0,raw,,,locator1_normalize
3573,758,study_design,0,0,0,verified,135,0,raw,,,locator1_normalize
3574,758,country,0,0,0,flagged,29,0,raw,,,locator1_normalize
3575,758,primary_outcome_metric,0,0,0,verified,213,0,raw,,,locator1_normalize
3576,758,primary_outcome_value,0,0,0,verified,213,0,raw,,,locator1_normalize
3577,758,comparison_to_human,1,1,0,verified,0,0,,,,
3578,758,secondary_outcomes,1,1,0,verified,0,0,,,,
3579,758,key_limitation,0,0,0,flagged,120,0,raw,,,locator1_normalize
3580,758,clinical_readiness_assessment,0,0,0,verified,120,0,raw,,,locator1_normalize
3581,763,study_type,0,0,0,verified,175,0,,,,
3582,763,robot_platform,0,0,0,verified,136,0,,,,
3583,763,task_performed,0,0,0,flagged,287,0,raw,,,locator1_normalize
3584,763,sample_size,0,0,0,flagged,346,0,raw,,,locator1_normalize
3585,763,surgical_domain,0,0,0,flagged,209,0,,,,
3586,763,autonomy_level,0,0,0,verified,287,0,raw,,,locator1_normalize
3587,763,validation_setting,0,0,0,verified,136,0,raw,,,locator1_normalize
3588,763,task_monitor,0,0,0,flagged,251,0,raw,,,locator1_normalize
3589,763,task_generate,0,0,0,flagged,243,0,raw,,,locator1_normalize
3590,763,task_select,0,0,0,flagged,132,0,,,,
3591,763,task_execute,0,0,0,verified,287,0,raw,,,locator1_normalize
3592,763,system_maturity,0,0,0,flagged,136,0,,,,
3593,763,study_design,0,0,0,verified,184,0,,,,
3594,763,country,0,0,0,verified,143,0,raw,,,locator1_normalize
3595,763,primary_outcome_metric,0,0,0,flagged,172,0,raw,,,locator1_normalize
3596,763,primary_outcome_value,0,0,0,flagged,241,0,raw,,,locator1_normalize
3597,763,comparison_to_human,0,1,0,verified,172,0,raw,,,locator1_normalize
3598,763,secondary_outcomes,0,0,0,verified,69,0,raw,,,locator1_normalize
3599,763,key_limitation,0,0,0,verified,140,0,raw,,,locator1_normalize
3600,763,clinical_readiness_assessment,0,0,0,verified,198,0,raw,,,locator1_normalize
3601,764,study_type,0,0,0,verified,366,0,,,,
3602,764,robot_platform,0,0,0,verified,54,0,,,,locator1_normalize
3603,764,task_performed,0,0,0,verified,122,0,raw,,,locator1_normalize
3604,764,sample_size,0,1,0,verified,68,0,,,,
3605,764,surgical_domain,0,0,0,flagged,138,0,raw,,,locator1_normalize
3606,764,autonomy_level,0,0,0,verified,122,0,raw,,,locator1_normalize
3607,764,validation_setting,0,0,0,contested,65,0,,,,
3608,764,task_monitor,0,0,0,contested,64,0,,,,
3609,764,task_generate,0,0,0,flagged,55,0,,,,
3610,764,task_select,0,0,0,contested,44,0,,,,
3611,764,task_execute,0,0,0,contested,59,0,,,,
3612,764,system_maturity,0,0,0,contested,46,0,,,,
3613,764,study_design,0,0,0,contested,53,0,,,,
3614,764,country,0,0,0,contested,36,0,,,,
3615,764,primary_outcome_metric,0,0,0,verified,100,0,,,,
3616,764,primary_outcome_value,0,0,0,contested,38,0,,,,
3617,764,comparison_to_human,0,1,0,verified,48,0,,,,
3618,764,secondary_outcomes,0,0,0,flagged,60,0,,,,
3619,764,key_limitation,0,0,0,flagged,149,0,,,,locator1_normalize
3620,764,clinical_readiness_assessment,0,0,0,verified,82,0,,,,
3621,769,study_type,0,0,0,verified,189,0,raw,,,locator1_normalize
3622,769,robot_platform,0,0,0,verified,234,0,raw,,,locator1_normalize
3623,769,task_performed,0,0,0,verified,234,0,raw,,,locator1_normalize
3624,769,sample_size,0,0,0,flagged,88,0,raw,,,locator1_normalize
3625,769,surgical_domain,0,0,0,verified,129,0,,,,locator1_normalize
3626,769,autonomy_level,0,0,0,verified,234,0,raw,,,locator1_normalize
3627,769,validation_setting,0,0,0,flagged,113,0,,,,
3628,769,task_monitor,0,0,0,contested,166,0,,,,
3629,769,task_generate,0,0,0,flagged,131,0,,,,locator1_normalize
3630,769,task_select,0,0,0,flagged,131,0,,,,locator1_normalize
3631,769,task_execute,0,0,0,verified,213,0,raw,,,locator1_normalize
3632,769,system_maturity,0,0,0,verified,113,0,,,,locator1_normalize
3633,769,study_design,0,0,0,flagged,189,0,raw,,,locator1_normalize
3634,769,country,0,0,0,verified,102,0,raw,,,locator1_normalize
3635,769,primary_outcome_metric,0,0,0,contested,166,0,,,,
3636,769,primary_outcome_value,0,0,0,contested,166,0,,,,
3637,769,comparison_to_human,0,0,0,contested,166,0,,,,
3638,769,secondary_outcomes,0,0,0,flagged,112,0,,,,locator1_normalize
3639,769,key_limitation,0,0,0,flagged,113,0,raw,,,locator1_normalize
3640,769,clinical_readiness_assessment,0,0,0,verified,113,0,raw,,,locator1_normalize
3641,779,study_type,0,0,0,verified,160,0,raw,,,locator1_normalize
3642,779,robot_platform,0,0,0,flagged,74,0,,,,locator1_normalize
3643,779,task_performed,0,0,0,verified,88,0,raw,,,locator1_normalize
3644,779,sample_size,1,1,0,verified,0,0,,,,
3645,779,surgical_domain,0,0,0,verified,67,0,,,,
3646,779,autonomy_level,0,0,0,verified,57,0,,,,
3647,779,validation_setting,0,0,0,contested,81,0,,,,
3648,779,task_monitor,0,0,0,flagged,71,0,,,,
3649,779,task_generate,0,0,0,verified,61,0,,,,
3650,779,task_select,0,0,0,flagged,62,0,,,,
3651,779,task_execute,0,0,0,verified,52,0,,,,
3652,779,system_maturity,0,0,0,contested,31,0,,,,
3653,779,study_design,0,0,0,verified,69,0,,,,
3654,779,country,0,0,0,verified,70,0,,,,
3655,779,primary_outcome_metric,0,0,0,verified,47,0,,,,
3656,779,primary_outcome_value,0,0,0,verified,76,0,,,,
3657,779,comparison_to_human,0,1,0,verified,44,0,,,,
3658,779,secondary_outcomes,0,0,0,verified,48,0,,,,
3659,779,key_limitation,0,0,0,flagged,108,0,,,,locator1_normalize
3660,779,clinical_readiness_assessment,0,0,0,flagged,54,0,,,,
3661,780,study_type,0,0,0,verified,148,0,whitespace,,,locator1_normalize
3662,780,robot_platform,0,0,0,verified,147,0,,,,
3663,780,task_performed,0,0,0,flagged,115,0,whitespace,,,locator1_normalize
3664,780,sample_size,0,1,0,verified,56,0,,,,
3665,780,surgical_domain,0,0,0,verified,108,0,whitespace,,,locator1_normalize
3666,780,autonomy_level,0,0,0,verified,182,0,,,,locator1_normalize
3667,780,validation_setting,0,0,0,verified,112,0,,,,
3668,780,task_monitor,0,0,0,flagged,87,0,,,,
3669,780,task_generate,0,0,0,flagged,64,0,,,,locator1_normalize
3670,780,task_select,0,0,0,flagged,91,0,,,,
3671,780,task_execute,0,0,0,flagged,70,0,,,,
3672,780,system_maturity,0,0,0,verified,147,0,,,,
3673,780,study_design,0,0,0,flagged,162,0,,,,
3674,780,country,0,0,0,verified,118,0,whitespace,,,locator1_normalize
3675,780,primary_outcome_metric,0,0,0,flagged,99,0,,,,
3676,780,primary_outcome_value,0,0,0,verified,99,0,,,,
3677,780,comparison_to_human,0,1,0,verified,78,0,,,,
3678,780,secondary_outcomes,0,0,0,flagged,115,0,whitespace,,,locator1_normalize
3679,780,key_limitation,0,0,0,flagged,112,0,,,,
3680,780,clinical_readiness_assessment,0,0,0,verified,260,0,whitespace,,,locator1_normalize
3681,783,study_type,0,0,0,verified,127,0,raw,,,locator1_normalize
3682,783,robot_platform,0,0,0,verified,128,0,raw,,,locator1_normalize
3683,783,task_performed,0,0,0,verified,182,0,raw,,,locator1_normalize
3684,783,sample_size,0,0,0,flagged,182,0,raw,,,locator1_normalize
3685,783,surgical_domain,0,0,0,verified,83,0,raw,,,locator1_normalize
3686,783,autonomy_level,0,0,0,flagged,253,0,raw,,,locator1_normalize
3687,783,validation_setting,0,0,0,verified,127,0,raw,,,locator1_normalize
3688,783,task_monitor,0,0,0,verified,145,0,raw,,,locator1_normalize
3689,783,task_generate,0,0,0,flagged,109,0,,,,locator1_normalize
3690,783,task_select,0,0,0,flagged,109,0,,,,locator1_normalize
3691,783,task_execute,0,0,0,verified,182,0,raw,,,locator1_normalize
3692,783,system_maturity,0,0,0,verified,179,0,raw,,,locator1_normalize
3693,783,study_design,0,0,0,verified,427,0,raw,,,locator1_normalize
3694,783,country,1,0,0,flagged,0,0,,,,
3695,783,primary_outcome_metric,0,0,0,verified,182,0,raw,,,locator1_normalize
3696,783,primary_outcome_value,0,0,0,verified,182,0,raw,,,locator1_normalize
3697,783,comparison_to_human,1,1,0,verified,0,0,,,,
3698,783,secondary_outcomes,0,0,0,flagged,253,0,raw,,,locator1_normalize
3699,783,key_limitation,0,0,0,verified,211,0,raw,,,locator1_normalize
3700,783,clinical_readiness_assessment,1,0,0,flagged,0,0,,,,
3701,796,study_type,0,0,0,verified,256,0,,,,
3702,796,robot_platform,0,0,0,verified,121,0,raw,,,locator1_normalize
3703,796,task_performed,0,0,0,verified,256,0,,,,
3704,796,sample_size,0,0,0,flagged,94,0,raw,,,locator1_normalize
3705,796,surgical_domain,0,0,0,verified,84,0,raw,,,locator1_normalize
3706,796,autonomy_level,0,0,0,flagged,138,0,,,,
3707,796,validation_setting,0,0,0,contested,90,0,,,,
3708,796,task_monitor,0,0,0,flagged,106,0,,,,
3709,796,task_generate,0,0,0,verified,121,0,raw,,,locator1_normalize
3710,796,task_select,0,0,0,flagged,95,0,,,,
3711,796,task_execute,0,0,0,flagged,81,0,,,,
3712,796,system_maturity,0,0,0,verified,121,0,raw,,,locator1_normalize
3713,796,study_design,0,0,0,flagged,82,0,,,,
3714,796,country,0,0,0,contested,54,0,,,,
3715,796,primary_outcome_metric,0,0,0,contested,104,0,,,,
3716,796,primary_outcome_value,0,0,0,contested,110,0,,,,
3717,796,comparison_to_human,0,1,0,verified,49,0,,,,
3718,796,secondary_outcomes,0,0,0,contested,132,0,,,,
3719,796,key_limitation,0,0,0,flagged,222,0,raw,,,locator1_normalize
3720,796,clinical_readiness_assessment,0,0,0,verified,93,0,,,,
3721,801,study_type,0,0,0,verified,181,0,,,,
3722,801,robot_platform,0,0,0,verified,181,0,,,,
3723,801,task_performed,0,0,0,verified,63,0,whitespace,,,locator1_normalize
3724,801,sample_size,0,0,0,flagged,151,0,whitespace,,,locator1_normalize
3725,801,surgical_domain,0,0,0,verified,208,0,whitespace,,,locator1_normalize
3726,801,autonomy_level,0,0,0,verified,208,0,whitespace,,,locator1_normalize
3727,801,validation_setting,0,0,0,verified,135,0,raw,,,locator1_normalize
3728,801,task_monitor,0,0,0,flagged,170,0,whitespace,,,locator1_normalize
3729,801,task_generate,0,0,0,flagged,63,0,,,,locator1_normalize
3730,801,task_select,0,0,0,flagged,63,0,,,,locator1_normalize
3731,801,task_execute,0,0,0,verified,74,0,,,,locator1_normalize
3732,801,system_maturity,0,0,0,verified,208,0,whitespace,,,locator1_normalize
3733,801,study_design,0,0,0,contested,120,0,,,,
3734,801,country,0,0,0,contested,137,0,,,,
3735,801,primary_outcome_metric,0,0,0,contested,94,0,,,,
3736,801,primary_outcome_value,0,0,0,contested,94,0,,,,
3737,801,comparison_to_human,0,1,0,verified,89,0,,,,
3738,801,secondary_outcomes,0,0,0,flagged,162,0,raw,,,locator1_normalize
3739,801,key_limitation,0,0,0,verified,242,0,whitespace,,,locator1_normalize
3740,801,clinical_readiness_assessment,0,0,0,verified,149,0,,,,
3741,388,study_type,0,0,0,verified,132,0,raw,,,locator1_normalize
3742,388,robot_platform,0,0,0,contested,297,0,,,,
3743,388,task_performed,0,0,0,verified,174,0,,,,locator1_normalize
3744,388,sample_size,0,0,0,verified,143,0,raw,,,locator1_normalize
3745,388,surgical_domain,0,0,0,verified,131,0,,,,
3746,388,autonomy_level,0,0,0,verified,174,0,,,,locator1_normalize
3747,388,validation_setting,0,0,0,verified,165,0,,,,
3748,388,task_monitor,0,0,0,flagged,128,0,,,,
3749,388,task_generate,0,0,0,flagged,179,0,,,,
3750,388,task_select,0,0,0,verified,140,0,,,,
3751,388,task_execute,0,0,0,verified,172,0,,,,
3752,388,system_maturity,0,0,0,verified,206,0,,,,
3753,388,study_design,0,0,0,flagged,107,0,raw,,,locator1_normalize
3754,388,country,0,0,0,contested,92,0,,,,
3755,388,primary_outcome_metric,0,0,0,verified,149,0,raw,,,locator1_normalize
3756,388,primary_outcome_value,0,0,0,flagged,129,0,,,,
3757,388,comparison_to_human,0,0,0,flagged,485,0,whitespace,,,locator1_normalize
3758,388,secondary_outcomes,0,0,0,flagged,729,0,,,,
3759,388,key_limitation,0,0,0,verified,391,0,raw,,,locator1_normalize
3760,388,clinical_readiness_assessment,0,0,0,verified,124,0,,,,
