field_type,GRANULARITY,SELECTION,OMISSION,CONTRADICTION,FABRICATION,noneq_total,pct_granularity
free_text,2102,447,558,61,19,3187,65.95544399121431
categorical,749,843,404,241,22,2259,33.156263833554675
numeric,53,14,147,54,16,284,18.661971830985916
