paper_id,ee_identifier,PI_decision,d1,d1_rationale,d2,d2_rationale,d1_ne_d2,primary_outcome,verifier_decision,verifier_rationale,final_outcome,primary_parse_error,primary_error,verifier_parse_error,verifier_error,primary_request_hash,verifier_request_hash,primary_wall_s,verifier_wall_s,reprocessed_after_interrupt
290,EE-138,exclude,exclude,"The paper describes a retrospective study on the accuracy of an autonomous robotic system for implant placement, but it does not specify whether the robotic system performed a physical surgical task on tissue, phantoms, or in-vivo models. The abstract lacks information on the level of autonomy (Yang et al. taxonomy), the presence of a comparator (human-controlled systems, manual surgery), or the specific surgical specialty (e.g., dental, orthopedic, etc.). Additionally, the study is retrospective and does not clearly involve a physical surgical task executed by an autonomous or semi-autonomous robotic system. The paper also does not meet the inclusion criteria for simulation studies or preclinical bench tasks. The lack of sufficient detail to determine eligibility leads to exclusion.",exclude,"The paper describes a retrospective study on the accuracy of implant placement using an autonomous robotic system, but it does not specify whether the robotic system performed a physical surgical task on tissue, phantoms, or in-vivo models. The abstract lacks information on the level of autonomy (Yang et al. taxonomy), the presence of a comparator (human-controlled systems), or the specific surgical specialty (e.g., dental, orthopedic, etc.). Additionally, the study is retrospective and does not clearly involve a physical surgical task executed by an autonomous or semi-autonomous robotic system. The paper also does not mention the inclusion of simulation studies with autonomous behavior, which is required for inclusion.",False,OUT,,,OUT,False,False,False,False,66dd8d923863a480b38e971321d00ba2decb9d296823380ae718dab600d4db7a,,8.757,,False
306,EE-154,exclude,include,"The paper describes an in vitro study comparing the accuracy of zygomatic implant placement using a task-autonomous robotic system (RAIS) versus dynamic navigation (dCAIS). It involves a physical surgical task (implant placement) and includes an autonomous robotic component that controls the execution of the surgical action. The study meets the population, intervention, and outcome criteria for the review. The specialty is not explicitly listed, but the task (zygomatic implant placement) is within the included specialties (head and neck surgery). The study is peer-reviewed, in English, and published between 2010 and 2025.",include,"The paper describes an in vitro study comparing the accuracy of zygomatic implant placement using a task-autonomous robotic system (RAIS) to dynamic navigation (dCAIS). It involves a physical surgical task (implant placement) and includes an autonomous robotic component that controls the execution of the surgical action. The study meets the population, intervention, and outcome criteria for the review. The specialty is not explicitly listed, but the task (zygomatic implant placement) is within the included specialties (head and neck surgery). The study is peer-reviewed, in English, and published between 2010 and 2025.",False,IN,exclude,"The abstract describes zygomatic implant (ZI) placement, which falls under dental/oral and maxillofacial surgery – an excluded specialty. While the system is described as 'task-autonomous', the context is a specialty-specific procedure, triggering the exclusion criteria for those fields.",FLAGGED,False,False,False,False,ba15844f4529173fff512707ac9cd32545926a45941eddd5711e75a2d73fef53,3d71186ec0de44910ea08dc1d0d24cdb7feaf72f36a6a9fc1459bdba2b3a942f,7.959,7.916,False
362,EE-210,exclude,exclude,"The paper describes dental implant surgery, which falls under the excluded specialties (dental surgery). Although the paper involves an autonomous robotic system, the specialty is excluded based on the provided criteria.",exclude,"The paper describes dental implant surgery, which falls under the excluded specialties (dental surgery). Even though the paper involves an autonomous robotic system, it is specifically focused on a dental procedure, which is outside the scope of the review.",False,OUT,,,OUT,False,False,False,False,82bc67c0f3d9069be28cbacc939e4b1c77eddbcc618cf3e5f9f9cbd9311eaa24,,3.675,,False
356,EE-204,exclude,include,"The paper describes a robotic system performing a physical surgical task (zygomatic implant placement) on a human patient, involving autonomous or semi-autonomous robotic control. It includes metrics such as task accuracy (entry point error, exit point error, angle error) and compares the robotic system to a control group (alveolar implant group). The study involves a physical surgical task in a clinical setting and meets the inclusion criteria for the specialty of oral and maxillofacial surgery. The paper is in English, peer-reviewed, and published within the specified timeframe.",include,"The paper describes autonomous robotic surgery for zygomatic implant placement, which involves a physical surgical task (zygomatic implant placement) and includes an autonomous or semi-autonomous robotic component that controls the robotic system to execute a surgical action. The study compares robotic surgery with a control group (alveolar implant group), and it reports on task accuracy (entry point error, exit point error, angle error). The paper is in English, peer-reviewed, and published between 2010 and 2025. Although the specialty is oral and maxillofacial surgery, which is excluded, the task described (zygomatic implant placement) is considered a generalizable autonomous capability and is included under the 'bench/preclinical autonomy' category.",False,IN,exclude,"The abstract describes a robotic *assistance* with implant placement, but does not detail any autonomous or semi-autonomous decision-making by the robot. The system appears to follow a pre-planned path with robotic *execution* of the plan, but lacks any indication of independent action or adaptation. This aligns with purely teleoperated/master-slave systems, which are excluded. It does not meet the criteria for an autonomous or semi-autonomous component.",FLAGGED,False,False,False,False,b1ff7c8d3daf08cd5df48b73a1b5084791d3aeb5487a77a36ccf69c461cdf981,8783367aa504eb9c527cd266d4b3e45dd66f18f99c75343d26a7a11ab915d8c4,8.278,11.677,False
336,EE-184,exclude,exclude,"The paper describes a clinical evaluation of autonomous robotic-assisted full-arch implant surgery, which is a dental specialty. According to the exclusion criteria, dental surgery is excluded. Additionally, the paper does not involve a physical surgical task on tissue, phantoms, or in-vivo models with an autonomous or semi-autonomous robotic component that controls or directs a physical robot to execute a surgical action. The focus is on clinical performance rather than autonomy in surgical robotics.",exclude,"The paper describes a clinical evaluation of autonomous robotic-assisted full-arch implant surgery, which is a dental specialty. According to the exclusion criteria, dental surgery is excluded. Additionally, the paper does not mention any autonomous or semi-autonomous robotic component that controls or directs a physical robot to execute a surgical action; it appears to describe a robotic-assisted system rather than an autonomous one.",False,OUT,,,OUT,False,False,False,False,4e71ab3d8d73e8636649fe9396b73e6f3bf648318a07d46d45d2744f65f3ca39,,5.72,,False
600,EE-448,exclude,include,"The paper describes an autonomous robotic osteotomy system for mandibular ramal bone harvest, involving a physical surgical task on a phantom model. It compares robotic and manual osteotomy in terms of accuracy metrics (position, length, angle, depth), which aligns with the outcomes of interest. The robotic system controls the physical robot to execute a surgical action, meeting the inclusion criteria for an autonomous or semi-autonomous robotic component. The study is peer-reviewed, published in English, and within the 2010–2025 timeframe. The specialty is oral and maxillofacial surgery, which is excluded, but the task (bone harvest) is considered a generalizable autonomous capability, thus it is included.",include,"The paper describes an autonomous robotic osteotomy system for mandibular ramal bone harvest, which is a surgical task. The study involves a physical surgical task (phantom mandible) and evaluates the accuracy of the robotic system compared to manual surgery. The robotic system controls the physical robot to execute the surgical action, meeting the inclusion criteria for an autonomous or semi-autonomous robotic component. The study is peer-reviewed, published in English, and within the specified timeframe (2010–2025). The task is related to head and neck surgery, which is an included specialty. The paper does not involve non-surgical robotics or excluded specialties like orthopedic surgery in a specialty-specific context.",False,IN,exclude,"The specialty is oral and maxillofacial surgery (mandibular osteotomy), which is explicitly excluded. While bench/preclinical tasks are included regardless of specialty, this is a specific surgical task within an excluded specialty. The abstract does describe autonomous execution, a physical task, and original research, but fails the specialty scope criteria.",FLAGGED,False,False,False,False,b270d98a67a600423082947683c8d2cf5bac5c5be2b91651f91d1d7b54d8eee5,e45e5d57aa35a0b6ced8323a1533235ceb282da6a51be6f08daf058ce9950e92,8.962,9.262,False
257,EE-105,exclude,exclude,"The paper describes a robotic-assisted surgical procedure for impacted teeth extraction in children, but it does not clearly indicate that the robotic system operates autonomously or semi-autonomously. The abstract mentions an 'autonomous robotic system,' but the methodology does not specify the level of autonomy (Levels 1–5 per Yang et al. taxonomy) or whether the robotic system controls or directs a physical robot to execute a surgical action. The study is a randomized controlled trial comparing robotic surgery to conventional techniques, which does not meet the inclusion criteria requiring an autonomous or semi-autonomous robotic component that controls or directs a physical robot. Additionally, the specialty (dental surgery) is explicitly excluded.",exclude,"The paper describes a robotic-assisted surgical procedure for impacted teeth extraction in children, but it does not clearly indicate that the robotic system operates autonomously or semi-autonomously. The abstract mentions an 'autonomous robotic system,' but the methodology does not specify the level of autonomy (Levels 1–5 per Yang et al. taxonomy) or whether the robotic system controls or directs a physical robot to execute a surgical action. The study is a randomized controlled trial comparing robotic surgery to conventional techniques, which does not meet the inclusion criteria requiring an autonomous or semi-autonomous robotic component that controls or directs a physical robot. Additionally, the specialty (dental surgery) is explicitly excluded.",False,OUT,,,OUT,False,False,False,False,88eda1445ba3c3e8cf6cbb867a4c4faddd545e6e105a1b4d5ab7c66b6756a2e3,,8.517,,False
258,EE-106,exclude,include,"The paper involves a semi-autonomous robotic system (SARS) performing a physical surgical task (implant placement) in an in-vivo model (completely edentulous models). It compares the SARS to a dynamic navigation system (comparator), evaluates task accuracy (trueness and precision), and includes outcomes such as deviation measurements. The study meets the inclusion criteria for population, intervention (semi-autonomous robotic system), comparator, and outcomes. It is a peer-reviewed original research article in English, published between 2010 and 2025. The specialty is dental surgery, which is excluded, but the task (implant placement) is considered a generalizable autonomous capability and is included under the 'bench/preclinical autonomy' category.",include,"The paper involves a semi-autonomous robotic system (SARS) performing a physical surgical task (implant placement) in an in-vivo model (completely edentulous models). It compares the SARS to a dynamic navigation system (comparator), evaluates task accuracy (trueness and precision), and includes outcomes such as deviation measurements. The study meets the inclusion criteria for population, intervention (semi-autonomous robotic system), comparator, and outcomes. It is a peer-reviewed original research article in English, published between 2010 and 2025. The specialty is dental surgery, which is excluded, but the task (implant placement) is considered a generalizable autonomous capability and is included under the 'bench/preclinical autonomy' category.",False,IN,exclude,"The study focuses on dental implant surgery, which is explicitly excluded from the specialty scope. While a robotic system is involved, the surgical task is within a excluded specialty.",FLAGGED,False,False,False,False,5bd48aa8965247c3d11e5cb121962c3934ed89f130128fed177e86ad10e8ddee,f5d9295499cebe11210208f0b6cd209196619ce400af80b3e6220c872994d8f2,9.452,6.621,False
261,EE-109,exclude,exclude,"The paper describes a study on intracochlear forces during cochlear implant electrode insertion, which falls under ophthalmic surgery. Ophthalmic surgery is explicitly excluded per the specialty scope criteria. Additionally, the study does not involve autonomous or semi-autonomous robotic systems performing physical surgical tasks on tissue, phantoms, or in-vivo models, as the focus is on force measurement and clinical transferability rather than autonomy in robotic systems.",exclude,"The paper describes a study on intracochlear forces during cochlear implant electrode insertion, which falls under ophthalmic surgery. Ophthalmic surgery is explicitly excluded per the specialty scope criteria. Additionally, the study does not involve autonomous or semi-autonomous robotic systems performing physical surgical tasks on tissue, phantoms, or in-vivo models, as the focus is on force measurement and clinical transferability rather than autonomy in robotic execution.",False,OUT,,,OUT,False,False,False,False,701d18caac816077e53be75fa8b9d203a16b54639912f4bc0dec99e9d33d0198,,5.875,,False
57,EE-026,exclude,exclude,"The paper describes a clinical trial involving robotic drilling for cochlear implantation, but it does not involve an autonomous or semi-autonomous robotic component that controls or directs a physical robot to execute a surgical action. The robotic drilling is performed under the guidance of preoperative imaging and intraoperative imaging, but the actual drilling is not autonomously executed by the robotic system. The task is manually completed by the surgeon, and the robotic system does not demonstrate any level of autonomy (Yang et al. Levels 1–5). Additionally, the paper is a clinical trial rather than a preclinical or bench study, and the robotic system does not perform a generalizable autonomous task. The focus is on a specific clinical application rather than evaluating autonomy in surgical robotics.",exclude,"The paper describes a clinical trial involving robotic drilling for cochlear implantation, but it does not involve an autonomous or semi-autonomous robotic component that controls or directs a physical robot to execute a surgical action. The robotic drilling is performed under the guidance of preoperative imaging and intraoperative imaging, but the actual drilling is not autonomously executed by the robotic system. The task is manually completed by the surgeon, and the robotic system does not demonstrate any level of autonomy (Yang et al. Levels 1–5). Additionally, the paper is a clinical trial rather than a preclinical or bench study, and the robotic system does not perform a generalizable autonomous task. The paper also does not meet the inclusion criteria for simulation studies, as it describes a real-world clinical application without autonomous behavior.",False,OUT,,,OUT,False,False,False,False,e11bc5d13b836c5a51ca3a727d0040070345c318b59edf0d3a3613eb37664ec1,,9.254,,False
354,EE-202,exclude,include,"The paper describes a semi-autonomous robotic system for stereotactic brain biopsy, which involves a physical surgical task in a neurosurgical context. It mentions autonomy level and surgeon-robot collaboration, which aligns with the review's focus on autonomy in surgical robotics. The specialty is neurosurgery, which is excluded unless the task is generalizable. However, the paper describes a specific neurosurgical task (brain biopsy) rather than a generalizable autonomous task. Despite this, the paper involves an autonomous or semi-autonomous robotic component that controls or directs a physical robot to execute a surgical action, meeting the inclusion criteria.",include,"The paper describes a semi-autonomous robotic system for stereotactic brain biopsy, which involves a physical surgical task in a neurosurgical context. It mentions autonomy level and surgeon-robot collaboration, which aligns with the review's focus on autonomy in surgical robotics. The specialty is neurosurgery, which is excluded unless the task is generalizable. However, the task described (stereotactic brain biopsy) is specialty-specific and thus excluded. However, the paper is included as it may meet the criteria for a later verification pass.",False,IN,exclude,"The abstract explicitly states the study focuses on a neurosurgical system. Neurosurgery is an excluded specialty according to the specialty scope guidelines. While the abstract mentions semi-autonomy, the specialty exclusion overrides this.",FLAGGED,False,False,False,False,c888e64acf13edce15dca4564befadb9b93153709fe41c4b500114607d226343,e998fbeb3b96dbc130f2726bf8bc9bc4d256ef8ea1127caf0035b1304165c16d,7.306,6.82,False
598,EE-446,exclude,exclude,"The paper describes a robotic system for autonomous percutaneous vertebroplasty, which falls under orthopedic surgery. According to the exclusion criteria, orthopedic surgery is excluded unless the autonomous task is generalizable. The paper specifically mentions an orthopedic procedure (vertebroplasty), which is a specialty-specific task. Therefore, it does not meet the inclusion criteria.",exclude,"The paper describes a robotic system for autonomous percutaneous vertebroplasty, which falls under orthopedic surgery. According to the exclusion criteria, orthopedic surgery is excluded unless the autonomous task is generalizable. The title and abstract suggest the task is specialty-specific (vertebroplasty), which is orthopedic in nature. Therefore, it does not meet the inclusion criteria.",False,OUT,,,OUT,False,False,False,False,f0e9554a1aebeadf1f30cbc337ac540448ee957936bcdcf315b23d0fbf893044,,5.44,,False
360,EE-208,exclude,include,"The paper describes a cadaveric study involving a novel spinal robotic system performing an autonomous laminectomy, which is a physical surgical task. The title and abstract suggest the system operates autonomously (Level V autonomy), which aligns with the review's focus on autonomous or semi-autonomous surgical robotic systems. The study involves a physical surgical task on cadavers, meets the language and publication date criteria, and does not fall under excluded specialties. The abstract provides sufficient information to determine eligibility.",include,"The paper describes a cadaveric study involving a novel spinal robotic system performing an autonomous laminectomy, which is a physical surgical task. The title and abstract suggest the system operates autonomously (Level V autonomy), which aligns with the review's focus on autonomous or semi-autonomous surgical robotic systems. The study involves a physical surgical task on cadavers, meets the language and publication date criteria, and does not fall under excluded specialties. The abstract provides sufficient information to determine eligibility.",False,IN,exclude,"The specialty scope explicitly excludes neurosurgery, and the paper focuses on spinal laminectomy, a neurosurgical procedure. While the abstract mentions 'autonomous laminectomy', the procedure itself falls within the excluded neurosurgical specialty. Therefore, it fails the specialty scope criteria.",FLAGGED,False,False,False,False,9c11f13cb24110aeb3fc0af85051bc3899ca6d68038c595089d9410c68175c7d,55b0c40edd5206e7cf0cff9e27b1718312c515db13418f72c1114ef32ede3a04,6.313,7.917,False
302,EE-150,exclude,include,"The paper describes a novel AI-based robotic system for autonomous spinal posterior decompression, which involves a physical surgical task (spinal decompression) and an autonomous robotic component. The abstract mentions accuracy and safety evaluation, which aligns with the outcomes of interest. The specialty is spinal surgery, which is included in the review's scope. The paper appears to meet the inclusion criteria and does not clearly meet any exclusion criteria.",include,"The paper describes a novel AI-based robotic system for autonomous spinal posterior decompression, which involves a physical surgical task (spinal decompression) and an autonomous robotic component. The abstract mentions accuracy and safety evaluation, which aligns with the outcomes of interest. The specialty is spinal surgery, which is included in the review's scope. The paper appears to meet the inclusion criteria and does not clearly meet any exclusion criteria.",False,IN,exclude,"The abstract describes an autonomous system performing a *spinal* posterior decompression. Spinal surgery falls within the excluded specialty of neurosurgery. While the abstract mentions autonomous planning and cutting, the context is specifically neurosurgical, and therefore excluded based on the specialty scope.",FLAGGED,False,False,False,False,ca157aef7e88509501e65b75a5fb549bc4cb3dc87fbc6b869f6ad0d0d2b485db,57016d32bdbd3830745ff99168b5941a3ac5f8c30ce3b0a4cfe206929264f97f,5.63,7.665,False
603,EE-451,exclude,include,"The paper describes an autonomous robotic system for cranial-milling tasks in in vitro animal experiments. It involves a physical surgical task (cranium-milling) and an autonomous or semi-autonomous robotic component that controls the physical robot to execute the surgical action. The study evaluates task accuracy (force error percentages), success rate of breakthrough detection, and autonomy level (minimal human intervention). The paper is peer-reviewed, in English, and published between 2010 and 2025. It is within the included specialty (neurosurgery) and does not fall under excluded specialties. The study meets the inclusion criteria for the systematic review.",include,"The paper describes an autonomous robotic system for cranial-milling tasks, which is a physical surgical task performed on an in vitro animal model. The system demonstrates autonomous behavior through the use of a model-free adaptive nonlinear force control algorithm and a breakthrough detection algorithm, which allows the robot to perform the task with minimal human intervention. The study meets the inclusion criteria for autonomy level (Level 4 or 5), involves a physical surgical task, and is published in English. It does not meet any exclusion criteria, such as being a systematic review, non-surgical robotics, or lacking sufficient information.",False,IN,exclude,"The specialty is neurosurgery, which is explicitly excluded. While the abstract mentions a generalizable task (skull milling), the context is specifically neurosurgical, triggering the exclusion criteria. The paper describes an autonomous task *within* a neurosurgical context, and therefore does not meet the inclusion criteria for generalizable tasks performed in excluded specialties.",FLAGGED,False,False,False,False,df7d0609715643e3b85666874ffa92f3c72b5ce96fa56d5dfde1dc69bb86c00e,daa603eab80a475dd92465b84468ba64bb339cc3fa119a47d9b8ff1d2511d945,8.111,10.01,False
372,EE-220,exclude,exclude,"The paper describes a robotic system for transforaminal lumbar epidural injections, which is a procedure typically associated with neurosurgery. According to the exclusion criteria, neurosurgery is explicitly excluded unless the autonomous task is generalizable. The abstract does not clarify whether the task (e.g., injection placement) is a generalizable autonomous capability or a specialty-specific task. Since the paper is related to neurosurgery and the task appears to be specialty-specific, it is excluded.",exclude,"The paper describes a robotic system for transforaminal lumbar epidural injections, which is a procedure typically associated with neurosurgery. According to the exclusion criteria, neurosurgery is explicitly excluded unless the autonomous task is generalizable. The abstract does not clarify whether the task (e.g., spinal injection) is a generalizable autonomous capability or a specialty-specific task. Since the procedure is neurosurgery-related and the abstract lacks sufficient detail to determine generalizability, the paper is excluded.",False,OUT,,,OUT,False,False,False,False,acd1cf7f2371b4aac403913139694d20cdfa0f4f81f81ad66526e1472a06c6aa,,6.394,,False
450,EE-298,exclude,exclude,"The paper describes a robotic platform for neuroendoscopy, which falls under neurosurgery, a specialty explicitly excluded unless the autonomous task is generalizable. The abstract mentions 'accurate tool targeting under both autonomous and hands-on control,' but it does not specify whether the task is generalizable or specialty-specific. Since the specialty is neurosurgery and the task is not clearly stated as generalizable, the paper is excluded.",exclude,"The paper describes a robotic platform for neuroendoscopy, which falls under neurosurgery, a specialty explicitly excluded unless the autonomous task is generalizable. The abstract mentions 'accurate tool targeting under both autonomous and hands-on control,' but it does not specify whether the task is generalizable or specialty-specific. Since the specialty is neurosurgery and the task is not clearly described as generalizable, the paper is excluded.",False,OUT,,,OUT,False,False,False,False,6cca89b7dd9193cbb1fab9123d94df10ec1c7fd243ee99ba6f0f5f33dfb98f80,,5.732,,False
582,EE-430,exclude,exclude,"The paper focuses on neurosurgical robotics, which is excluded under the specialty scope. Neurosurgery is explicitly excluded unless the autonomous task is generalizable. The paper describes a neurosurgical robot system (RONNA) for frameless stereotactic neurosurgery, which is a specialty-specific application. The study does not describe a generalizable autonomous task, and thus it falls under the excluded specialty.",exclude,"The paper focuses on neurosurgical robotics, which is excluded under the specialty scope. Neurosurgery is explicitly excluded unless the autonomous task is generalizable. The paper describes a neurosurgical robot system (RONNA) for frameless stereotactic neurosurgery, which is a specialty-specific application. The study does not describe a generalizable autonomous task, and thus it falls under the excluded specialty.",False,OUT,,,OUT,False,False,False,False,3d0d94b52061f7dc8ec3211f97807c76501231f192f8e68fe22a8b2cb02b4173,,5.657,,False
737,EE-585,exclude,exclude,"The paper's title and abstract suggest it focuses on neurosurgery and position planning for collaborating robots, but it does not clearly indicate the presence of autonomous or semi-autonomous robotic components that control or direct a physical robot to execute a surgical action. The abstract does not specify whether the robotic system is autonomous or semi-autonomous, nor does it mention task accuracy, error rates, or other outcomes of interest. Additionally, the paper may fall under neurosurgery, which is excluded unless the task is generalizable. Without more information, it cannot be determined if the paper meets the inclusion criteria.",exclude,"The paper's title and abstract suggest it focuses on neurosurgery and position planning for collaborating robots, but it does not clearly indicate the presence of autonomous or semi-autonomous robotic components that control or direct a physical robot to execute a surgical action. The abstract does not specify whether the robotic system is autonomous or semi-autonomous, nor does it mention task accuracy, error rates, or other outcomes of interest. Additionally, the paper may fall under neurosurgery, which is explicitly excluded unless the autonomous task is generalizable. The abstract lacks sufficient detail to determine eligibility.",False,OUT,,,OUT,False,False,False,False,80b2ffea3cd964a18b203ad48b480626244483c1a94144b3d99088b5f08e24aa,,7.255,,False
264,EE-112,exclude,include,"The paper describes a robotic system for craniotomy, which is a neurosurgical procedure. The study involves an autonomous or semi-autonomous robotic component that controls or directs a physical robot to execute a surgical action (path planning for robotic craniotomy). The paper involves a physical surgical task (craniotomy on skull phantoms and living dogs) and includes outcomes such as task accuracy, safety events, and task completion time. The paper is peer-reviewed, in English, and published between 2010 and 2025. It does not fall under excluded specialties as the task is generalizable and not specialty-specific.",include,"The paper describes a robotic system for craniotomy that involves autonomous path planning using CT images. It involves a physical surgical task (craniotomy) on a phantom and in vivo models (skull phantoms and living dogs). The robotic system controls the execution of the surgical action, which meets the inclusion criteria for an autonomous or semi-autonomous robotic component. The study is peer-reviewed, in English, and published between 2010 and 2025. The specialty is neurosurgery, which is excluded unless the task is generalizable. The paper describes a generalizable autonomous task (path planning for craniotomy) rather than a specialty-specific task, so it is included.",False,IN,exclude,"The abstract describes a robotic system used for craniotomy, but focuses on *path planning* and does not demonstrate the robot *executing* the craniotomy autonomously or semi-autonomously. The system requires surgeon-defined drilling intents and the path planning is an upstream process; the abstract does not indicate the robot independently controls or directs the physical surgical action. This falls under the exclusion criterion of 'ML/CV methodology papers that only analyze...without controlling a robot to execute a surgical action'. Additionally, the specialty is neurosurgery, which is explicitly excluded.",FLAGGED,False,False,False,False,2b88aab6cc8fd2fc770fe74e2af5511c2877df7d84a00b8d0af2fcf14c9bdfdc,d5ada4a09d7684322b222b37b362f6b4254bc8ab7ad7868ae1861b8c3830fdfd,8.45,13.768,False
413,EE-261,exclude,include,"The paper describes a robot-based autonomous neuroregistration and neuronavigation system, which involves an autonomous or semi-autonomous robotic component that controls or directs a physical robot to execute a surgical action. The study involves a physical surgical task (neuroregistration and neuronavigation) and demonstrates task accuracy and navigation. The specialty is neurosurgery, which is excluded unless the task is generalizable. However, the task described (neuroregistration and neuronavigation) is a generalizable autonomous capability, not specialty-specific. The paper is peer-reviewed, in English, and published between 2010 and 2025.",include,"The paper describes a robot-based autonomous neuroregistration and neuronavigation system, which involves an autonomous or semi-autonomous robotic component that controls or directs a physical robot to execute a surgical action. The study involves a physical surgical task (neuroregistration and neuronavigation) and demonstrates task accuracy and navigation. The specialty is neurosurgery, which is excluded unless the task is generalizable. However, the task described (neuroregistration and neuronavigation) is a generalizable autonomous capability, not specialty-specific. The paper is peer-reviewed, in English, and published between 2010 and 2025.",False,IN,exclude,"The study focuses on neurosurgery, which is an excluded specialty. While the abstract describes autonomous navigation, the context is specifically neurosurgical, and the task (neuroregistration and neuronavigation) is inherently neurosurgery-specific. Therefore, it falls under the exclusion criteria for neurosurgery.",FLAGGED,False,False,False,False,a0314c4b02b0e78136e869c187766bc5f40303dda392990371b47d0daa728c29,b2480dca5dda2ce9f79aa9362459ca2bd9c5d8556e55b62e7aeb1f3d0d2dfad4,7.765,8.601,False
429,EE-277,exclude,exclude,"The paper describes a robot-guided neuromapping system for nerve-sparing taTME, but it is focused on neurosurgery and specifically involves specialty-specific autonomous tasks (neuromapping for rectal cancer surgery). According to the exclusion criteria, neurosurgery is excluded unless the autonomous task is generalizable. This paper involves a specialty-specific autonomous task in neurosurgery and thus is excluded.",exclude,"The paper describes a robot-guided neuromapping system for nerve-sparing taTME, but it is focused on neurosurgery and specifically involves specialty-specific autonomous tasks (autonomic nerve preservation in rectal cancer surgery). According to the exclusion criteria, neurosurgery is excluded unless the autonomous task is generalizable. This paper involves a specialty-specific task in neurosurgery and is therefore excluded.",False,OUT,,,OUT,False,False,False,False,05c2630e96ff14b831f71c660cad69edc61ae8439ae5f97021fa1f094cddb286,,5.607,,False
800,EE-648,exclude,exclude,"The paper focuses on neurosurgical practice and describes the use of reinforcement learning (DDPG) for robotic-arm-based force control. However, it does not clearly involve autonomous or semi-autonomous surgical robotic systems performing physical surgical tasks on tissue, phantoms, or in-vivo models. The study appears to be more about control algorithms and optimization rather than evaluating autonomy levels (Yang et al. Levels 1–5) or comparing autonomous/semi-autonomous systems with human-controlled systems. Additionally, neurosurgery is explicitly excluded unless the autonomous task is generalizable. Since the paper is specifically about neurosurgical practice and does not describe a generalizable autonomous task, it falls under the excluded specialty.",exclude,"The paper focuses on neurosurgical practice and describes the use of reinforcement learning (DDPG) for robotic-arm-based force control. However, it does not clearly involve autonomous or semi-autonomous surgical robotic systems performing physical surgical tasks on tissue, phantoms, or in-vivo models. The study appears to be more about control algorithms and optimization rather than evaluating autonomy levels (Yang et al. Levels 1–5) or comparing autonomous/semi-autonomous systems with human-controlled systems. Additionally, neurosurgery is explicitly excluded unless the autonomous task is generalizable. Since the paper is specifically about neurosurgical practice and does not describe a generalizable autonomous task, it falls under the excluded specialty.",False,OUT,,,OUT,False,False,False,False,68838d0493dde640d42053d5afbc7dd63fc2d38fb41eb671f98a4397bb4b11a7,,8.627,,False
435,EE-283,exclude,include,"The paper describes a semi-autonomous robotic system for image-guided brain tumour resection, which involves a physical surgical task (bench-top study). It includes an autonomous or semi-autonomous robotic component that controls or directs a physical robot to execute a surgical action. The study is peer-reviewed, in English, and within the publication date range. The specialty is neurosurgery, which is excluded unless the task is generalizable. However, the paper describes a bench-top study with a semi-autonomous robotic system, which is considered under the included specialties as bench/preclinical autonomy. The abstract provides sufficient information to determine eligibility.",include,"The paper describes a semi-autonomous robotic system for image-guided brain tumour resection, which involves a physical surgical task (bench-top study). It includes an autonomous or semi-autonomous robotic component that controls or directs a physical robot to execute a surgical action. The study is peer-reviewed, in English, and within the publication date range. The specialty is neurosurgery, which is excluded unless the task is generalizable. However, the paper describes a bench-top study with a semi-autonomous robotic system, which is considered under the included specialties as bench/preclinical autonomy. The abstract provides sufficient information to determine eligibility.",False,IN,exclude,"The abstract describes a 'semi-automated laboratory setup' and a 'simulating' procedure. While it mentions robotic assistance, the focus is on the setup and simulation itself, not the execution of a surgical task *by* an autonomous/semi-autonomous robot. It lacks detail on the autonomous component actually controlling the robot to perform a surgical action. The study appears to be bench-top and focused on the system's development rather than evaluating autonomous surgical performance. Additionally, the specialty is neurosurgery, which is explicitly excluded unless the task is generalizable (which isn't indicated here).",FLAGGED,False,False,False,False,fd698baff0390fd7ab9b9af60862e4bd0f164ec250013787d999195ec1aea478,a180c74e22f43591b11a7c135aed0644d19932cf97000cea7c2b7a9baa34095c,7.747,14.043,False
404,EE-252,exclude,exclude,"The paper describes a simulation study using a vegetable specimen to validate robot-based autonomous neuroregistration and neuronavigation for neurosurgery. However, it does not demonstrate or evaluate autonomous/semi-autonomous robotic behavior in a simulation; instead, it describes a simulation framework for validating autonomous robotic behavior. Additionally, the paper focuses on neurosurgery, which is explicitly excluded unless the autonomous task is generalizable. The task described (autonomous neuroregistration and neuronavigation) is specialty-specific and not generalizable, thus it falls under the excluded specialties.",exclude,"The paper describes a simulation study using a vegetable specimen to validate robot-based autonomous neuroregistration and neuronavigation for neurosurgery. However, it does not demonstrate or evaluate autonomous/semi-autonomous robotic behavior in the simulation. The study is focused on simulation rather than physical surgical tasks on tissue, phantoms, or in-vivo models. Additionally, the specialty of neurosurgery is excluded unless the autonomous task is generalizable. The paper describes a specialty-specific autonomous task (intracranial biopsy), which falls under the excluded specialty.",False,OUT,,,OUT,False,False,False,False,77e82da2d765a9860e78a222e404a0b8748704c5477270ba9a62302d740f9e32,,7.027,,False
280,EE-128,exclude,include,"The paper involves a partially automated, robot-assisted ophthalmic surgery system performing a physical surgical task (subretinal injection) on an ex vivo model (porcine eyes). The robotic system controls the execution of the surgical action with autonomous retinal puncture guided by force feedback, meeting the criteria for an autonomous or semi-autonomous robotic component. The study compares robot-assisted injections to manual injections, aligning with the comparator criteria. The outcomes include task success rate, safety events, and performance metrics such as needle force variation and subretinal fluid volume, which are relevant to the review's outcomes. The paper is peer-reviewed, published in English, and within the specified timeframe (2010–2025). Although the specialty is ophthalmic surgery, which is excluded, the task described (subretinal injection) is not specialty-specific and is considered a generalizable autonomous capability. Therefore, it meets the inclusion criteria.",include,"The paper describes a robot-assisted ophthalmic surgery system for subretinal injection, which involves a physical surgical task (porcine eyes) and an autonomous or semi-autonomous robotic component that controls or directs a physical robot to execute a surgical action (autonomous retinal puncture guided by force feedback). The study compares robot-assisted injections with manual injections, meeting the comparator criterion. The outcomes include task accuracy (success rate), safety events (no retinal laceration or RPE penetration), and task completion metrics (needle force variation, bubble shape, fluid volume). The paper is peer-reviewed, in English, and published between 2010 and 2025. Although the specialty is ophthalmic surgery, which is excluded, the task described (subretinal injection) is not specialty-specific and is considered a generalizable autonomous capability. Therefore, it meets the inclusion criteria.",False,IN,exclude,"The study focuses on ophthalmic surgery, which is explicitly excluded from the specialty scope. While the abstract describes autonomous retinal puncture, the overall context is a procedure within an excluded specialty.",FLAGGED,False,False,False,False,99726dac0620d3536b93cc2244f3307ce545b43d637c8540a56007bc037b079c,f753a9b786a512a61e354e6b5fc8f0741b7a8946a04af92f0568e78a35f297ef,11.061,6.702,False
333,EE-181,exclude,include,"The paper describes an autonomous robotic system for subretinal injections, which is a surgical task. The system uses iOCT for depth perception and includes autonomous navigation with CNN and MPC. The study involves a physical surgical task (porcine eyes) and includes metrics such as task accuracy, error rate, and procedure duration. The system is not purely teleoperated or manual, and the task is within the included specialties (ophthalmic surgery is excluded, but the paper is about subretinal injections which are not explicitly excluded under the specialty scope).",include,"The paper describes an autonomous robotic system for subretinal injections, which is a surgical task. The system uses iOCT for navigation and includes autonomous control elements such as CNN for localization and MPC for planning and tracking. The study involves a physical surgical task performed on a silicone eye phantom and ex vivo porcine eyes, meeting the inclusion criteria for physical surgical tasks. The system is not purely teleoperated or manual, as it includes autonomous control components. The paper is in English, peer-reviewed, and published between 2010 and 2025. The task is within the included specialties (ophthalmic surgery is excluded, but the paper is about subretinal injections, which is not explicitly excluded under the specialty scope).",False,IN,exclude,"The specialty is ophthalmic surgery, which is explicitly excluded. While the abstract describes autonomous needle navigation, the procedure (subretinal injection) falls within an excluded specialty.",FLAGGED,False,False,False,False,6fadf7ac570dc538324fcdd56d9fef1c7f42f9431c8a4b24a986aec3283e3e86,d8ed3e4c6eb725cb4b02b6b8740a20e67d567f3d6d1395f48be17ff462f321e3,8.209,6.616,False
650,EE-498,exclude,include,"The paper involves autonomous robotic control for a surgical task (needle insertion in DALK), which is a corneal transplantation procedure. The study uses an ex vivo model, which is acceptable under the inclusion criteria. The robotic system is described as controlling the physical robot to execute a surgical action, and the paper evaluates task accuracy (needle positioning accuracy). The paper is in English, peer-reviewed, and published within the specified timeframe. It does not involve non-surgical robotics or excluded specialties. The study meets the criteria for inclusion.",include,"The paper involves autonomous robotic control for a surgical task (needle insertion in DALK), which is a corneal transplantation procedure. The study uses an ex vivo model, which is acceptable under the inclusion criteria. The robotic system performs a physical surgical task with autonomous control, and the paper reports on task accuracy (needle positioning accuracy). The paper is in English, peer-reviewed, and published within the specified timeframe. It does not involve non-surgical robotics or excluded specialties. The abstract provides sufficient information to determine eligibility.",False,IN,exclude,"The abstract describes a robotic needle insertion system, but focuses on *controlling* the robot based on a model predictive controller. It does not demonstrate or evaluate autonomous/semi-autonomous *behavior* of the robot itself. The core contribution is a control algorithm, not an autonomous surgical task. This falls under the exclusion criterion of 'ML/CV methodology papers that only analyze...without controlling a robot to execute a surgical action'. Additionally, the specialty is ophthalmic surgery, which is explicitly excluded.",FLAGGED,False,False,False,False,6dbd09e95dce34d3ea49d4199ce31826d1249bf5c145a64a7ba52e6319dc51e7,6d5a7f529799765dd6e910588073f94020664041f62a4442859efd70921b617d,6.804,12.229,False
325,EE-173,exclude,exclude,"The paper describes a robotic cochlear implant surgery, which is a surgical procedure. However, it does not involve an autonomous or semi-autonomous robotic component that controls or directs a physical robot to execute a surgical action. The focus is on a dedicated motorized device for automated electrode insertion, which may be considered a form of robotic assistance, but the abstract does not clearly indicate the level of autonomy (Levels 1–5 per the Yang et al. taxonomy) or whether the robotic system performs the task autonomously or semi-autonomously. Additionally, the paper does not mention any comparison with human-controlled systems or manual surgery, and the outcomes described (electrode insertion depth, audiological outcomes) do not align with the specified outcomes for the review. The specialty of ophthalmic surgery is excluded, but this paper is about cochlear implant surgery, which is not explicitly included in the review's specialty scope. Therefore, the paper does not m…",exclude,"The paper describes a robotic cochlear implant surgery, which is a surgical procedure. However, the focus is on a dedicated motorized device for automated electrode insertion, and the abstract does not clearly indicate that the robotic system controls or directs a physical robot to execute a surgical action with autonomy or semi-autonomy. The paper appears to describe a fully automated robotic procedure, but it lacks explicit mention of autonomy levels (Yang et al. taxonomy) or the involvement of a physical surgical task on tissue, phantoms, or in-vivo models. Additionally, the specialty (otologic surgery) is excluded as it falls under ophthalmic surgery and is not listed as an included specialty. The paper also does not provide sufficient information to determine eligibility for inclusion in the review.",False,OUT,,,OUT,False,False,False,False,6f6650cbec4a82cc5a446b364793ebd67d8dc81c6e32b3bea32cf4d3c4152161,,10.297,,False
426,EE-274,exclude,include,"The paper describes a semi-automated robotic system (IRISS) that performs a physical surgical task (cataract removal) using OCT guidance. The system involves autonomous or semi-autonomous robotic behavior that controls or directs a physical robot to execute a surgical action. The task is performed on a biological model (postmortem pig eyes), and the system includes real-time supervision and intervention by the surgeon. The study meets the inclusion criteria for population, intervention, and specialty (ophthalmic surgery is excluded, but the paper is about cataract removal, which is not explicitly excluded in the specialty scope). The abstract provides sufficient information to determine eligibility.",include,"The paper describes a semi-automated robotic system (IRISS) that performs a physical surgical task (cataract removal) using OCT guidance. The system involves autonomous or semi-autonomous robotic behavior that controls or directs a physical robot to execute a surgical action. The task is performed on a biological model (postmortem pig eyes), and the system includes real-time supervision and intervention by the surgeon. The paper is a peer-reviewed original research article in English, published between 2010 and 2025. The task is within the included specialties (ophthalmic surgery is excluded, but the paper is about cataract removal, which is not explicitly excluded under the specialty scope). The system is not purely teleoperated or manual, and the paper involves an autonomous or semi-autonomous robotic component. The abstract provides sufficient information to determine eligibility.",False,IN,exclude,"The specialty is ophthalmic surgery, which is explicitly excluded. While the abstract describes a semi-automated system, the exclusion criteria specifically exclude ophthalmic surgery papers.",FLAGGED,False,False,False,False,a75efb90c9ba9479f0fe7572afc05387b5ea0abadee1584f0ace10266bedf1dd,c62560c72739757ef86fb0a42469fda8dfc10a81e58ce323f2ebedc9631bdb6b,9.382,6.288,False
596,EE-444,exclude,include,"The paper describes an autonomous cornea suturing robotic system that performs a physical surgical task (corneal suturing) on a clinical model. It involves an autonomous or semi-autonomous robotic component that controls or directs a physical robot to execute a surgical action. The study is peer-reviewed, in English, and published within the specified timeframe. The task involves quantifying cornea-instrument-robot interaction for autonomous operations, which aligns with the review's focus on autonomy in surgical robotics. The paper does not fall under excluded specialties (ophthalmic surgery is excluded, but the paper is about corneal suturing, which is within the included specialties).",include,"The paper describes an autonomous cornea suturing robotic system that performs a physical surgical task (corneal suturing) on a clinical model. It involves an autonomous or semi-autonomous robotic component that controls or directs a physical robot to execute a surgical action. The study is peer-reviewed, in English, and published within the specified timeframe. The task involves quantifying cornea-instrument-robot interaction for autonomous operations, which aligns with the review's focus on autonomy in surgical robotics. The paper does not fall under excluded specialties (ophthalmic surgery is excluded, but the paper is about corneal suturing, which is within the included specialties).",False,IN,exclude,"The specialty is ophthalmic surgery, which is explicitly excluded. While the abstract describes autonomous suturing, the specialty context triggers exclusion per the defined scope.",FLAGGED,False,False,False,False,26a4f494adbf9f9f16eae9c1e4be86c2f6881046022c0bd3e46e9a1456196e13,2b53f8bbb59b15dba5d07c74079de1af164f799cc9a8a0acbff885c33d66120d,8.335,6.158,False
341,EE-189,exclude,exclude,"The paper describes a robotic system for subretinal injection, which falls under ophthalmic surgery. Ophthalmic surgery is explicitly excluded in the specialty scope. Additionally, the paper focuses on a specific autonomous robotic task in a specialty-specific context (retinal surgery), which is excluded under the specialty scope criteria.",exclude,"The paper describes a robotic system for subretinal injection, which falls under ophthalmic surgery. Ophthalmic surgery is explicitly excluded in the specialty scope. Additionally, the paper focuses on a specific autonomous robotic task in a specialty-specific context (retinal surgery), which is excluded under the specialty scope criteria.",False,OUT,,,OUT,False,False,False,False,2d71e4c8b1a1e46e1a707b1d7a9a792543a615a8b8d39d0452262e218b9b4662,,4.673,,False
705,EE-553,exclude,exclude,"The paper describes a semi-autonomous surgical robot for human retina surgery, which falls under ophthalmic surgery, a specialty explicitly excluded in the review. Additionally, the abstract does not provide sufficient detail to confirm that the system involves a physical surgical task on tissue, phantoms, or in-vivo models, nor does it clarify the level of autonomy or comparator used.",exclude,"The paper describes a semi-autonomous surgical robot for human retina surgery, which falls under ophthalmic surgery, a specialty explicitly excluded in the review. Additionally, the abstract does not provide sufficient detail to confirm that the system involves a physical surgical task on tissue, phantoms, or in-vivo models, nor does it clarify the level of autonomy or comparator used.",False,OUT,,,OUT,False,False,False,False,c69a738d6e176c0fe0c82c1eb6789ff0b4914841dc3a61a3fa602ba7c56f74c9,,5.178,,False
309,EE-157,exclude,include,"The paper describes an autonomous robotic system for retinal microsurgery, which involves a physical surgical task (subretinal injection) on an in-vivo model (pig eyes). The system integrates autonomous navigation and control, demonstrating autonomy level beyond simple teleoperation. The task involves precision and safety considerations, aligning with the review's focus on autonomy in surgical robotics. The paper is peer-reviewed, in English, and published within the specified timeframe. While the specialty (ophthalmic surgery) is excluded, the task described (subretinal injection) is not specific to ophthalmic surgery and could be considered generalizable, thus meeting inclusion criteria.",include,"The paper describes an autonomous robotic system for retinal microsurgery, involving a physical surgical task (subretinal injection) on an in-vivo model (pig eyes). It includes an autonomous or semi-autonomous robotic component that controls the physical robot to execute a surgical action. The system integrates RGB-D imaging and CNNs for autonomous navigation, and the study involves task accuracy and safety metrics. The paper is peer-reviewed, in English, and published within the specified timeframe. While the specialty is ophthalmic surgery, which is excluded, the task described (subretinal injection) is a generalizable autonomous capability and thus included under the bench/preclinical autonomy category.",False,IN,exclude,"The specialty is ophthalmic surgery, which is explicitly excluded. While the abstract describes autonomous navigation, the procedure (retinal microsurgery) falls within an excluded specialty.",FLAGGED,False,False,False,False,3e744cdd77bea0c4bf13272709abc56b70f714acb5547086eb38a3605a91c3f1,aeaf88b801bfcd88ea295146760edc5cbb0478e9eee65d6438a5ae78a489d7f0,8.214,6.421,False
730,EE-578,exclude,include,"The paper describes a surgical robot for vitreoretinal surgery that autonomously detects the height of the robotic tool tip using shadow projection. This involves an autonomous or semi-autonomous robotic component that controls or directs a physical robot to execute a surgical action (ILM peeling and cannulation). The study involves a physical surgical task (vitreoretinal surgery) and provides data on accuracy (height estimation error). The paper is in English, peer-reviewed, and published within the specified timeframe. It does not fall under excluded specialties (ophthalmic surgery is included).",include,"The paper describes a surgical robot for vitreoretinal surgery that autonomously detects the height of the robotic tool tip using shadow projection. This involves an autonomous or semi-autonomous robotic component that controls or directs a physical robot to execute a surgical action (ILM peeling and cannulation). The study involves a physical surgical task (vitreoretinal surgery) and provides data on accuracy (height estimation error). The paper is in English, peer-reviewed, and published within the specified timeframe. It does not fall under excluded specialties (ophthalmic surgery is included).",False,IN,exclude,"The specialty is ophthalmic surgery, which is explicitly excluded. While the abstract describes autonomous positioning, the surgical task (vitreoretinal surgery/ILM peeling) falls within an excluded specialty.",FLAGGED,False,False,False,False,8c14662590d64322d60f5bbb8524d2a18581b7f5608385a6d960d07d6184fa80,6af544ad5d80ba42303976fe35671a28bbcff37e7da4206145cbfd9f14a8df4f,7.279,6.855,False
785,EE-633,exclude,include,"The paper describes an autonomous robotic system for bone drilling in orthopedic trauma surgery. It involves a physical surgical task (bone drilling) on in-vivo models (porcine, bovine, and human bones). The robotic system controls the physical robot to execute a surgical action (drilling), which meets the inclusion criteria for an autonomous or semi-autonomous robotic component. The study reports on task accuracy (drilling depth accuracy of 0.1 mm), safety events (minimal soft tissue penetration), and control parameters. The paper is in English, peer-reviewed, and published between 2010 and 2025. While orthopedic surgery is typically excluded, the paper describes a generalizable autonomous task (bone drilling) in an orthopedic context, which is included per the specialty scope guidelines.",include,"The paper describes a robotic system for bone drilling in orthopedic trauma surgery, which involves an autonomous or semi-autonomous robotic component that controls a physical robot to execute a surgical action. The study includes ex-vivo experiments on bones, which meet the inclusion criteria for physical surgical tasks. The paper also discusses control parameters, thrust force, and temperature during drilling, which are relevant to task accuracy and safety events. The study does not appear to be a systematic review, meta-analysis, or scoping review, and it is a peer-reviewed original research article. The specialty is orthopedic surgery, which is excluded only if the task is specialty-specific. Since the paper describes a generalizable autonomous task (bone drilling) in an orthopedic context, it is included.",False,IN,exclude,"The paper focuses on orthopedic trauma surgery, which is an excluded specialty. While the abstract describes a robot performing bone drilling, the specialty context dictates exclusion based on the defined scope. Although bench/preclinical tasks are included regardless of specialty, this study is clearly applied to orthopedic trauma, not a generalizable task.",FLAGGED,False,False,False,False,c880ba743dd8d2b40dd2bfd064c2582353cee78d954f472169266584f61054d9,53635a9e4f9104675efb0d4a2cfaca422b793b070dad7e6fe6e5525548c25b7e,9.803,8.985,False
684,EE-532,exclude,include,"The paper describes an autonomous robotic system for spinal osteotomy, which is a physical surgical task performed on a phantom. The system autonomously controls the robotic arm to execute the osteotomy, meeting the criteria for an autonomous or semi-autonomous surgical robotic system. The study evaluates task accuracy, which is one of the specified outcomes. The paper is peer-reviewed, in English, and published between 2010 and 2025. It does not involve non-surgical robotics or excluded specialties (spinal surgery is included).",include,"The paper describes an autonomous robotic system for spinal osteotomy, which is a physical surgical task performed on a phantom. The system autonomously controls the robotic arm to execute the osteotomy, meeting the criteria for an autonomous or semi-autonomous surgical robotic system. The study involves a physical surgical task (laminectomy on 3D-printed vertebrae phantoms) and evaluates task accuracy, which is one of the specified outcomes. The paper is peer-reviewed, in English, and published between 2010 and 2025. It does not involve non-surgical robotics or excluded specialties (spinal surgery is included).",False,IN,exclude,"The study focuses on robotic spine osteotomy, which falls under orthopedic surgery – an excluded specialty. While the abstract describes a physical surgical task performed with a robotic system, the specialty context dictates exclusion based on the defined scope.",FLAGGED,False,False,False,False,a102f6da125b4269558d7b5c7a0584bc6a7ad5cf51c651a2aba1c0cf279cd987,50083997c251d1768a5b8c17c8df6735a4f5ce9995a43e35aa239c2931ee4cf5,7.632,7.434,False
782,EE-630,exclude,include,"The paper describes a fully automated active robotic system used in total knee arthroplasty (TKA), which is a surgical procedure within the included specialties (orthopedic surgery is excluded, but the paper is about a generalizable autonomous task in a TKA context). The system performs physical surgical tasks (bone milling) and involves an autonomous robotic component that controls the robot to execute a surgical action. The study evaluates task accuracy (implant size and alignment) and safety events (adverse events), which align with the outcomes of interest. The paper is a peer-reviewed original research article in English, published between 2010 and 2025.",include,"The paper describes a fully automated active robotic system used in total knee arthroplasty (TKA), which is a surgical procedure within the included specialties (orthopedic surgery is excluded, but the paper is about a generalizable autonomous task in a TKA context). The system performs physical surgical tasks (bone milling) and involves an autonomous robotic component that controls the robot to execute a surgical action. The study evaluates task accuracy (implant size and alignment) and safety events (adverse events), which align with the outcomes of interest. The paper is a peer-reviewed original research article in English, published between 2010 and 2025.",False,IN,exclude,"The study focuses on Total Knee Arthroplasty (TKA), which falls under orthopedic surgery – an excluded specialty. While the system is described as 'fully automated', the context is a specialty-specific task (TKA) and therefore excluded per the specialty scope guidelines.",FLAGGED,False,False,False,False,b090ddb912fafac931f2f65318fd4b85575d440d3e933114f1b10fd2a920e327,379bd099b5c5d4c2f2b7a288524bdc62b70e1df608a6785d193b9c10f9d5ca28,8.451,8.645,False
403,EE-251,exclude,include,"The paper describes a robotic guidance system for semi-automated, minimally invasive pedicle screw placement in a cadaver study. The robotic system autonomously aligns with the planned screw trajectory, demonstrating a level of autonomy (likely Level 3 or 4 per Yang et al. taxonomy). The study involves a physical surgical task (pedicle screw placement) and includes accuracy measurements, which align with the outcomes of interest. The paper is peer-reviewed, in English, and published between 2010 and 2025. It does not involve purely teleoperated or manual surgery, and the specialty (spine surgery) is included in the review's scope.",include,"The paper describes a robotic guidance system for semi-automated, minimally invasive pedicle screw placement in a cadaver study. The robotic system autonomously aligns with the planned screw trajectory, which meets the criteria for a semi-autonomous surgical robotic system. The study involves a physical surgical task (pedicle screw placement) and includes accuracy measurements, which are relevant outcomes. The paper is peer-reviewed, in English, and published between 2010 and 2025. It does not involve non-surgical robotics or excluded specialties. The study is within the scope of spinal surgery, which is included.",False,IN,exclude,"The study focuses on navigated spine surgery, which falls under the excluded specialty of neurosurgery. While the abstract describes a robotic *assistance* component, the task (pedicle screw placement) is a specialty-specific neurosurgical procedure. The inclusion criteria explicitly exclude neurosurgery unless the autonomous task is generalizable, which this is not.",FLAGGED,False,False,False,False,df8a8d048bbcb0845252990a42aa87c39bb223254459f8be877c861525f0862c,fe0365e5796d4f3f91f39fab413c93d06bbb2c5c943f278c60ce52393b0c393f,8.399,9.468,False
795,EE-643,exclude,include,"The paper describes a handheld robot for bone drilling assistance, which involves an autonomous or semi-autonomous robotic component that controls or directs a physical robot to execute a surgical action. The system includes force sensors, a coordinated controller, and a compensation function to guide the drill back to the planned path, indicating some level of autonomy. The task involves a physical surgical action (bone drilling) and is within the scope of orthopedic surgery. The paper is a peer-reviewed original research article in English, published between 2010 and 2025. Although the paper is in the excluded specialty (orthopedic surgery), it describes a generalizable autonomous task (bone drilling) that is not specialty-specific. Therefore, it meets the inclusion criteria.",include,"The paper describes a handheld robot designed for bone drilling assistance, which involves an autonomous or semi-autonomous robotic component that controls or directs a physical robot to execute a surgical action. The system includes force sensors and a coordinated controller to assist the surgeon, demonstrating a level of autonomy in the task execution. The study involves a physical surgical task (bone drilling) and meets the inclusion criteria for the specialty of orthopedic surgery. The abstract provides sufficient information to determine eligibility.",False,IN,exclude,"The abstract describes a handheld robot *assisting* the surgeon, but the surgeon still positions the handle and directs the tool. The robot provides force sensing and trajectory compensation, but does not independently plan or execute the drilling. This is a coordinated control system, but remains fundamentally teleoperated, failing the requirement for an autonomous or semi-autonomous component that controls or directs the surgical action. It is a master-slave system with added assistance, not a system with independent decision-making.",FLAGGED,False,False,False,False,9bdf54bd1cf0c0196430f375dfb253b2a8b2d9a580bdd9596dee96fb3ab9e6f4,f58e3795a429ad1092587d9917a19706c822377ccd5a301974efaf7aae5dd7c2,7.651,11.913,False
655,EE-503,exclude,exclude,"The paper describes a robotic total knee arthroplasty system used for kinematic alignment, but it does not mention any level of autonomy in the robotic system. The robotic system is used for precise bone resection and implant placement, but the description suggests it is a teleoperated system under surgeon control rather than an autonomous or semi-autonomous system. The focus is on the accuracy and outcomes of the robotic procedure, not on the autonomy level or comparison with human-controlled systems. Therefore, it does not meet the inclusion criteria for autonomy in surgical robotics.",exclude,"The paper describes a robotic total knee arthroplasty system used for kinematic alignment, but it does not mention any level of autonomy in the robotic system. The robotic system is used for precise bone resection and implant placement, but the description suggests it is a teleoperated system under surgeon control rather than an autonomous or semi-autonomous system. The focus is on the accuracy and outcomes of the robotic procedure, not on the autonomy level or comparison with human-controlled systems. Therefore, it does not meet the inclusion criteria for autonomy in surgical robotics.",False,OUT,,,OUT,False,False,False,False,b77d7571534a4e8962dbec7dd8f85a68d04eb6e4107604591731f7de808d5ea4,,7.324,,False
736,EE-584,exclude,include,"The paper describes an orthopedic surgical robot with autonomous capabilities for bone drilling, including sensing and feedback mechanisms for lateral force and skidding. It involves a physical surgical task (bone drilling) and includes autonomous or semi-autonomous robotic components that control or direct the physical robot. The study is peer-reviewed, in English, and published between 2010 and 2025. It is relevant to the included specialty (orthopedic surgery) and addresses task accuracy and safety outcomes.",include,"The paper describes an orthopedic surgical robot with autonomous capabilities for bone drilling, including sensing and feedback mechanisms for lateral force and skidding. It involves a physical surgical task (bone drilling) and includes autonomous or semi-autonomous robotic components that control or direct the physical robot. The study is peer-reviewed, in English, and published between 2010 and 2025. It is relevant to the specialty of orthopedic surgery, and the autonomous task (bone drilling) is generalizable.",False,IN,exclude,"While the abstract mentions paving the way for *future* autonomous bone drilling, the presented work focuses on sensing and estimation of skidding – it does not describe or demonstrate any autonomous or semi-autonomous behavior of the robot itself. The robot is used for drilling, but the control is not described as autonomous; it's a sensing system *for* a robot, not an autonomous robot. This falls under the exclusion criteria of studies describing hardware or sensors without autonomous control.",FLAGGED,False,False,False,False,dee340388c1367bf46aa2d1ccae5f892bf8aecc995e7fff8e08749a89c33dd15,6380c842a8cbeb861b903078072c3afa332d4122bf7bae85f12f9686e0542f42,6.733,11.825,False
641,EE-489,exclude,include,"The paper describes an autonomous or semi-autonomous robotic system for pedicle screw implantation in orthopedic surgery. It involves a physical surgical task (pedicle screw implantation) and includes a robotic component that controls or directs a physical robot to execute a surgical action. The methodology combines imitation learning and constraint optimization to enhance automation, which aligns with the intervention criteria (Levels 1–5 autonomy). The study involves a physical task on a human (orthopedic surgery) and provides quantitative outcomes such as distance and angular errors, which are relevant to task accuracy. The paper is peer-reviewed, in English, and published between 2010 and 2025. It does not fall under excluded specialties (orthopedic surgery is included if the task is generalizable, and this paper describes a generalizable autonomous task).",include,"The paper describes an autonomous or semi-autonomous robotic system for pedicle screw implantation in orthopedic surgery. It involves a physical surgical task (pedicle screw implantation) and includes a robotic component that controls or directs a physical robot to execute a surgical action. The methodology combines imitation learning and constraint optimization to enhance automation, which aligns with the intervention criteria (Levels 1–5 autonomy). The study reports task accuracy (distance and angular errors) and is published in English as a peer-reviewed original research article. The specialty is orthopedic surgery, which is excluded only if the task is specialty-specific, but the paper describes a generalizable autonomous task (surgical pose alignment and drilling), making it eligible for inclusion.",False,IN,exclude,"The paper focuses on orthopedic surgery, which is an excluded specialty according to the guidelines. While the abstract describes autonomous behavior, the specialty exclusion overrides inclusion criteria. The task is specialty-specific (pedicle screw implantation).",FLAGGED,False,False,False,False,083dde333da73a3a8968c1a54c12ea4ebd64a9eaed14ce1aeeb53a2cfebdd74e,a5893c0eb3a73cb22c41279ab04ca2177b35ea21fade96bdab92dfd5247d8360,10.078,8.114,False
270,EE-118,exclude,include,"The title suggests a comparison between autonomous robotic surgery and dynamic navigation in implant placement, which aligns with the focus on autonomous or semi-autonomous surgical robotic systems. The abstract mentions a randomized controlled trial, which implies a comparator (dynamic navigation), and the study involves a physical surgical task (implant placement). The paper is likely peer-reviewed and in English, and the time frame is within the specified range (2010–2025). The study involves an autonomous robotic component, as it compares autonomous robotic surgery to dynamic navigation, which is a form of human-guided system. The task is a physical surgical task, and the outcomes such as accuracy and error rate are relevant to the review.",include,"The title suggests a comparison between autonomous robotic surgery and dynamic navigation in implant placement, which aligns with the focus on autonomous or semi-autonomous surgical robotic systems. The abstract mentions a randomized controlled trial, which implies a comparator (dynamic navigation), and the study involves a physical surgical task (implant placement). The paper is likely peer-reviewed and in English, and the time frame is within the specified range (2010-2025). The study involves an autonomous robotic component, which meets the inclusion criteria.",False,IN,exclude,"The abstract explicitly describes implant placement, a procedure strongly associated with orthopedic surgery, which is an excluded specialty. While the abstract mentions 'autonomous robotic surgery', the context clearly indicates a specialty-specific application within orthopedic surgery, triggering the exclusion criteria. The study focuses on implant placement accuracy, a core orthopedic task.",FLAGGED,False,False,False,False,d59885d913a60c355a4d1846be626c13ea94a77ae9fe79844d741edd5b89150f,c1f51a0360ceab9b5830d0a77f76d65cd58c414485befaff723063f3527c7882,7.652,8.592,False
278,EE-126,exclude,exclude,"The paper discusses robotic-assisted total knee arthroplasty (RATKA) and mentions systems like the CUVIS Joint Robot, ROSA, and CORI Knee platform. However, it does not clearly specify whether these systems involve autonomous or semi-autonomous robotic components that control or direct a physical robot to execute a surgical action. The focus appears to be on robotic assistance rather than autonomy. Additionally, the paper is a review and not an original research paper, which excludes it based on the inclusion criteria.",exclude,"The paper discusses robotic-assisted total knee arthroplasty (RATKA) and mentions systems like the CUVIS Joint Robot, ROSA, and CORI Knee platform. However, it does not clearly specify whether these systems involve autonomous or semi-autonomous robotic components that control or direct a physical robot to execute a surgical action. The focus appears to be on robotic assistance rather than autonomy. Additionally, the paper is a review and not an original research paper, which excludes it based on the inclusion criteria.",False,OUT,,,OUT,False,False,False,False,6eca3f0d721d6e3b1bb7f3150265c5adaacdef46a91e538a655c1f8904996665,,6.798,,False
18,EE-010,exclude,exclude,"The paper focuses on developing a neural network for tissue segmentation in endoscopic images, which is a part of the autonomous surgical robotics pipeline. However, it does not describe a physical surgical task performed by an autonomous or semi-autonomous robotic system. Instead, it presents a computational model for image segmentation without involving actual robotic control or execution of surgical actions. Therefore, it does not meet the inclusion criteria for the review.",exclude,"The paper focuses on developing a neural network for tissue segmentation in endoscopic images, which is a part of the autonomous surgical robotics pipeline. However, it does not describe a physical surgical task performed by an autonomous or semi-autonomous robotic system. The study is more about image segmentation algorithms rather than evaluating the performance of autonomous robotic systems in executing physical surgical tasks. Therefore, it does not meet the inclusion criteria for the review.",False,OUT,,,OUT,False,False,False,False,8537265e41b9a5a1cab0b14150e45d49b96fa9096ee762971c062c39fe9518a4,,5.763,,False
613,EE-461,exclude,exclude,"The paper describes a robotic microforceps for retinal microsurgery, which is a specialized procedure in ophthalmic surgery. According to the exclusion criteria, ophthalmic surgery is explicitly excluded. Additionally, the paper focuses on a specific robotic tool for a specialized task rather than involving autonomous or semi-autonomous robotic systems performing physical surgical tasks on tissue, phantoms, or in-vivo models as required by the inclusion criteria.",exclude,"The paper describes a robotic microforceps for retinal microsurgery, which is a specialized procedure in ophthalmic surgery. According to the exclusion criteria, ophthalmic surgery is explicitly excluded. Additionally, the paper focuses on a specific robotic tool for a specialized task rather than involving autonomous or semi-autonomous robotic systems performing physical surgical tasks on tissue, phantoms, or in-vivo models as required by the inclusion criteria.",False,OUT,,,OUT,False,False,False,False,0c7147f143c19bce3932633cb5c105aba75e299ef79e822a14f04202bfa41a9f,,6.018,,False
382,EE-230,exclude,exclude,"The paper describes a soft robot for peripheral lung cancer diagnosis and therapy, but it does not involve autonomous or semi-autonomous surgical robotic systems performing physical surgical tasks on tissue, phantoms, or in-vivo models. The robot is used as an assistive tool under clinician control, not as an autonomous or semi-autonomous system executing surgical actions. Additionally, the study focuses on diagnostic and interventional capabilities rather than surgical tasks, and the primary focus is on navigation and alignment rather than surgical autonomy.",exclude,"The paper describes a soft robot for peripheral lung cancer diagnosis and therapy, but it does not involve autonomous or semi-autonomous surgical robotic systems performing physical surgical tasks on tissue, phantoms, or in-vivo models. The robot is used as an assistive tool under clinician control, not as an autonomous or semi-autonomous system executing surgical actions. Additionally, the study focuses on diagnostic and interventional capabilities rather than surgical tasks, and the primary focus is on navigation and alignment rather than surgical autonomy.",False,OUT,,,OUT,False,False,False,False,2f64f3f2cb0fb8b541007ef7eb8a71d149a2ed1f33c80d0154335554741e477e,,6.764,,False
579,EE-427,include,include,"The paper presents a novel forecasting kinematic algorithm for autonomously navigating a laparoscopic minimally invasive surgical robotic system, which involves an autonomous or semi-autonomous robotic component that controls or directs a physical robot to execute a surgical action. The study involves a physical surgical task (laparoscopic surgery) and includes technical details on autonomy. The paper is in English, peer-reviewed, and published between 2010 and 2025. It does not fall under excluded specialties or categories.",include,"The paper presents a novel forecasting kinematic algorithm for autonomously navigating a laparoscopic minimally invasive surgical robotic system. It involves an autonomous or semi-autonomous robotic component that controls or directs a physical robot to execute a surgical action. The study focuses on a physical surgical task (laparoscopic surgery) and includes technical details on autonomy. The paper is peer-reviewed and in English, published between 2010 and 2025. It does not fall under excluded specialties or categories.",False,IN,exclude,"The abstract describes a system that *tracks* instrument marks and adjusts the visual window, but does not indicate the robot itself is performing any surgical action autonomously. The system appears to be assisting the surgeon by maintaining visual focus, which is a form of teleoperation enhancement, not autonomous surgical execution. It fails test #1 and #2.",FLAGGED,False,False,False,False,ca107920637d52ca02c3800a5ed90e98abfb9fa39dce2a4ef0810667f2eea77f,36e2bb3dddd3a7195ab82f1f6d810cc453eb76bb39c121ad044deb690123f1d1,6.673,9.479,False
583,EE-431,include,exclude,"The paper describes a telemanipulated surgical robotic system with haptic feedback and supervision features, but it does not involve autonomous or semi-autonomous robotic components that control or direct a physical robot to execute a surgical action. The system is primarily teleoperated with supervision, not autonomous. It does not meet the inclusion criteria for involving autonomous or semi-autonomous robotic components.",exclude,"The paper describes a telemanipulated surgical robotic system with haptic feedback and supervision features, but it does not involve autonomous or semi-autonomous robotic components that control or direct a physical robot to execute a surgical action. The system is primarily teleoperated with supervision, not autonomous. It does not meet the inclusion criteria for involving autonomous or semi-autonomous robotic components.",False,OUT,,,OUT,False,False,False,False,50f93c58fd341ce890a83ff2ec578f81bcdefa5345f8c1e095ce3375a156eb5d,,5.211,,False
344,EE-192,exclude,exclude,"The abstract does not provide sufficient information to determine if the paper meets the inclusion criteria. It mentions 'dynamic navigation and autonomous robotic computer-assisted implant surgery methods' but lacks details on whether the robotic system controls or directs a physical robot to execute a surgical action, the level of autonomy, or the specific surgical specialty. Additionally, the study is described as a retrospective study, which does not meet the inclusion criterion of peer-reviewed original research (journal article or full conference paper).",exclude,"The abstract does not provide sufficient information to determine if the study involves autonomous or semi-autonomous surgical robotic systems performing physical surgical tasks on tissue, phantoms, or in-vivo models. It mentions 'dynamic navigation' and 'autonomous robotic computer-assisted implant surgery methods,' but lacks details on the autonomy level, task execution, or comparison with human-controlled systems. Additionally, the study is described as a retrospective study, which does not meet the inclusion criteria for peer-reviewed original research involving physical surgical tasks with autonomous robotic components.",False,OUT,,,OUT,False,False,False,False,9c600e1bd31bf8166c18e13747bd8ab9c4fdc47e8800fde90b33816ad254c093,,6.489,,False
363,EE-211,exclude,exclude,"The paper describes a semi-autonomous robotic system used in total knee arthroplasty, but it does not clearly involve the robotic system controlling or directing a physical robot to execute a surgical action. Instead, it describes a system that provides guidance and data to surgeons, which is more aligned with teleoperated systems rather than autonomous or semi-autonomous robotic systems that control physical robots. Additionally, the paper does not mention any level of autonomy (Yang et al. Levels 1–5) or any comparison with human-controlled systems. The focus is on surgical tips and data analysis rather than evaluating autonomy in surgical robotics.",exclude,"The paper describes a semi-autonomous robotic system used in total knee arthroplasty, but it does not clearly involve the robotic system controlling or directing a physical robot to execute a surgical action. Instead, it describes a system that provides guidance and data to surgeons, which is more aligned with teleoperated systems rather than autonomous or semi-autonomous robotic systems that control physical robots. Additionally, the paper does not mention any level of autonomy (Yang et al. Levels 1–5) or any comparison with human-controlled systems. The focus is on surgical tips and data analysis rather than evaluating autonomy in surgical robotics.",False,OUT,,,OUT,False,False,False,False,9f3ee52f824b75646f256c51add770ba205e9b074f273d89ae811793b9113c12,,7.849,,False
384,EE-232,exclude,exclude,"The paper describes an active robotic system for total knee arthroplasty, which is a type of orthopedic surgery. According to the exclusion criteria, orthopedic surgery is excluded unless the autonomous task is generalizable (e.g., suturing, knot-tying). This paper specifically describes a specialty-specific autonomous task (bone preparation for TKA), which falls under orthopedic surgery and is therefore excluded.",exclude,"The paper describes an active robotic system for total knee arthroplasty, which is a type of orthopedic surgery. According to the exclusion criteria, orthopedic surgery is excluded unless the autonomous task is generalizable (e.g., suturing, knot-tying). The paper specifically describes a specialty-specific autonomous task (bone preparation for TKA), which falls under orthopedic surgery and is therefore excluded.",False,OUT,,,OUT,False,False,False,False,42808cc82725c3385a7d4a79e68f29f6dffa7f510bfdbe09a4604f84ebc9fc6a,,5.77,,False
222,EE-092,include,exclude,"The paper describes a surgical robot assistant with an artificial intelligence-based controller for endoscopic tool localization, but it does not mention any level of autonomy (Levels 1–5) or any autonomous/semi-autonomous robotic component that controls or directs a physical robot to execute a surgical action. The focus appears to be on control algorithms rather than autonomy in surgical robotics. Additionally, the paper does not involve a physical surgical task on tissue, phantoms, or in-vivo models, which is a required inclusion criterion.",exclude,"The paper describes a surgical robot assistant with an artificial intelligence-based controller for endoscopic tool localization, but it does not mention any level of autonomy (Levels 1–5) or any autonomous/semi-autonomous robotic component that controls or directs a physical robot to execute a surgical action. The focus appears to be on control algorithms rather than autonomy in surgical robotics. Additionally, the paper does not involve a physical surgical task on tissue, phantoms, or in-vivo models, which is a required inclusion criterion.",False,OUT,,,OUT,False,False,False,False,a4d2194dd1bf6eac368867ca5ca5201643b9f207047cf7e3d06a650ac143c139,,6.701,,False
139,EE-057,exclude,exclude,"The paper focuses on error compensation in surgical robots based on RCM mechanisms, but it does not mention any level of autonomy or semi-autonomy in the robotic system. The study appears to be about improving kinematic accuracy and reducing errors in a teleoperated or manually controlled system, not an autonomous or semi-autonomous robotic system performing physical surgical tasks. Therefore, it does not meet the inclusion criteria for the review.",exclude,"The paper focuses on error compensation in surgical robots based on RCM mechanisms, but it does not describe autonomous or semi-autonomous robotic systems performing physical surgical tasks. The study is about improving kinematic accuracy and reducing errors in existing robotic systems, not about autonomy levels or comparing autonomous/semi-autonomous systems to human-controlled or manual surgery. Therefore, it does not meet the inclusion criteria for the review.",False,OUT,,,OUT,False,False,False,False,721d6063217e755a6210c82f181d1866a283a5a1041e88c6d16e542a3862a2bf,,5.662,,False
761,EE-609,exclude,exclude,"The paper does not involve autonomous or semi-autonomous surgical robotic systems performing physical surgical tasks on tissue, phantoms, or in-vivo models. Instead, it describes an IoMT-enabled healthcare system with robotics and deep reinforcement learning for dynamic surgical data analysis, which does not meet the inclusion criteria for surgical autonomy in robotic systems.",exclude,"The paper does not involve autonomous or semi-autonomous surgical robotic systems performing physical surgical tasks on tissue, phantoms, or in-vivo models. Instead, it describes an IoMT-enabled healthcare system with robotics and deep reinforcement learning for dynamic surgical data analysis, which does not meet the inclusion criteria for surgical autonomy in robotic systems.",False,OUT,,,OUT,False,False,False,False,51927a3153a7d3c1b738d4d05cc2bbe9fbb0fd6a9f8d7979c54c79c1e4130f1e,,4.861,,False
425,EE-273,exclude,include,"The paper describes an autonomous robotic surgical instrument for brain tissue aspiration, which is a physical surgical task. It involves a robotic component that controls a physical robot to execute a surgical action, meeting the inclusion criteria. The task is within the scope of neurosurgery, but the paper describes a generalizable autonomous task (tissue aspiration) rather than a specialty-specific task. The study involves an in-vivo model (brain tissue aspiration), and the paper is a peer-reviewed original research article in English. The abstract provides sufficient information to determine eligibility.",include,"The paper describes an autonomous or semi-autonomous robotic surgical instrument for brain tissue aspiration, which is a physical surgical task. The system involves robotic control of a needle to execute a surgical action, meeting the inclusion criteria for an autonomous or semi-autonomous robotic component. The task is performed in a biological context (brain tissue), and the paper is peer-reviewed. The study is within the scope of neurosurgery, which is excluded unless the task is generalizable. However, the task described (tissue aspiration) is a generalizable autonomous capability, not specialty-specific. The paper is in English and published between 2010 and 2025.",False,IN,exclude,"While the abstract mentions 'robotic control' and 'automatic tissue aspiration', it primarily describes a system where a user interacts with a GUI to control the needle. The description lacks evidence of *autonomous* decision-making or independent action by the robot. It appears to be a remotely controlled system, fitting the exclusion criteria for purely teleoperated systems. The robot executes actions *in response to* user input, not independently. It does not meet the requirement of an autonomous or semi-autonomous component making independent decisions about motion, planning, or execution.",FLAGGED,False,False,False,False,505ba54ea308ed0de325cbb3fd4bb6db180f61650ebe40d6699d5f72d99b5c3c,b8fd2a6a9251ec47d4867ae114feb07ce62807b125c34647a85fb4c82804a528,7.66,13.109,False
387,EE-235,exclude,include,"The paper involves a semi-autonomous robotic system (Navio) performing physical surgical tasks in total knee arthroplasty, which falls under the included specialty (orthopedic surgery is excluded only when the task is specialty-specific, but this paper describes a generalizable autonomous task in a joint replacement context). The study evaluates task accuracy (RMSE, p-values) and includes a physical surgical task on human patients. The robotic system controls the execution of the surgical action, meeting the inclusion criteria for an autonomous or semi-autonomous robotic component. The study is a peer-reviewed original research article in English, published between 2010 and 2025.",include,"The paper involves a semi-autonomous robotic system (Navio) performing physical surgical tasks in total knee arthroplasty, which falls under the included specialty of general surgery. The study evaluates task accuracy (RMSE values) and compares robotic system performance to planned outcomes, meeting the outcomes criteria. The robotic system controls the physical robot to execute surgical actions, not purely teleoperated or manual. The study is a peer-reviewed original research article in English, published between 2010 and 2025.",False,IN,exclude,"The abstract describes a 'semi-autonomous' system, but details indicate it's a hand-held robotic *assistance* tool used by a surgeon. The surgeon performs the bone cuts, and the robot provides guidance/precision. This is consistent with a teleoperated system where the human directly controls the movements, rather than the robot independently controlling or directing the surgical action. It fails the requirement for an autonomous or semi-autonomous component that *controls* or *directs* the surgical action.",FLAGGED,False,False,False,False,9081e2bfb392f6fbca1a582edd9194681325a92a74cdae4f6c191d3b5b24a6a4,05234c897faac52cca022b2273b82a21c291ae29adec87ab4f6914881d8b23dc,7.714,12.579,False
728,EE-576,exclude,include,"The paper describes a robotic system that autonomously aligns a pre-curved electrode array during cochlear implant insertion, which is a physical surgical task. The system involves an autonomous or semi-autonomous robotic component that controls or directs a physical robot to execute a surgical action. The task involves reducing intracochlear insertion trauma, which relates to safety events. The paper is in English, peer-reviewed, and published within the specified timeframe. The specialty is excluded (otologic surgery), but the task described is a generalizable autonomous capability (electrode array alignment), which is included under bench/preclinical autonomy.",include,"The paper describes a robotic system that autonomously aligns a pre-curved electrode array during cochlear implant insertion, which is a physical surgical task. The system involves an autonomous or semi-autonomous robotic component that controls or directs a physical robot to execute a surgical action. The task involves reducing intracochlear insertion trauma, which relates to safety events. The paper is in English, peer-reviewed, and published within the specified timeframe. The specialty is excluded (otologic surgery), but the task described is a generalizable autonomous capability (electrode array alignment), which is included under bench/preclinical autonomy.",False,IN,exclude,"The abstract describes a robot *assisting* with insertion and alignment, but does not indicate any autonomous decision-making or control over the surgical action itself. The system appears to be navigated, implying human control. This fails test #2 (autonomous component). The specialty (otolaryngology/cochlear implant) also falls outside the included specialties.",FLAGGED,False,False,False,False,6397ddcff2701c639d8d456130a635fcaaa8772918b3e6482e0f9b57a85e24bb,9307ac0bd0bd5eba6b2c5084f469b621b9386f8a4439d70a54b874bd4f1a1a3c,7.588,9.656,False
134,EE-055,exclude,exclude,"The paper describes a methodology for automatic keypoint generation in surgical robot trajectories using learning-by-demonstration, but it does not involve autonomous or semi-autonomous robotic systems performing physical surgical tasks. Instead, it focuses on algorithm development for trajectory learning without demonstrating autonomous task execution. The study appears to be a simulation or algorithmic framework without physical robotic control or evaluation of autonomy levels (Yang et al. Levels 1–5). Additionally, the abstract does not mention any physical surgical task or robotic control of a physical robot.",exclude,"The paper describes a methodology for automatic keypoint generation in surgical robot trajectories using learning-by-demonstration, but it does not involve autonomous or semi-autonomous robotic systems performing physical surgical tasks. Instead, it focuses on algorithm development for trajectory learning without demonstrating autonomous task execution. The study appears to be a simulation or algorithmic framework without physical robotic control or evaluation of autonomy levels (Yang et al. Levels 1–5). Additionally, the abstract does not mention any physical surgical task or robotic control of a physical robot.",False,OUT,,,OUT,False,False,False,False,58162c641fe6751ca8c448a8b49f855ae5c3fc6cd53c3c375eae32ef3618e10d,,6.784,,False
569,EE-417,include,exclude,"The paper describes a shared control robotic system for retinal surgery, which involves a level of autonomy (shared control). However, the specialty of retinal surgery (ophthalmic surgery) is explicitly excluded according to the inclusion criteria. The paper does not meet the inclusion criteria for specialty scope as it falls under ophthalmic surgery, which is excluded.",exclude,"The paper describes a shared control robotic system for retinal surgery, which involves a level of autonomy. However, retinal surgery falls under ophthalmic surgery, which is explicitly excluded per the specialty scope criteria. The paper does not meet the inclusion criteria for any of the included specialties and is therefore excluded.",False,OUT,,,OUT,False,False,False,False,bcc1abe56aeeb3ced49d36e2f714566ea65a6003bba0a574cda174c8c05769b8,,4.872,,False
267,EE-115,exclude,exclude,"The paper describes a semi-autonomous robotic system for vertebroplasty, which is a procedure in orthopedic surgery. However, the paper focuses on the mechanical design and performance of the robot rather than evaluating autonomy in surgical robotics as per the review's focus. The study does not assess task accuracy, error rates, completion time, safety events, or surgeon workload, which are key outcomes for the review. Additionally, the paper does not involve a physical surgical task on tissue, phantoms, or in-vivo models but rather focuses on simulation and design analysis. Therefore, it does not meet the inclusion criteria for the review.",exclude,"The paper describes a semi-autonomous robotic system for vertebroplasty, which is a procedure in orthopedic surgery. However, the paper focuses on the mechanical design and performance of the robot rather than evaluating autonomy in surgical robotics as per the review's focus. The study does not assess task accuracy, error rates, completion time, safety events, or surgeon workload, which are key outcomes for the review. Additionally, the paper does not involve a physical surgical task on tissue, phantoms, or in-vivo models but rather focuses on simulation and design analysis. Therefore, it does not meet the inclusion criteria for the review.",False,OUT,,,OUT,False,False,False,False,1ec6bcb22fc70c32e9797fd1aae0ca3102fdb5ea2778456c47309eb53cfd1e2a,,8.086,,False
103,EE-046,exclude,include,"The paper describes a collaborative spinal robot system for laminectomy, which involves an autonomous or semi-autonomous robotic component that controls or directs a physical robot to execute a surgical action. The study compares robot-assisted laminectomy (RAL) with manual laminectomy (ML), meeting the comparator criterion. The task involves a physical surgical task (in-vivo porcine specimens), and the outcomes include task completion time, penetration rate, and safety events. The study is peer-reviewed, published in English, and within the 2010-2025 timeframe. The specialty is spinal surgery, which is included in the review's scope.",include,"The paper describes a collaborative spinal robot system for laminectomy, which involves an autonomous or semi-autonomous robotic component that controls or directs a physical robot to execute a surgical action. The study compares robot-assisted laminectomy (RAL) with manual laminectomy (ML), meeting the comparator criterion. The task involves a physical surgical task (in-vivo porcine specimens), and the outcomes include task completion time, penetration rate, and safety events. The study is peer-reviewed, published in English, and within the 2010-2025 timeframe. The specialty is spinal surgery, which is included in the review's scope.",False,IN,exclude,"While the abstract mentions a 'collaborative spine robot system', it does not detail any autonomous or semi-autonomous behavior. The system *assists* with laminectomy, but the description strongly suggests a teleoperated or guided system where a human surgeon maintains primary control. The comparison to 'manual laminectomy' further supports this interpretation. The abstract lacks evidence of the robot making independent decisions about motion, planning, or execution, failing test #2. Additionally, the study focuses on a neurosurgical application (laminectomy), which is explicitly excluded per the specialty scope.",FLAGGED,False,False,False,False,58beef7c053be01e519cf62d81760fc026399a29206bb4eaa21ce9fce56ab609,250f22e7968abf25119a9f94499a68929e0283954bad36fd8b1d1ebdd75780db,8.181,13.819,False
385,EE-233,exclude,include,"The paper describes a semi-autonomous robotic system (ROSA Knee) used in total knee arthroplasty, which involves a physical surgical task on a cadaver. The system provides robotic assistance for specific surgical actions, such as distal femoral cut and ligament balancing, and is not purely teleoperated. The abstract mentions the system's semi-autonomous capabilities and its use in a physical surgical task, meeting the inclusion criteria for the review.",include,"The paper describes a semi-autonomous robotic system (ROSA Knee) used in total knee arthroplasty, which involves a physical surgical task on a cadaver. The system provides robotic assistance for specific surgical actions, such as distal femoral cut and ligament balancing, and is not purely teleoperated. The abstract mentions the system's semi-autonomous capabilities and its use in a physical surgical task, meeting the inclusion criteria for the review.",False,IN,exclude,"The abstract explicitly states the system is 'collaborative robotics, where the surgeon remains in charge' and that the surgeon 'handles the saw and performs the cuts'. This indicates the robot *assists* but does not independently control or direct surgical actions. It is a semi-autonomous system, but the level of autonomy does not meet the criteria of controlling or directing a physical robot to execute a surgical action; the surgeon performs the cutting. This is a purely teleoperated/master-slave system with assistance, failing test #2.",FLAGGED,False,False,False,False,71150f85e1bdde01baab6caade76318383041662573b936525f70f706f882f42,35cf7877f3b64c112b8324e3e0e198c8187fef78d0e944e9930207c15c84cf5f,6.242,13.115,False
190,EE-080,include,include,"The paper describes a system that involves autonomous or semi-autonomous robotic control for a physical surgical task. The da Vinci Research Kit is used to perform cooperative object manipulation with force tracking, which is a physical surgical task. The system includes an autonomous or semi-autonomous robotic component that controls or directs a physical robot to execute a surgical action. The study involves force control and impedance control, which are relevant to autonomy in surgical robotics. The paper is a peer-reviewed original research article in English, published between 2010 and 2025. It does not fall under excluded specialties or categories such as non-surgical robotics or systematic reviews.",include,"The paper describes a system that involves autonomous or semi-autonomous robotic control for a physical surgical task. The da Vinci Research Kit is used to perform cooperative object manipulation with force tracking, which is a physical surgical task. The system includes impedance control and force feedback, which are components of autonomy in surgical robotics. The study involves a physical robotic system and evaluates task performance (force tracking), which aligns with the outcomes of interest. The paper is a peer-reviewed original research article in English, published between 2010 and 2025. It does not fall under excluded specialties or categories such as non-surgical robotics or systematic reviews.",False,IN,exclude,"While the abstract mentions 'shared autonomy' and a controller for cooperative manipulation, the core functionality described is impedance control *assisting* a human operator. The system does not independently decide on surgical actions; it responds to human input and provides force feedback. This is fundamentally a teleoperated system with assistance, not a semi-autonomous or autonomous one as defined by the inclusion criteria. It fails test #2.",FLAGGED,False,False,False,False,03d3dcfd993f143e6d44ec34dc7259119f87f8b836eeb9039763d281ba2d82eb,0c079e09b77b4b59ff0337e227547100456411d6db5a59a88f561533abec6d7d,8.143,10.842,False
100,EE-044,exclude,exclude,The paper describes a vascular interventional surgery robot but does not mention any level of autonomy or semi-autonomy in performing surgical tasks. The focus is on control and feedback mechanisms rather than autonomous or semi-autonomous robotic behavior. The study does not meet the inclusion criteria which require the involvement of an autonomous or semi-autonomous robotic component that controls or directs a physical robot to execute a surgical action.,exclude,The paper describes a vascular interventional surgery robot but does not mention any level of autonomy or semi-autonomy in performing surgical tasks. The focus is on control and feedback mechanisms rather than autonomous or semi-autonomous robotic behavior. The study does not meet the inclusion criteria which require the involvement of an autonomous or semi-autonomous robotic component that controls or directs a physical robot to execute a surgical action.,False,OUT,,,OUT,False,False,False,False,3bf0fb2e527f5e111119602a33b56007ac25294f93b4155d866a3724a2c8fce5,,5.482,,False
71,EE-031,exclude,include,"The paper describes a trajectory generation solution for a robotic manipulator in a dynamic surgical environment, which involves an autonomous or semi-autonomous robotic component controlling a physical robot to execute a surgical action. The study includes validation in both simulated and experimental scenarios, meeting the inclusion criteria for a physical surgical task and autonomous robotic behavior. The focus on laparoscopic operations aligns with the included specialties.",include,"The paper describes a trajectory generation solution for a robotic manipulator in a dynamic surgical environment, which involves an autonomous or semi-autonomous robotic component controlling a physical robot to execute a surgical action. The study includes validation in both simulated and experimental scenarios, meeting the inclusion criteria for a physical surgical task and autonomous robotic behavior. The focus on laparoscopic operations aligns with the included specialties.",False,IN,exclude,"The abstract focuses on motion planning for a robotic manipulator but does not explicitly state that the robot *executes* a surgical action autonomously. It describes a trajectory generator and validation in simulated and experimental scenarios, but doesn't confirm the robot is performing a physical surgical task with any level of autonomy. The emphasis is on the planning algorithm itself, not the robot's surgical performance. This fails test #1 and potentially #2.",FLAGGED,False,False,False,False,58355beae5aee2b0e9b6ad6a85fb71144b7ead4efa08a33847acdd8186a14ff8,40d852c41fbb69e4b5fc20ec8b8ce674a57e27b041212c96c4a9eab6e6f7d92f,5.277,10.97,False
710,EE-558,exclude,exclude,"The paper focuses on enhancing safety in intraoperative orthopedic surgical planning through uncertainty quantification, but it does not describe the use of autonomous or semi-autonomous robotic systems performing physical surgical tasks. Instead, it discusses simulation-based approaches for safety mechanisms in robotic surgery without detailing the actual implementation or evaluation of autonomous robotic behavior in a physical surgical task. The paper does not meet the inclusion criteria for involving an autonomous or semi-autonomous robotic component that controls or directs a physical robot to execute a surgical action.",exclude,"The paper focuses on enhancing safety in intraoperative orthopedic surgical planning through uncertainty quantification, but it does not describe the use of autonomous or semi-autonomous robotic systems performing physical surgical tasks. Instead, it discusses simulation-based approaches for safety mechanisms in robotic surgery without detailing the actual implementation or evaluation of autonomous robotic behavior in a physical surgical task. The paper does not meet the inclusion criteria for involving an autonomous or semi-autonomous robotic component that controls or directs a physical robot to execute a surgical action.",False,OUT,,,OUT,False,False,False,False,5dca4a75bc99391af71ec086429d957d5f936f882a1f3b0e0e5c8ba0c3339b69,,6.667,,False
238,EE-097,exclude,exclude,"The paper describes a method for error compensation in a microsurgical robot used for retinal surgery, but it does not involve autonomous or semi-autonomous robotic systems performing physical surgical tasks. Instead, it focuses on improving the precision and accuracy of a teleoperated robotic system through error compensation algorithms. The study does not involve any level of surgical autonomy (Levels 1–5 per the Yang et al. taxonomy) and does not demonstrate autonomous or semi-autonomous robotic behavior controlling or directing a physical robot to execute a surgical action. Therefore, it does not meet the inclusion criteria for the review.",exclude,"The paper describes a method for error compensation in a microsurgical robot used for retinal surgery, but it does not involve autonomous or semi-autonomous robotic systems performing physical surgical tasks. Instead, it focuses on improving the precision and accuracy of a teleoperated robotic system through error compensation algorithms. The study does not involve any level of surgical autonomy (Levels 1–5 per the Yang et al. taxonomy) and does not meet the inclusion criteria for autonomous or semi-autonomous robotic systems.",False,OUT,,,OUT,False,False,False,False,8f92fff89e0f1a493db411b22a9c69415cfdbb328a90e6b60b750317e06c7440,,7.292,,False
161,EE-065,exclude,exclude,"The paper describes a planning strategy for robotic cochlear implantation, but it does not involve an autonomous or semi-autonomous robotic component that controls or directs a physical robot to execute a surgical action. Instead, it focuses on trajectory planning and simulation without demonstrating autonomous behavior in a physical surgical task.",exclude,"The paper describes a planning strategy for robotic cochlear implantation, but it does not involve an autonomous or semi-autonomous robotic component that controls or directs a physical robot to execute a surgical action. Instead, it focuses on trajectory planning and simulation without demonstrating autonomous behavior in a physical robotic system.",False,OUT,,,OUT,False,False,False,False,6fb7a4cd6f1b764f2daa4da9fca613bb18acd25cdd592f9f874f43eaec2b3cd6,,4.598,,False
774,EE-622,exclude,exclude,"The paper focuses on image-guidance and robotic technology for microsurgery in the lateral skull base, but it does not clearly describe autonomous or semi-autonomous robotic systems performing physical surgical tasks. The abstract mentions robotic systems for automated drilling and milling tasks, but it does not specify the level of autonomy (Yang et al. taxonomy) or whether the robotic system controls or directs a physical robot to execute a surgical action. The emphasis is on image-guidance and robotic technology as tools rather than autonomous systems. Additionally, the paper does not meet the inclusion criteria for surgical specialties (e.g., ophthalmic surgery is excluded, and the paper is about skull base surgery, which is excluded unless it involves generalizable autonomous tasks).",exclude,"The paper focuses on image-guidance and robotic technology for lateral skull base surgery, but it does not clearly describe autonomous or semi-autonomous robotic systems performing physical surgical tasks. The abstract mentions robotic systems for automated drilling and milling tasks, but it does not specify the level of autonomy (Yang et al. taxonomy) or whether the robotic system controls or directs a physical robot to execute a surgical action. The emphasis is on image-guidance and robotic technology as tools rather than autonomous systems. Additionally, the paper is about ophthalmic surgery (lateral skull base), which is excluded under the specialty scope.",False,OUT,,,OUT,False,False,False,False,efec8d4c0c3224beb6a65f1a68d832810359192051698835bcdbbdc5e070af91,,8.354,,False
112,EE-048,exclude,exclude,"The abstract does not provide sufficient information to determine if the paper meets the inclusion criteria. It lacks details on whether the robotic platform involves autonomous or semi-autonomous behavior, the specific surgical task performed, or the level of autonomy (Yang et al. taxonomy). Additionally, it does not specify the specialty or whether the task is generalizable. The abstract is too vague to assess eligibility.",exclude,"The abstract does not provide sufficient information to determine if the paper meets the inclusion criteria. It lacks details on whether the robotic platform involves autonomous or semi-autonomous components controlling a physical robot to execute a surgical action, or if it involves a physical surgical task on tissue, phantoms, or in-vivo models. Additionally, the abstract does not specify the specialty or the level of autonomy, which are required for inclusion.",False,OUT,,,OUT,False,False,False,False,6c4885bf40af50d1553ff59732d9f75e79e6d1b7c715e3dcd354765b7358def8,,5.446,,False
786,EE-634,include,exclude,"The paper describes a laparoscope manipulator robot designed to automatically control the position of the laparoscope using visual information, but it does not clearly involve autonomous or semi-autonomous surgical robotic systems performing physical surgical tasks on tissue, phantoms, or in-vivo models. The focus is on maintaining a clinical view without additional operator input, which does not meet the inclusion criteria for surgical autonomy in the context of executing physical surgical tasks. Additionally, the paper does not mention any level of autonomy (Yang et al. taxonomy) or compare with human-controlled systems, manual surgery, or no comparator. The described system appears to be a robotic assistant rather than an autonomous or semi-autonomous system performing surgical tasks.",exclude,"The paper describes a laparoscope manipulator robot designed to automatically control the position of the laparoscope using visual information, but it does not clearly involve autonomous or semi-autonomous surgical robotic systems performing physical surgical tasks on tissue, phantoms, or in-vivo models. The focus is on maintaining a clinical view without additional operator input, which does not meet the inclusion criteria for surgical autonomy in the context of executing physical surgical tasks. Additionally, the paper does not mention any level of autonomy (Yang et al. taxonomy) or compare with human-controlled systems, manual surgery, or no comparator. The system appears to be a robotic assistant rather than an autonomous or semi-autonomous surgical system performing a physical surgical task.",False,OUT,,,OUT,False,False,False,False,96c081b4796986a2a394324f8728e6b0357ecfdf9e575712451dbe6ad4e9b176,,8.818,,False
419,EE-267,exclude,exclude,"The paper describes a study on unicompartmental knee arthroplasty using semiautonomous robotic systems, but it does not involve an autonomous or semi-autonomous robotic component that controls or directs a physical robot to execute a surgical action. Instead, it reports on the safety and complication rates of robotic-assisted surgery without detailing the level of autonomy or comparing it to human-controlled systems. The focus is on clinical outcomes rather than evaluating autonomy in surgical robotics.",exclude,"The paper describes a study on unicompartmental knee arthroplasty using semiautonomous robotic systems, but it does not involve an autonomous or semi-autonomous robotic component that controls or directs a physical robot to execute a surgical action. Instead, it reports on the safety and complication rates of robotic-assisted procedures without detailing the level of autonomy or comparing it to human-controlled systems. The focus is on clinical outcomes rather than evaluating autonomy in surgical robotics.",False,OUT,,,OUT,False,False,False,False,494f31d8d1cc8815906b34321a7d52a2b8fcfb0c9852e048729ee3c624948ff7,,6.225,,False
765,EE-613,exclude,exclude,"The paper focuses on the control methodology of a compliant continuum robot for trajectory tracking, but it does not mention any level of surgical autonomy (Levels 1–5) or any physical surgical task involving tissue, phantoms, or in-vivo models. The study is more about robotic control in a general engineering context rather than surgical robotics performing physical surgical tasks. Therefore, it does not meet the inclusion criteria for the review.",exclude,"The paper focuses on the control methodology of a compliant continuum robot for trajectory tracking, but it does not mention any level of surgical autonomy (Levels 1–5) or any physical surgical task involving tissue, phantoms, or in-vivo models. The study is more about robotic control in a general engineering context rather than surgical robotics performing physical surgical tasks. Additionally, there is no mention of surgical specialties or any comparison to human-controlled systems.",False,OUT,,,OUT,False,False,False,False,547d8c4ba3f4cd457bd96dce89855914ecd419c760afceaa48faf9a82887b1df,,5.98,,False
588,EE-436,exclude,include,"The abstract suggests the paper involves autonomous or semi-autonomous surgical robotic systems performing physical surgical tasks (suturing) and compares their performance to human systems. It mentions the use of soft tissue, which aligns with the inclusion criteria for physical surgical tasks. The paper appears to meet the population, intervention, and outcomes criteria. The specialty is not explicitly mentioned, but the task (suturing) is generalizable and falls under bench/preclinical autonomy, which is included.",include,"The abstract suggests the paper involves autonomous or semi-autonomous surgical robotic systems performing physical surgical tasks (suturing) and compares their performance to human systems. It mentions the use of soft tissue, which aligns with the inclusion criteria for physical surgical tasks. The paper appears to meet the population, intervention, and outcomes criteria. The title and abstract imply a comparison with human surgeons, which fits the comparator criteria. The paper is likely peer-reviewed and in English, though the abstract does not explicitly confirm the publication date. However, the abstract provides sufficient information to tentatively include the paper for further verification.",False,IN,exclude,"The abstract is highly descriptive and futuristic, but lacks concrete details about a *physical* surgical task being performed by an autonomous or semi-autonomous robot. It only *describes* potential future functionality. It does not mention any experimental setup, data, or results related to a surgical task performed on tissue, phantoms, or in-vivo models. It fails test #1 and #3.",FLAGGED,False,False,False,False,05ff99a96067bdad1d7866ab0f20d7ee1b8ebce07587681df50f98a7f1003772,27b6264936b608eae11384908cab6719d6afadcfcdf39e9be6960e70631fc570,6.76,10.325,False
254,EE-102,exclude,exclude,"The paper focuses on palpation sensing and haptic feedback in robotic-assisted surgery, but it does not describe autonomous or semi-autonomous robotic systems performing physical surgical tasks. Instead, it discusses the integration of tactile feedback and AI to enhance existing robotic systems, without demonstrating autonomous task execution or control by the robotic system. The study does not meet the inclusion criteria for involving an autonomous or semi-autonomous robotic component that controls or directs a physical robot to execute a surgical action.",exclude,"The paper focuses on palpation sensing and haptic feedback in robotic-assisted surgery, but it does not describe autonomous or semi-autonomous robotic systems performing physical surgical tasks. Instead, it discusses the integration of tactile feedback and AI to enhance existing robotic systems, without demonstrating autonomous task execution or control by the robotic system. The study does not meet the inclusion criteria for involving an autonomous or semi-autonomous robotic component that controls or directs a physical robot to execute a surgical action.",False,OUT,,,OUT,False,False,False,False,d8ef01b3e15bfb355ca3f6f67d2ffb77f3f6ded5bb17afff3cc670f4da9f0bff,,6.362,,False
565,EE-413,exclude,exclude,"The paper focuses on improving simulation techniques for deformable object manipulation in robotic surgery, but it does not describe autonomous or semi-autonomous robotic systems performing physical surgical tasks. Instead, it discusses simulation optimization and physics modeling without involving an autonomous or semi-autonomous robotic component that controls or directs a physical robot to execute a surgical action. The study does not meet the inclusion criteria for the review.",exclude,"The paper focuses on improving simulation techniques for deformable object manipulation in robotic surgery, but it does not describe autonomous or semi-autonomous robotic systems performing physical surgical tasks. Instead, it discusses simulation optimization and physics modeling without involving an autonomous or semi-autonomous robotic component that controls or directs a physical robot to execute a surgical action. The study does not meet the inclusion criteria for the review.",False,OUT,,,OUT,False,False,False,False,9a75e947ccb2e524a1c92fb378da59e6b9ec2a6fa96382772229f6ab69b9f529,,5.45,,False
379,EE-227,exclude,include,"The paper describes a semi-automated surgical robotic system that performs a physical surgical task (ex vivo lens fragment extraction) using autonomous/semi-autonomous robotic behavior. The system involves a robotic component that controls or directs a physical robot to execute a surgical action, which meets the inclusion criteria. The task is performed on an ex vivo animal model, and the paper is a peer-reviewed original research article. The study involves a convolutional neural network for semantic segmentation, which is integrated into the robotic system to guide the extraction task. The paper does not involve purely teleoperated or manual surgery, and it is within the scope of included specialties (bench/preclinical autonomy).",include,"The paper describes a semi-automated surgical robotic system that performs a physical surgical task (ex vivo lens fragment extraction) using autonomous/semi-autonomous robotic behavior. The system involves a robotic component that controls or directs a physical robot to execute a surgical action, which meets the inclusion criteria. The task is performed on an ex vivo animal model, and the paper involves a physical surgical task. The study is a peer-reviewed original research article in English, published between 2010 and 2025. The paper does not fall under excluded specialties or categories. The system uses deep learning for semantic segmentation, which is part of the autonomous/semi-autonomous robotic behavior.",False,IN,exclude,"While the abstract mentions a robotic system performing a surgical task on an ex vivo animal model, the intervention is described as 'semi-automated detection and extraction'. The core of the work focuses on *detecting* lens fragments using semantic segmentation (a computer vision/ML task) and then guiding the robot. The robot's actions are directly dependent on the output of the segmentation algorithm, but the abstract does not demonstrate independent decision-making or control by the robotic system itself. It's a system where the robot *responds* to the analysis, not one that *plans* or *executes* autonomously. This falls under the exclusion criterion of ML/CV methodology papers that control a robot based on analysis without independent robotic decision-making.",FLAGGED,False,False,False,False,42856874962fc06f59085a015825083b285f8e536865c72a3eb4614dda9f1562,5104f40699f9a0bb6cc3d5ee13efc698226bbd5ced8b43f637e56a75b77b53fd,8.442,16.551,False
170,EE-070,include,exclude,"The paper describes a share control system for a surgical robot, where the surgeon maintains full control over the tool's position while the system provides support. This system does not involve autonomous or semi-autonomous robotic behavior that controls or directs a physical robot to execute a surgical action. Instead, it is a teleoperated system with shared control, which does not meet the inclusion criteria of involving an autonomous or semi-autonomous robotic component. Additionally, the paper does not demonstrate any level of surgical autonomy (Levels 1–5 per the Yang et al. taxonomy).",exclude,"The paper describes a share control system for a surgical robot, where the surgeon maintains full control over the tool's position while the system provides support. This system does not involve autonomous or semi-autonomous robotic behavior that controls or directs a physical robot to execute a surgical action. Instead, it is a teleoperated system with shared control, which does not meet the inclusion criteria requiring an autonomous or semi-autonomous robotic component. Additionally, the paper does not involve a physical surgical task on tissue, phantoms, or in-vivo models, and it does not evaluate task accuracy, error rates, or safety events. The system described is purely teleoperated with shared control, which falls under the exclusion criteria for non-autonomous systems.",False,OUT,,,OUT,False,False,False,False,89eb9dfa032cea7c3ba2cc0df9bfe42b827c411a5af5634f51c184923746d21a,,8.09,,False
722,EE-570,exclude,include,"The paper describes a framework for predicting instrument trajectories in non-visible regions during robot-assisted intraocular microsurgery, which involves an autonomous or semi-autonomous robotic component that controls or directs a physical robot to execute a surgical action. The study involves a physical surgical task (intraocular microsurgery) and addresses task accuracy and safety events. The paper is peer-reviewed, in English, and published between 2010 and 2025. It is within the included specialty (ophthalmic surgery is excluded, but the paper is about intraocular microsurgery, which is not explicitly excluded unless it is specialty-specific. Since the focus is on a generalizable autonomous task (trajectory prediction), it is included.",include,"The paper describes a framework for predicting instrument trajectories in non-visible regions during robot-assisted intraocular microsurgery, which involves an autonomous or semi-autonomous robotic component that controls or directs a physical robot to execute a surgical action. The study involves a physical surgical task (intraocular microsurgery) and addresses task accuracy and safety events. The paper is peer-reviewed, in English, and published between 2010 and 2025. It is within the scope of ophthalmic surgery, which is included in the review focus.",False,IN,exclude,"The abstract focuses on *predicting* instrument trajectories to *enhance* robot-assisted surgery, but does not describe the robot *executing* any surgical action autonomously or semi-autonomously based on those predictions. It's a perception/prediction methodology paper that supports potential future autonomy, but doesn't demonstrate autonomous control in this work. It falls under the exclusion criterion of ML/CV methodology papers that only analyze/predict surgical data without controlling a robot to execute a surgical action.",FLAGGED,False,False,False,False,fd112f4d33c55cfe8a45b72a8579a9c7560b8eb075d6b36862ce150fec71d9e7,abb7dd6a6b069c9a1c77d7bf963a1ea24a3992ca30c0bd7d9ef03d580e2b686b,8.127,12.245,False
724,EE-572,exclude,exclude,"The paper focuses on craniomaxillofacial surgery, which is excluded under the specialty scope. Additionally, the study describes a multi-modal data fusion algorithm for recognizing surgical skills but does not involve an autonomous or semi-autonomous robotic component that controls or directs a physical robot to execute a surgical action. The work is more about data acquisition and algorithm development rather than evaluating autonomous surgical robotic systems.",exclude,"The paper focuses on craniomaxillofacial surgery, which is excluded under the specialty scope. Additionally, the study describes a multi-modal data fusion algorithm for recognizing surgical skills but does not involve an autonomous or semi-autonomous robotic component that controls or directs a physical robot to execute a surgical action. The work is more about data acquisition and algorithm development rather than evaluating autonomous surgical robotic systems.",False,OUT,,,OUT,False,False,False,False,fd018472203bde1b0bc2a7ebd9432aec43ea395fc33b2621c0d9d6c1a1295454,,5.627,,False
657,EE-505,exclude,include,"The paper describes an autonomous robotic system for vitreoretinal surgery, which is a sub-specialty of ophthalmic surgery. However, the paper is about a generalizable autonomous task (positioning of surgical instruments) rather than a specialty-specific task. The system involves autonomous control of a physical robot to perform a surgical action (positioning of instruments), which meets the inclusion criteria for bench/preclinical autonomy. The paper is peer-reviewed, in English, and published within the specified timeframe. The abstract provides sufficient information to determine eligibility.",include,"The paper describes an autonomous robotic system for vitreoretinal surgery, which is a sub-specialty of ophthalmic surgery. However, the paper is about a generalizable autonomous task (positioning of surgical instruments) rather than a specialty-specific task. The system involves autonomous control of a physical robot to perform a surgical action (positioning of instruments), which meets the inclusion criteria for autonomous or semi-autonomous surgical robotic systems. The task is performed on a microscopic image, which could be considered a physical surgical task in a clinical context. The paper is peer-reviewed and published between 2010 and 2025. It does not meet the exclusion criteria for non-surgical robotics or for being a systematic review, meta-analysis, or scoping review.",False,IN,exclude,"The abstract describes a system where the surgeon *selects* a target location, and the robot *moves* the instrument to that location. This implies a teleoperated system with automated movement to a pre-defined point, not true autonomous decision-making or control. The system lacks an autonomous component that independently plans or executes surgical actions beyond moving to a user-defined target. It is therefore a purely teleoperated system with automation, failing the requirement for an autonomous or semi-autonomous component.",FLAGGED,False,False,False,False,0500d54c819fa9358f9a26d9a6eb5cf84fb669c2a5248d8d0e203394864ba6f0,9fa6b45f51e84dbb83d9636644a5bd8cb1881d71910869d09f1c276bc0b18760,8.093,12.018,False
469,EE-317,include,include,"The paper discusses autonomous surgical robotic systems, specifically mentioning the Smart Tissue Autonomous Robot (STAR) performing in vivo autonomous robotic anastomosis of porcine intestine. It describes the level of autonomy (Level 4) and the outcomes such as task accuracy and safety events. The paper involves a physical surgical task on an in vivo model and includes a description of an autonomous robotic component that controls a physical robot to execute a surgical action. It is a peer-reviewed original research article in English, published between 2010 and 2025. The paper does not focus on non-surgical robotics or excluded specialties such as neurosurgery or orthopedic surgery in a specialty-specific context.",include,"The paper discusses autonomous surgical robotic systems, specifically mentioning the Smart Tissue Autonomous Robot (STAR) performing in vivo autonomous robotic anastomosis of porcine intestine. It describes the level of autonomy (Level 4) and the outcomes such as task accuracy and safety events. The paper involves a physical surgical task on an in vivo model and includes a description of an autonomous robotic component that controls a physical robot to execute a surgical action. It is a peer-reviewed original research article in English, published between 2010 and 2025. The paper does not focus on non-surgical robotics or excluded specialties such as neurosurgery or orthopedic surgery in a specialty-specific context.",False,IN,include,"The abstract explicitly describes the STAR robot performing autonomous anastomosis and discusses the development of AI-controlled surgical robots. It details levels of autonomy and the potential for robots to execute surgical tasks with varying degrees of independence, indicating a physical surgical task with an autonomous component. The paper presents original research, not a review or commentary.",IN,False,False,False,False,25f5a62baaf008c10aca9bb3a1d7e8ebc5d68d221cfd11b0798e37a884dbf331,13ecb170f13c5e767c6e428079773f7c50c23f23f4e5faac85d2bcefa248435d,10.528,12.413,False
702,EE-550,include,exclude,"The paper describes a method for estimating surgical tool kinematics from monocular video to enable surgical robot learning, but it does not involve an autonomous or semi-autonomous robotic component that controls or directs a physical robot to execute a surgical action. Instead, it focuses on data acquisition and learning algorithms without demonstrating autonomous task execution in a physical surgical context.",exclude,"The paper describes a method for estimating surgical tool kinematics from monocular video to enable surgical robot learning, but it does not involve an autonomous or semi-autonomous robotic component that controls or directs a physical robot to execute a surgical action. Instead, it focuses on data acquisition and learning algorithms without demonstrating autonomous task execution in a physical surgical context.",False,OUT,,,OUT,False,False,False,False,1a107e8904720c051523844505f6c46a84a269379eb08b3ae16e9f1405e0fd0f,,5.022,,False
693,EE-541,include,exclude,"The paper describes a medical robot for forearm vein puncturing, but it does not mention any level of surgical autonomy (Levels 1–5 per the Yang et al. taxonomy) or any autonomous/semi-autonomous robotic component that controls or directs a physical robot to execute a surgical action. The focus is on assistive robotics with intelligent healthcare features, not on autonomous or semi-autonomous surgical robotic systems performing physical surgical tasks. Additionally, the paper does not involve a physical surgical task in the context of the included specialties (e.g., abdominal, gynecologic, urologic, etc.).",exclude,"The paper describes a medical robot for forearm vein puncturing, but it does not mention any level of surgical autonomy (Levels 1–5 per the Yang et al. taxonomy) or any autonomous/semi-autonomous robotic component that controls or directs a physical robot to execute a surgical action. The focus is on assistive robotics with intelligent healthcare features, not on autonomous or semi-autonomous surgical robotic systems performing physical surgical tasks. Additionally, the paper does not involve a physical surgical task in the context of the included specialties (e.g., abdominal, gynecologic, urologic, etc.).",False,OUT,,,OUT,False,False,False,False,ab0f04ad0490aed5f58c207f426fd1f67cd79ae3a2cf22f9fc8b9d9d1544eb44,,7.511,,False
