paper_id,ee_identifier,PI_decision,d1,d1_rationale,d2,d2_rationale,d1_ne_d2,primary_outcome,verifier_decision,verifier_rationale,final_outcome,primary_parse_error,primary_error,verifier_parse_error,verifier_error,primary_request_hash,verifier_request_hash,primary_wall_s,verifier_wall_s,reprocessed_after_interrupt
290,EE-138,exclude,exclude,"The paper describes an autonomous robotic system used in implant placement but does not clearly involve a physical surgical task on tissue, phantoms, or in-vivo models. It appears to be a retrospective clinical study focused on patient outcomes rather than evaluating the autonomy level or performance metrics of the robotic system in executing a surgical task. Additionally, the abstract does not provide sufficient detail to confirm the presence of an autonomous or semi-autonomous robotic component that controls or directs a physical robot to execute a surgical action.",exclude,"The paper describes an autonomous robotic system used in implant placement but does not clearly involve a physical surgical task on tissue, phantoms, or in-vivo models. It appears to be a retrospective clinical study focused on patient outcomes rather than evaluating the autonomy level or performance metrics of the robotic system in executing a surgical task. Additionally, the abstract does not provide sufficient detail to confirm the presence of an autonomous or semi-autonomous robotic component that controls or directs a physical robot to execute a surgical action.",False,OUT,,,OUT,False,False,False,False,0a54855491721a90e4682c50d6b9a6235835539cc61aeebade733275073b827a,,6.59,,False
306,EE-154,exclude,include,"The paper involves a task-autonomous robotic system for zygomatic implant placement, which is a physical surgical task. The study compares the accuracy of a task-autonomous system with dynamic navigation, meeting the intervention and comparator criteria. The study is an in vitro model, which is acceptable under the inclusion criteria. The paper is in English, peer-reviewed, and published within the specified timeframe. The abstract indicates the presence of an autonomous robotic component controlling the surgical action, which meets the inclusion criteria.",include,"The paper involves a task-autonomous robotic system for zygomatic implant placement, which is a physical surgical task. The study compares the accuracy of a task-autonomous system with dynamic navigation, meeting the intervention and comparator criteria. The study is an in vitro model, which is acceptable under the inclusion criteria. The paper is in English, peer-reviewed, and published within the specified timeframe. The abstract suggests the presence of an autonomous component controlling the robotic system to execute a surgical action, which meets the inclusion criteria.",False,IN,exclude,"The abstract describes zygomatic implant (ZI) placement, which falls under dental/oral and maxillofacial surgery – an excluded specialty. While the system is described as 'task-autonomous', the context is a specialty-specific procedure, triggering the exclusion criteria for those fields.",FLAGGED,False,False,False,False,39661dfc15dd72fd13d0f5d5241b2569560b9cae243b2df9ea68641b9bedc8d8,3d71186ec0de44910ea08dc1d0d24cdb7feaf72f36a6a9fc1459bdba2b3a942f,6.526,7.978,False
362,EE-210,exclude,exclude,"The paper describes a case series of autonomous robotic surgery for single-tooth implant placement, but it is focused on dental surgery, which is explicitly excluded under the specialty scope. Additionally, the study is a case series, which is excluded as it does not meet the inclusion criteria for peer-reviewed original research. The robotic system appears to be under surgeon supervision, and the description suggests it is more teleoperated than autonomous, lacking independent decision-making by the system.",exclude,"The paper describes a case series of autonomous robotic surgery for single-tooth implant placement, which falls under dental surgery. According to the exclusion criteria, dental surgery is explicitly excluded from the review. Additionally, the study is a case series, which is excluded as it does not meet the inclusion criteria for peer-reviewed original research (journal article or full conference paper) and is not a systematic review, meta-analysis, or scoping review. However, the primary exclusion criterion here is the specialty of dental surgery.",False,OUT,,,OUT,False,False,False,False,ed536bf8ed2671ffbb012d17753d96e8775600a63dba47a199430fc37f075f54,,6.502,,False
356,EE-204,exclude,include,"The paper describes a robotic system used for zygomatic implant placement, which is a surgical task. The robotic system controls the execution of the implant placement, indicating an autonomous or semi-autonomous component. The study involves a physical surgical task (zygomatic implant placement) and compares the robotic system with a control group (alveolar implant group). The outcomes include accuracy metrics (entry point error, exit point error, angle error), which align with the review's outcomes. The paper is in English, a peer-reviewed original research article, and published within the specified timeframe. The specialty (maxillofacial surgery) is included in the review's scope.",include,"The paper describes a robotic system used for zygomatic implant placement, which is a surgical task. The robotic system controls the execution of the implant placement, indicating an autonomous or semi-autonomous component. The study involves a physical surgical task (zygomatic implant placement) and compares the robotic system with a control group (alveolar implant group). The outcomes include accuracy metrics (entry point error, exit point error, angle error), which align with the review's outcomes. The paper is in English, a peer-reviewed original research article, and published within the specified timeframe. The specialty is oral and maxillofacial surgery, which is excluded, but the task described (zygomatic implant placement) is considered a generalizable autonomous capability and is included under the 'bench/preclinical autonomy' category.",False,IN,exclude,"The abstract describes a robotic *assistance* with implant placement, but does not detail any autonomous or semi-autonomous decision-making by the robot. The system appears to follow a pre-planned path with robotic *execution* of the plan, but lacks any indication of independent action or adaptation. This aligns with purely teleoperated/master-slave systems, which are excluded. It does not meet the criteria for an autonomous or semi-autonomous component.",FLAGGED,False,False,False,False,36595240872caacffa3dba97368ae6b4b514711d7105e722df20acff56d477e0,8783367aa504eb9c527cd266d4b3e45dd66f18f99c75343d26a7a11ab915d8c4,9.153,11.664,False
336,EE-184,exclude,exclude,"The paper describes a clinical evaluation of an autonomous robotic-assisted full-arch implant surgery system, but it does not clearly specify the level of autonomy (Levels 1–5 per the Yang et al. taxonomy) or whether the system independently controls or directs a physical robot to execute a surgical action. The abstract suggests the system is autonomous but lacks explicit details on the autonomy level, the presence of an autonomous or semi-autonomous component, and whether the system makes independent decisions about motion, planning, or execution. Additionally, the paper may fall under the exclusion criteria for purely teleoperated systems or not meeting the criteria for an autonomous or semi-autonomous robotic component. The abstract also does not provide sufficient information to determine eligibility for inclusion.",exclude,"The paper describes a clinical evaluation of an autonomous robotic-assisted full-arch implant surgery system, but it does not clearly specify the level of autonomy (Levels 1–5 per the Yang et al. taxonomy) or whether the system makes independent decisions about motion, planning, or execution. Additionally, the abstract does not provide sufficient detail to confirm that the system involves an autonomous or semi-autonomous robotic component that controls or directs a physical robot to execute a surgical action. The paper also lacks explicit mention of task accuracy, error rate, or safety events, which are key outcomes for inclusion. Furthermore, the paper appears to describe a clinical application rather than a study involving physical surgical tasks on tissue, phantoms, or in-vivo models with an autonomous or semi-autonomous robotic component.",False,OUT,,,OUT,False,False,False,False,8270751fa997703b526e9e16cd1911f80d497c273134fb91007036a0f09d7354,,9.189,,False
600,EE-448,exclude,include,"The paper describes an autonomous robotic osteotomy system for mandibular ramal bone harvest, involving a physical surgical task on a phantom model. The robotic system performs autonomous actions, and the study compares robotic and manual osteotomy accuracy. The paper meets the inclusion criteria for population, intervention (autonomous robotic system), and outcomes (accuracy/error rate). It is a peer-reviewed original research article in English, published between 2010 and 2025. The specialty is oral and maxillofacial surgery, which is excluded, but the task described (bone harvest) is considered a generalizable autonomous capability and thus included under the 'bench/preclinical autonomy' category.",include,"The paper describes an autonomous robotic osteotomy system for mandibular ramal bone harvest, involving a physical surgical task on a phantom model. The robotic system performs autonomous actions, and the study compares robotic and manual osteotomy in terms of accuracy metrics. The study meets the inclusion criteria for population, intervention (autonomous robotic system), and outcomes (task accuracy). It is within the included specialty (oral and maxillofacial surgery is excluded, but the paper is about a generalizable autonomous task in a dental context, which is included under the 'bench/preclinical autonomy' category).",False,IN,exclude,"The specialty is oral and maxillofacial surgery (mandibular osteotomy), which is explicitly excluded. While bench/preclinical tasks are included regardless of specialty, this is a specific surgical task within an excluded specialty. The abstract does describe autonomous execution, a physical task, and original research, but fails the specialty scope criteria.",FLAGGED,False,False,False,False,4c43b2833b0353d31e65fc2b6a34383a9eb2907ad7f4ad602a584a50c7fe19b7,e45e5d57aa35a0b6ced8323a1533235ceb282da6a51be6f08daf058ce9950e92,8.112,9.299,False
257,EE-105,exclude,exclude,"The paper describes a robotic-assisted surgical system for impacted teeth extraction in children, but it is explicitly stated that the robotic system is used in a conventional surgical context with the surgeon performing the task. The abstract indicates that the robotic system is used to assist in the procedure, not to autonomously or semi-autonomously control the execution of the surgical action. The system does not make independent decisions about motion, planning, or execution, which disqualifies it under the inclusion criteria that require an autonomous or semi-autonomous robotic component. Additionally, the paper is a randomized controlled trial comparing robotic-assisted surgery to conventional techniques, which falls under the exclusion criteria for purely teleoperated systems without autonomous components.",exclude,"The paper describes a robotic-assisted surgical procedure for impacted teeth extraction in children, but it does not involve an autonomous or semi-autonomous robotic component that controls or directs a physical robot to execute a surgical action. Instead, it describes a robotic-assisted system where the human surgeon likely maintains direct control, as indicated by the term 'robotic-assisted' and the comparison to conventional surgical techniques. The study does not meet the inclusion criteria for involving an autonomous or semi-autonomous robotic component that makes independent decisions about motion, planning, or execution.",False,OUT,,,OUT,False,False,False,False,95e9299722297409cba956a8ab84cb263ad125723fcc8c18dbd8c4f4206d9aae,,8.17,,False
258,EE-106,exclude,include,"The paper involves a semi-autonomous robotic system (SARS) performing a physical surgical task (implant placement in completely edentulous models). It compares the system to a dynamic navigation system, which serves as a comparator. The study evaluates task accuracy (trueness and precision) and includes outcomes such as deviation measurements. The robotic system controls the execution of the surgical action, meeting the criteria for an autonomous or semi-autonomous component. The study is an in vitro model, which is acceptable under the inclusion criteria. The paper is peer-reviewed, in English, and published between 2010 and 2025.",include,"The paper involves a semi-autonomous robotic system (SARS) performing a physical surgical task (implant placement in completely edentulous models). It compares the system to a dynamic navigation system, which serves as a comparator. The study evaluates task accuracy (trueness and precision) and includes outcomes such as deviation measurements. The robotic system controls the execution of the surgical action, meeting the requirement for an autonomous or semi-autonomous component. The study is an in vitro model, which is acceptable under the inclusion criteria. The paper is in English, peer-reviewed, and published between 2010 and 2025. It does not involve excluded specialties (dental surgery is included in the scope).",False,IN,exclude,"The study focuses on dental implant surgery, which is explicitly excluded from the specialty scope. While a robotic system is involved, the surgical task is within a excluded specialty.",FLAGGED,False,False,False,False,609ad72d8cb9e66b394fe3cb338526e9917adde9abeff10235ae305287436a89,f5d9295499cebe11210208f0b6cd209196619ce400af80b3e6220c872994d8f2,8.716,6.603,False
261,EE-109,exclude,include,"The paper involves an autonomous or semi-autonomous robotic component that controls or directs a physical robot to execute a surgical action (robot-assisted electrode insertion). It addresses a physical surgical task (cochlear implant electrode insertion) and includes outcomes such as force reduction, which could relate to task accuracy or error rate. The study is in the context of a surgical specialty (otologic surgery, which is not explicitly excluded). The abstract provides enough information to suggest eligibility, and the paper is likely peer-reviewed.",exclude,"The paper describes a study comparing robot-assisted versus manual insertion of cochlear implant electrodes, focusing on intracochlear forces. However, it does not clearly involve an autonomous or semi-autonomous robotic component that controls or directs a physical robot to execute a surgical action. The study appears to be a comparison between robot-assisted and manual techniques, which may fall under purely teleoperated systems rather than systems with autonomous decision-making. Additionally, the specialty of ophthalmic surgery (cochlear implantation is not included in the specified included specialties) and the lack of clear evidence of autonomy in the robotic component lead to exclusion.",True,FLAGGED,,,FLAGGED,False,False,False,False,529480bfe861c6d8b4033231a089e6639bcc3235b13630dbe5844409365a705b,,7.268,,False
57,EE-026,exclude,exclude,"The paper describes a robotic system used in cochlear implantation, but the robotic component is primarily used for planning and drilling under the guidance of preoperative imaging and intraoperative imaging. The robotic system does not demonstrate autonomous or semi-autonomous control of the surgical task, as the drilling is performed under the supervision of the surgeon and the final cochlear access is manually created. The system does not make independent decisions about motion, planning, or execution, which disqualifies it under the exclusion criteria for purely teleoperated systems.",exclude,"The paper describes a robotic system used in cochlear implantation, but the robotic component is primarily used for planning and drilling under the surgeon's control. The robotic system does not demonstrate autonomous or semi-autonomous behavior that independently makes decisions about motion, planning, or execution. The task is manually completed by the surgeon after robotic drilling, which does not meet the inclusion criteria requiring an autonomous or semi-autonomous robotic component that controls or directs a physical robot to execute a surgical action.",False,OUT,,,OUT,False,False,False,False,05f3d49d99e74a0f1362832d676b1dfbbb8aeae1b2de5682e11726e9d7356619,,6.645,,False
354,EE-202,exclude,include,"The paper describes a semi-autonomous robotic system for stereotactic brain biopsy, which involves an autonomous or semi-autonomous robotic component that controls or directs a physical robot to execute a surgical action. The title and abstract suggest the system operates beyond simple teleoperation, indicating some level of autonomy (Level 1–5 per Yang et al. taxonomy). The task involves a physical surgical action (biopsy) in a neurosurgical context, which is included under the specialty scope (neurosurgery is excluded only when the task is specialty-specific, but the paper does not specify such a task). The paper is likely peer-reviewed and in English, though the abstract is brief, it provides enough information to tentatively include it for further verification.",include,"The paper describes a semi-autonomous robotic system for stereotactic brain biopsy, which involves an autonomous or semi-autonomous robotic component that controls or directs a physical robot to execute a surgical action. The title and abstract suggest the system operates beyond simple teleoperation, indicating some level of autonomy (Level 1–5 per Yang et al. taxonomy). The task involves a physical surgical action (biopsy) in a neurosurgical context, which is included under the specialty scope (neurosurgery is excluded only when the task is specialty-specific, but the paper does not specify a specialty-specific autonomous task). The paper is likely peer-reviewed and in English, though the abstract does not confirm publication date or full eligibility, but the inclusion criteria allow for partial evidence.",False,IN,exclude,"The abstract explicitly states the study focuses on a neurosurgical system. Neurosurgery is an excluded specialty according to the specialty scope guidelines. While the abstract mentions semi-autonomy, the specialty exclusion overrides this.",FLAGGED,False,False,False,False,00d952db1f5e79c1b8ca2f3ff414b5fe36512a30280f4f884803b99a022e3c7f,e998fbeb3b96dbc130f2726bf8bc9bc4d256ef8ea1127caf0035b1304165c16d,8.992,6.86,False
598,EE-446,exclude,exclude,"The paper describes a robotic system for autonomous percutaneous vertebroplasty, which is a neurosurgical specialty. According to the exclusion criteria, neurosurgery is explicitly excluded unless the autonomous task is generalizable. The title and abstract suggest the system is designed for a specialty-specific task (vertebroplasty), which falls under neurosurgery and is therefore excluded.",exclude,"The paper describes a robotic system for autonomous percutaneous vertebroplasty, which is a neurosurgical specialty. According to the exclusion criteria, neurosurgery is explicitly excluded unless the autonomous task is generalizable. The title and abstract suggest the system is designed for a specialty-specific task (vertebroplasty), which falls under neurosurgery and is therefore excluded.",False,OUT,,,OUT,False,False,False,False,61f51d7275ffa290015ce29798c474a302435765a2810e33a555d9abf5396ef9,,5.321,,False
360,EE-208,exclude,include,"The paper describes a cadaveric study evaluating a novel spinal robotic system for autonomous laminectomy in thoracic and lumbar vertebrae. It involves an autonomous robotic component performing a physical surgical task (laminectomy) on cadaveric tissue, which meets the population criteria. The study evaluates task accuracy, which is one of the specified outcomes. The abstract does not explicitly state the autonomy level, but the title suggests autonomous execution, and the study is within the included specialties (thoracic surgery). The paper is likely peer-reviewed and published between 2010 and 2025, though the exact publication date is not specified. The study is not a systematic review, meta-analysis, or conference abstract without a full paper. It is not purely teleoperated or manual, as it involves autonomous execution of a surgical task.",include,"The paper describes a cadaveric study evaluating a novel spinal robotic system for autonomous laminectomy in thoracic and lumbar vertebrae. The title and abstract suggest the system is autonomous (Level V according to the Yang et al. taxonomy), which meets the intervention criterion. The study involves a physical surgical task (laminectomy) on cadaveric tissue, satisfying the population criterion. The study is a peer-reviewed original research article in English, published between 2010 and 2025. The focus on autonomous robotic behavior in a physical surgical task aligns with the inclusion criteria, and the outcomes such as task accuracy and safety events are relevant to the review focus.",False,IN,exclude,"The specialty scope explicitly excludes neurosurgery, and the paper focuses on spinal laminectomy, a neurosurgical procedure. While the abstract mentions 'autonomous laminectomy', the procedure itself falls within the excluded neurosurgical specialty. Therefore, it fails the specialty scope criteria.",FLAGGED,False,False,False,False,cafe1b1a446dbbb1913cc6f3ed7ea2bdf8e4f37d2896cdf03760ba161fe4682d,55b0c40edd5206e7cf0cff9e27b1718312c515db13418f72c1114ef32ede3a04,9.361,7.892,False
302,EE-150,exclude,include,"The paper describes a novel AI-based robotic system for autonomous spinal posterior decompression, which involves a physical surgical task (spinal decompression) and an autonomous or semi-autonomous robotic component. The abstract mentions accuracy and safety evaluation, which aligns with the outcomes of interest. The study appears to meet the inclusion criteria for population, intervention, and outcomes. The specialty is spinal surgery, which is included in the review's scope. There is no indication that the study is a systematic review, meta-analysis, or purely teleoperated system.",include,"The paper describes a novel AI-based robotic system for autonomous spinal posterior decompression, which involves a physical surgical task (spinal decompression) and an autonomous or semi-autonomous robotic component. The abstract mentions accuracy and safety evaluation, which aligns with the outcomes of interest. The study appears to meet the inclusion criteria for population, intervention, and outcomes. The specialty is spinal surgery, which is included in the review's scope. There is no indication that the system is purely teleoperated or manual, and the paper is likely peer-reviewed and in English.",False,IN,exclude,"The abstract describes an autonomous system performing a *spinal* posterior decompression. Spinal surgery falls within the excluded specialty of neurosurgery. While the abstract mentions autonomous planning and cutting, the context is specifically neurosurgical, and therefore excluded based on the specialty scope.",FLAGGED,False,False,False,False,af9eda02f39557c172995dd4b63e6adb91a7897d46d13d4007759c9397976a8b,57016d32bdbd3830745ff99168b5941a3ac5f8c30ce3b0a4cfe206929264f97f,6.95,7.606,False
603,EE-451,exclude,include,"The paper describes an autonomous robotic system for cranial-milling tasks, involving an autonomous or semi-autonomous robotic component that controls or directs a physical robot to execute a surgical action. The study involves in vitro animal experiments, which fall under the population criteria. The paper reports on task accuracy (force error percentages), task completion (success rate of breakthrough detection), and safety events (minimal human intervention). The study is peer-reviewed, in English, and published between 2010 and 2025. It is within the scope of neurosurgery, which is included in the specialty scope. The paper does not describe purely teleoperated systems or ML/CV methodology without robot control.",include,"The paper describes an autonomous robotic system for cranial-milling tasks, involving an autonomous or semi-autonomous robotic component that controls or directs a physical robot to execute a surgical action. The study involves in vitro animal experiments, which fall under the population criteria. The paper reports on task accuracy (force error percentages), task completion (success rate of breakthrough detection), and safety events (minimal human intervention). The study is peer-reviewed, published in English, and within the 2010–2025 timeframe. It is focused on neurosurgery, which is an included specialty. The system demonstrates autonomy through the use of a model-free adaptive nonlinear force control algorithm, which makes independent decisions about motion and execution, meeting the intervention criteria.",False,IN,exclude,"The specialty is neurosurgery, which is explicitly excluded. While the abstract mentions a generalizable task (skull milling), the context is specifically neurosurgical, triggering the exclusion criteria. The paper describes an autonomous task *within* a neurosurgical context, and therefore does not meet the inclusion criteria for generalizable tasks performed in excluded specialties.",FLAGGED,False,False,False,False,50c21112a0d482aebd3a20293c051bc08ddcf4fefcfa007d48fbef7c1d45769e,daa603eab80a475dd92465b84468ba64bb339cc3fa119a47d9b8ff1d2511d945,9.368,9.822,False
372,EE-220,exclude,exclude,"The paper describes a robotic system for transforaminal lumbar epidural injections, but the abstract does not provide sufficient information to determine if the system involves autonomous or semi-autonomous control of a physical robot to execute a surgical action. The abstract mentions 'comparable placement' and 'improved accuracy and precision' but does not specify the level of autonomy or whether the system makes independent decisions about motion, planning, or execution. Additionally, the abstract does not clarify if the system is purely teleoperated or manual. The paper may not meet the inclusion criteria as it lacks explicit details on the autonomy level or the presence of an autonomous/semi-autonomous component.",exclude,"The paper describes a robotic system for transforaminal lumbar epidural injections, but the abstract does not provide sufficient information to determine if the system involves autonomous or semi-autonomous control of a physical robot to execute a surgical action. The abstract mentions 'comparable placement' and 'improved accuracy and precision' but does not specify the level of autonomy or whether the system makes independent decisions about motion, planning, or execution. Additionally, the abstract does not clarify if the system is purely teleoperated or manual. Without explicit mention of autonomy or semi-autonomy, the paper does not meet the inclusion criteria.",False,OUT,,,OUT,False,False,False,False,523b3528df009d70cc0f573261695c47f6a178cb03cc5f870c12b233fb6d1e09,,7.891,,False
450,EE-298,exclude,exclude,"The paper describes a robotic platform for neuroendoscopy but does not provide sufficient information to determine if it involves autonomous or semi-autonomous robotic control of a physical surgical task. The abstract mentions 'accurate tool targeting under both autonomous and hands-on control' but lacks details on the level of autonomy, the specific surgical task, or whether the system makes independent decisions about motion, planning, or execution. Additionally, the paper may fall under neurosurgery, which is excluded unless the task is generalizable. The abstract does not clarify this.",exclude,"The paper describes a robotic platform for neuroendoscopy but does not provide sufficient information to determine if it involves autonomous or semi-autonomous surgical robotic systems performing physical surgical tasks. The abstract mentions 'accurate tool targeting under both autonomous and hands-on control' but lacks details on the level of autonomy, whether the system controls or directs a physical robot to execute a surgical action, or if it meets the inclusion criteria such as involving a physical surgical task in a relevant specialty. Additionally, the paper may fall under excluded specialties (neurosurgery) unless it describes a generalizable autonomous task. Without more information, it cannot be included.",False,OUT,,,OUT,False,False,False,False,31f75cc7e22d363b27072c1d94c7dc61b8f0230e145709cdc53120fb8960a9bc,,7.313,,False
582,EE-430,exclude,exclude,"The paper describes a neurosurgical robot system (RONNA) and evaluates localization strategies for frameless stereotactic neurosurgery. However, it does not involve any level of surgical autonomy (Levels 1–5 per the Yang et al. taxonomy) as defined in the review. The study focuses on localization strategies for navigation and does not involve autonomous or semi-autonomous robotic components that control or direct a physical robot to execute a surgical action. The task is performed with a robot system, but the control is not autonomous or semi-autonomous as per the inclusion criteria. Additionally, neurosurgery is an excluded specialty unless the task is generalizable. This paper describes a specialty-specific autonomous task (neurosurgical localization), which is excluded.",exclude,"The paper describes a neurosurgical robot system (RONNA) and evaluates localization strategies for frameless stereotactic neurosurgery. However, it does not involve an autonomous or semi-autonomous robotic component that controls or directs a physical robot to execute a surgical action. Instead, it focuses on localization strategies for navigation, which is a planning or guidance component, not autonomous task execution. The study does not meet the inclusion criteria as it does not involve a physical surgical task performed by an autonomous or semi-autonomous robotic system. Additionally, neurosurgery is an excluded specialty unless the task is generalizable. This paper describes a specialty-specific task (neurosurgery), and thus it is excluded.",False,OUT,,,OUT,False,False,False,False,892d7c66c0908c26e58345c1c0775a439cda2c280821a2e8928bdb24d4c185cf,,8.864,,False
737,EE-585,exclude,exclude,"The paper describes position planning for collaborating robots in neurosurgery, but it does not clearly indicate the presence of an autonomous or semi-autonomous robotic component that controls or directs a physical robot to execute a surgical action. The focus appears to be on planning algorithms rather than autonomous task execution, which falls under the exclusion criteria for purely teleoperated or planning-only papers.",exclude,"The paper describes position planning for collaborating robots in neurosurgery, but it does not clearly indicate the presence of an autonomous or semi-autonomous robotic component that controls or directs a physical robot to execute a surgical action. The focus appears to be on planning algorithms rather than autonomous task execution, and there is no mention of autonomy levels (Yang et al. taxonomy) or task accuracy/error rates, which are required outcomes. Additionally, the paper may fall under the exclusion criteria for not involving an autonomous or semi-autonomous robotic component that makes independent decisions about motion, planning, or execution.",False,OUT,,,OUT,False,False,False,False,9482f955d5b5a442cfb1becbd3ebd8502cdd730438189a0efb3cd74c77ba0bb4,,6.199,,False
264,EE-112,exclude,exclude,"The paper describes a robotic system for craniotomy, but it is explicitly focused on force-based robotic surgical systems with human control. The method described is a path planning algorithm for robotic craniotomy, which is a form of teleoperated surgery where the human surgeon defines the drilling intent. There is no indication of autonomous or semi-autonomous control where the system makes independent decisions about motion, planning, or execution. The study is excluded because it does not meet the inclusion criteria for having an autonomous or semi-autonomous robotic component that controls or directs a physical robot to execute a surgical action.",include,"The paper describes a robotic system for craniotomy that involves autonomous path planning using CT images. The system generates surgical paths and optimizes them for robotic execution, which aligns with the inclusion criteria for autonomous or semi-autonomous surgical robotic systems. The study involves a physical surgical task (craniotomy on phantoms and living dogs) and includes outcomes such as task accuracy and safety events. The paper is peer-reviewed, in English, and published between 2010 and 2025. It is within the scope of neurosurgery, which is excluded only if the task is specialty-specific, but the paper describes a generalizable autonomous task (path planning for craniotomy).",True,FLAGGED,,,FLAGGED,False,False,False,False,1eee6a93dce588c6ab5ce65e33e1925f7bbf598629ab1002fbe57ad1a996ce68,,8.187,,False
413,EE-261,exclude,include,"The paper describes a robot-based autonomous neuroregistration and neuronavigation system that performs physical surgical tasks in a neurosurgical context. The system autonomously plans and executes robot motion to navigate toward fiducial markers and reach a target region, which aligns with the inclusion criteria for autonomous or semi-autonomous surgical robotic systems. The task involves physical execution of a surgical action (neuroregistration and neuronavigation), and the paper reports accuracy and time metrics. While neurosurgery is typically excluded, the paper describes a generalizable autonomous task (neuroregistration) rather than a specialty-specific task (e.g., stereotactic targeting), which is included under the 'bench/preclinical autonomy' category. The abstract provides sufficient evidence to include the paper for further verification.",include,"The paper describes a robot-based autonomous neuroregistration and neuronavigation system that performs physical surgical tasks in a neurosurgical context. The system autonomously plans and executes robot motion to navigate toward fiducial markers and reach a target region, which aligns with the inclusion criteria for autonomous or semi-autonomous surgical robotic systems. The task involves physical surgical actions (navigation, registration) and is performed in a clinical context (neurosurgery). The abstract indicates the system autonomously controls the robot to execute surgical actions, meeting the requirement for an autonomous or semi-autonomous component. The paper is peer-reviewed and in English, and the abstract provides sufficient information to determine eligibility.",False,IN,exclude,"The study focuses on neurosurgery, which is an excluded specialty. While the abstract describes autonomous navigation, the context is specifically neurosurgical, and the task (neuroregistration and neuronavigation) is inherently neurosurgery-specific. Therefore, it falls under the exclusion criteria for neurosurgery.",FLAGGED,False,False,False,False,76c112131fedc23ebe1c0300c36f95caf902f129aa842e0973dc60faa7b709f5,b2480dca5dda2ce9f79aa9362459ca2bd9c5d8556e55b62e7aeb1f3d0d2dfad4,8.71,8.469,False
429,EE-277,exclude,exclude,"The paper describes a robot-guided neuromapping system during TME surgery, but it does not involve an autonomous or semi-autonomous robotic component that controls or directs a physical robot to execute a surgical action. Instead, it describes a robotic-assisted system where the surgeon maintains control over the neuromonitoring process. The system is not autonomous or semi-autonomous as per the Yang et al. taxonomy, and the primary focus is on robotic guidance rather than autonomous task execution. Additionally, the paper is a case report and not a peer-reviewed original research article with a clear autonomous component.",exclude,"The paper describes a robot-guided neuromapping system during TME surgery, but it does not involve an autonomous or semi-autonomous robotic component that controls or directs a physical robot to execute a surgical action. Instead, it describes a robotic-assisted system where the surgeon maintains control over the neuromonitoring process. The system is not autonomous or semi-autonomous as per the Yang et al. taxonomy, and the primary focus is on robotic guidance rather than autonomous task execution. Additionally, the paper is a case report and not a peer-reviewed original research article with a clear autonomous component.",False,OUT,,,OUT,False,False,False,False,69ce272b2665ca2dd0c3e8b62c80275f164bdef918c13d0004c03fbbb756fd11,,7.788,,False
800,EE-648,exclude,exclude,"The paper describes a reinforcement learning approach for force control in neurosurgical practice, but it does not clearly involve an autonomous or semi-autonomous robotic component that controls or directs a physical robot to execute a surgical action. The focus appears to be on developing a control algorithm rather than evaluating the performance of an autonomous robotic system in a surgical task. Additionally, the paper is in the field of neurosurgery, which is explicitly excluded unless the task is generalizable. The abstract does not indicate that the task is generalizable or that the system makes independent decisions about motion, planning, or execution.",exclude,"The paper describes a reinforcement learning approach for force control in neurosurgical practice, but it does not clearly involve an autonomous or semi-autonomous robotic component that controls or directs a physical robot to execute a surgical action. The focus appears to be on developing a control algorithm rather than evaluating the performance of an autonomous robotic system in a surgical task. Additionally, the paper is in the field of neurosurgery, which is explicitly excluded unless the task is generalizable. The abstract does not indicate that the task is generalizable or that the system makes independent decisions about motion, planning, or execution.",False,OUT,,,OUT,False,False,False,False,48e26caff7ed83cffae80d65c479363f9a43aabc0c8e7f9447caa565a20812b8,,7.533,,False
435,EE-283,exclude,include,"The paper describes a semi-autonomous robotic system for image-guided brain tumour resection, which involves an autonomous or semi-autonomous robotic component that controls or directs a physical robot to execute a surgical action. The study is a bench-top study, which is within the inclusion criteria for preclinical autonomy. The paper involves a physical surgical task (brain tumour resection) and meets the criteria for a semi-autonomous system. It does not fall under excluded specialties (neurosurgery is included if the task is generalizable, and this study is a bench-top simulation).",include,"The paper describes a semi-autonomous robotic system for image-guided brain tumour resection, which involves an autonomous or semi-autonomous robotic component that controls or directs a physical robot to execute a surgical action. The study is a bench-top study, which is within the inclusion criteria for preclinical autonomy. The paper involves a physical surgical task (brain tumour resection) and includes a semi-autonomous component, meeting the criteria for surgical autonomy (Level 2–4 per Yang et al. taxonomy). The study is peer-reviewed and in English, published between 2010 and 2025. It is not excluded due to specialty (neurosurgery is excluded only if the task is specialty-specific, but this paper describes a generalizable autonomous task in a neurosurgical context).",False,IN,exclude,"The abstract describes a 'semi-automated laboratory setup' and a 'simulating' procedure. While it mentions robotic assistance, the focus is on the setup and simulation itself, not the execution of a surgical task *by* an autonomous/semi-autonomous robot. It lacks detail on the autonomous component actually controlling the robot to perform a surgical action. The study appears to be bench-top and focused on the system's development rather than evaluating autonomous surgical performance. Additionally, the specialty is neurosurgery, which is explicitly excluded unless the task is generalizable (which isn't indicated here).",FLAGGED,False,False,False,False,021451e8b6edc5e66d406108e13bda8c450651766ce295783d0951a7c090070b,a180c74e22f43591b11a7c135aed0644d19932cf97000cea7c2b7a9baa34095c,8.468,13.823,False
404,EE-252,exclude,exclude,"The paper describes a simulation study using a vegetable model to validate robot-based autonomous neuroregistration and neuronavigation for neurosurgery. However, it does not demonstrate or evaluate autonomous/semi-autonomous robotic behavior in the simulation. The study is focused on validating navigation accuracy in a simulated environment without involving a physical surgical task on tissue, phantoms, or in-vivo models. Additionally, the paper is related to neurosurgery, which is explicitly excluded unless the autonomous task is generalizable. The study does not involve a physical surgical task or an autonomous/semi-autonomous robotic component controlling a physical robot to execute a surgical action.",exclude,"The paper describes a simulation study using a vegetable model to validate robot-based autonomous neuroregistration and neuronavigation for neurosurgery. However, it is explicitly excluded because it is a simulation study that does not demonstrate or evaluate autonomous/semi-autonomous robotic behavior in the simulation. The study is focused on validating navigation accuracy in a simulated environment without involving a physical surgical task on tissue, phantoms, or in-vivo models. Additionally, the paper is in the excluded specialty of neurosurgery.",False,OUT,,,OUT,False,False,False,False,05aad062780b338a07dfaa76c18a4f0fe9b58975edb2e3530327bf2f68e3a16b,,7.302,,False
280,EE-128,exclude,include,"The paper describes a robot-assisted ophthalmic surgery system for subretinal injection, which involves an autonomous or semi-autonomous robotic component that controls or directs a physical robot to execute a surgical action. The system performs autonomous retinal puncture guided by force feedback, which meets the intervention criteria (Level 3 or higher autonomy). The study involves a physical surgical task (ex vivo porcine eyes), and the outcomes include task accuracy (success rate), safety events (no retinal laceration or RPE penetration), and task completion metrics (needle force variation, bubble shape, fluid volume). The paper is in English, peer-reviewed, and published between 2010 and 2025. It is within the included specialty (ophthalmic surgery) and does not meet any exclusion criteria.",include,"The paper describes a robot-assisted ophthalmic surgery system for subretinal injection, which involves an autonomous or semi-autonomous robotic component that controls or directs a physical robot to execute a surgical action. The system performs autonomous retinal puncture guided by force feedback, which meets the intervention criteria (Level 3 or higher autonomy). The study involves a physical surgical task (ex vivo porcine eyes), and the outcomes include task accuracy (success rate), safety events (no retinal laceration or RPE penetration), and task completion metrics (needle force variation, bubble shape, fluid volume). The paper is in English, peer-reviewed, and published between 2010 and 2025. It is within the included specialty (ophthalmic surgery) and does not meet any exclusion criteria.",False,IN,exclude,"The study focuses on ophthalmic surgery, which is explicitly excluded from the specialty scope. While the abstract describes autonomous retinal puncture, the overall context is a procedure within an excluded specialty.",FLAGGED,False,False,False,False,c403df6fff039d104c2d8141eef562cf16cdba5018fad76b53b96bdc9ef72c32,f753a9b786a512a61e354e6b5fc8f0741b7a8946a04af92f0568e78a35f297ef,9.981,6.703,False
333,EE-181,exclude,include,"The paper describes an autonomous robotic system for subretinal injections, which involves a physical surgical task (subretinal injection) on an in-vivo model (porcine eyes). The system includes autonomous navigation via a robot-assisted workflow with CNN and MPC, which demonstrates autonomous or semi-autonomous control. The study meets the inclusion criteria for population, intervention, and outcomes. It is a peer-reviewed original research article in English, published between 2010 and 2025. The task involves a generalizable autonomous capability (needle navigation) and is not restricted to a specialty excluded from the review (ophthalmic surgery is excluded, but the task is not specialty-specific).",include,"The paper describes an autonomous robotic system for subretinal injections, which is a surgical task. The system uses iOCT for depth perception and includes autonomous navigation with CNN and MPC for tool-tip planning and tracking. The study involves a physical surgical task (porcine eyes) and includes metrics such as task accuracy (100% success rate), procedure duration, and safety (scleral forces below 15mN). The system is not purely teleoperated, as it includes autonomous decision-making and control. The paper is a peer-reviewed original research article in English, published between 2010 and 2025. It falls under ophthalmic surgery, which is excluded, but the task described (subretinal injection) is not specialty-specific and is considered a generalizable autonomous capability. Therefore, it meets the inclusion criteria.",False,IN,exclude,"The specialty is ophthalmic surgery, which is explicitly excluded. While the abstract describes autonomous needle navigation, the procedure (subretinal injection) falls within an excluded specialty.",FLAGGED,False,False,False,False,3c724360769413a2ae371bdb57ccfa9ecd59d7c4aa16d87233fac973a056154f,d8ed3e4c6eb725cb4b02b6b8740a20e67d567f3d6d1395f48be17ff462f321e3,9.597,6.521,False
650,EE-498,exclude,include,"The paper describes a data-driven control system for robot needle insertion in DALK, which is a surgical task. The system involves autonomous or semi-autonomous robotic control to execute a physical surgical action (needle insertion) on an ex vivo model. The study meets the inclusion criteria for population (surgical task on tissue), intervention (autonomous/semi-autonomous robotic control), and the study involves a physical surgical task. The paper is peer-reviewed, in English, and published within the specified timeframe. It does not meet any exclusion criteria such as being a systematic review, purely teleoperated, or non-surgical robotics.",include,"The paper describes a robotic system with autonomous or semi-autonomous control for performing a physical surgical task (needle insertion in DALK). The system uses a data-driven model and controller to guide the robot, which involves autonomous decision-making and execution of a surgical action. The study is conducted on an ex vivo model, which meets the inclusion criteria for physical surgical tasks. The paper is a peer-reviewed original research article in English, published between 2010 and 2025. It involves an autonomous robotic component that controls the physical robot to execute a surgical action, and it does not fall under excluded categories such as purely teleoperated systems or non-surgical robotics.",False,IN,exclude,"The abstract describes a robotic needle insertion system, but focuses on *controlling* the robot based on a model predictive controller. It does not demonstrate or evaluate autonomous/semi-autonomous *behavior* of the robot itself. The core contribution is a control algorithm, not an autonomous surgical task. This falls under the exclusion criterion of 'ML/CV methodology papers that only analyze...without controlling a robot to execute a surgical action'. Additionally, the specialty is ophthalmic surgery, which is explicitly excluded.",FLAGGED,False,False,False,False,946db0bc2c7434f2178b9c7b5b873fd124fcdc05151ab7d5b17ce06434bc6a65,6d5a7f529799765dd6e910588073f94020664041f62a4442859efd70921b617d,8.145,12.033,False
325,EE-173,exclude,exclude,"The paper describes a robotic system for cochlear implant surgery, but it does not involve an autonomous or semi-autonomous robotic component that controls or directs a physical robot to execute a surgical action. Instead, it describes a dedicated motorized device for automated electrode insertion, which may be considered a specialized tool rather than an autonomous system. Additionally, the paper does not meet the inclusion criteria for surgical robotics as defined in the review focus and criteria, particularly the requirement for an autonomous or semi-autonomous component making independent decisions about motion, planning, or execution.",exclude,"The paper describes a robotic system for cochlear implant surgery, but it does not involve an autonomous or semi-autonomous robotic component that controls or directs a physical robot to execute a surgical action. Instead, it describes a dedicated motorized device for automated electrode insertion, which may be considered a specialized tool rather than an autonomous system. Additionally, the paper does not meet the inclusion criteria for surgical robotics as defined in the review focus and criteria, particularly the requirement for an autonomous or semi-autonomous component making independent decisions about motion, planning, or execution.",False,OUT,,,OUT,False,False,False,False,31b263d629fb381cb5012c38ffa451c80002c8515ba581929d068167877bd086,,7.068,,False
426,EE-274,exclude,include,"The paper describes a semi-automated robotic system (IRISS) that integrates OCT for cataract removal, with real-time supervision and intervention. It involves an autonomous or semi-autonomous robotic component that controls or directs a physical robot to execute a surgical action (lens extraction). The study involves a physical surgical task (cataract removal on postmortem pig eyes), and the system is not purely teleoperated. The paper is a peer-reviewed original research article in English, published between 2010 and 2025. The task accuracy and safety outcomes are reported (complete lens extraction, no capsule rupture). The specialty is ophthalmic surgery, which is excluded, but the task (cataract removal) is a generalizable autonomous capability and is included under the 'bench/preclinical autonomy' category.",include,"The paper describes a semi-automated robotic system (IRISS) that integrates OCT for cataract removal, with real-time supervision and intervention by surgeons. It involves an autonomous or semi-autonomous robotic component that controls or directs a physical robot to execute a surgical action (lens extraction). The study involves a physical surgical task (cataract removal on postmortem pig eyes), and the system is not purely teleoperated. The paper is a peer-reviewed original research article in English, published between 2010 and 2025. The task is within the included specialty (ophthalmic surgery), but since the paper describes a generalizable autonomous task (OCT-guided lens removal), it is included. The study meets the inclusion criteria and does not meet any exclusion criteria.",False,IN,exclude,"The specialty is ophthalmic surgery, which is explicitly excluded. While the abstract describes a semi-automated system, the exclusion criteria specifically exclude ophthalmic surgery papers.",FLAGGED,False,False,False,False,437ee772dccd5561b7eaeaa212522d01968b502e373359391557e4bad5da6e02,c62560c72739757ef86fb0a42469fda8dfc10a81e58ce323f2ebedc9631bdb6b,9.935,6.302,False
596,EE-444,exclude,include,"The paper describes an autonomous cornea suturing robotic system that performs physical surgical tasks on tissue (cornea). It involves an autonomous or semi-autonomous robotic component that controls or directs a physical robot to execute a surgical action (needle insertion and knot tying). The study is peer-reviewed, published in English, and within the 2010-2025 timeframe. It addresses task accuracy and feasibility of autonomous surgical actions, aligning with the review's focus on autonomy in surgical robotics. The specialty (ophthalmic surgery) is excluded, but the paper describes a generalizable autonomous task (cornea suturing) that is not specialty-specific. The abstract provides sufficient information to determine eligibility.",include,"The paper describes an autonomous cornea suturing robotic system that performs physical surgical tasks on tissue (cornea). It involves an autonomous or semi-autonomous robotic component that controls or directs a physical robot to execute a surgical action (needle insertion and knot tying). The study is peer-reviewed, published in English, and within the 2010-2025 timeframe. It addresses task accuracy and feasibility of autonomous surgical actions, aligning with the review's focus on autonomy in surgical robotics. The specialty (ophthalmic surgery) is excluded, but the paper describes a generalizable autonomous task (cornea suturing) that is not specialty-specific. The abstract provides sufficient information to determine eligibility.",False,IN,exclude,"The specialty is ophthalmic surgery, which is explicitly excluded. While the abstract describes autonomous suturing, the specialty context triggers exclusion per the defined scope.",FLAGGED,False,False,False,False,9d1b01bafa4700b9125a5587a740d35f8dad2d6043278730c9e6dad98a61799d,2b53f8bbb59b15dba5d07c74079de1af164f799cc9a8a0acbff885c33d66120d,8.758,6.149,False
341,EE-189,exclude,include,"The paper describes an autonomous robotic system for subretinal injection, which is a surgical task. The system uses intelligent real-time processing of iOCT volumes for navigation, indicating an autonomous or semi-autonomous component. The study involves a physical surgical task (subretinal injection) on an ex-vivo model (porcine eyes), and the robotic system controls the execution of the surgical action. The paper is a peer-reviewed original research article in English, published between 2010 and 2025. It is within the scope of ophthalmic surgery, which is included in the review. The paper does not meet any exclusion criteria such as purely teleoperated systems or non-surgical robotics.",include,"The paper describes an autonomous robotic system for subretinal injection, which is a surgical task. The system uses intelligent real-time processing of iOCT volumes for navigation, indicating an autonomous or semi-autonomous component. The study involves a physical surgical task (subretinal injection) on an ex-vivo model (porcine eyes), and the robotic system controls the execution of the surgical action. The paper is a peer-reviewed original research article in English, published between 2010 and 2025. It is within the scope of ophthalmic surgery, which is included in the review. The paper does not meet any exclusion criteria such as purely teleoperated systems or non-surgical robotics.",False,IN,exclude,"The abstract describes a robotic system for subretinal injection, which falls under ophthalmic surgery – an excluded specialty. While the system utilizes autonomous navigation, the procedure itself is specifically ophthalmic, triggering the exclusion criteria. The abstract does not describe a generalizable autonomous task.",FLAGGED,False,False,False,False,0f4d90576cd278cf8c4ef35399f237a255961d050d883f477b7be210c916121d,aaea43b03d4d117f3cde01d194d6b8a887560ae5f84f22cb5d337c89031f889c,8.897,8.313,False
705,EE-553,exclude,exclude,"The paper describes a semi-autonomous surgical robot for human retina surgery, which falls under ophthalmic surgery, a specialty explicitly excluded in the review. Additionally, the abstract does not provide sufficient detail to confirm that the system involves autonomous or semi-autonomous control of a physical robot executing a surgical task, nor does it mention the required outcomes such as task accuracy, completion time, or safety events.",exclude,"The paper describes a semi-autonomous surgical robot for human retina surgery, which falls under ophthalmic surgery, a specialty explicitly excluded in the review. Additionally, the abstract does not provide sufficient detail to confirm that the system involves autonomous or semi-autonomous control of a physical robot executing a surgical task, nor does it mention the required outcomes such as task accuracy, completion time, or safety events.",False,OUT,,,OUT,False,False,False,False,fe82f9760893de669e8ad44ac4cc9893072af024564b6236fe573afa325ffebc,,5.441,,False
309,EE-157,exclude,include,"The paper describes an autonomous robotic system for retinal microsurgery, involving a physical surgical task (subretinal injection) on an in-vivo model (pig eyes). The system autonomously navigates the needle using RGB-D imaging and integrates convolutional neural networks and model predictive control to execute the task. The paper involves an autonomous or semi-autonomous robotic component that controls the physical robot to perform a surgical action, meeting the inclusion criteria. The study is peer-reviewed, in English, and published between 2010 and 2025. It does not fall under excluded specialties (ophthalmic surgery is excluded, but the paper is about retinal microsurgery, which is excluded under the specialty scope).",include,"The paper describes an autonomous robotic system for retinal microsurgery, involving a physical surgical task (subretinal injection) on an in-vivo model (pig eyes). The system integrates autonomous navigation using RGB-D images and convolutional neural networks, with real-time control of the surgical tool. The autonomy level appears to exceed Level 1 (robot assistance under continuous human control) and aligns with Levels 3–5 (semi-autonomous to fully autonomous). The study evaluates task accuracy (successful SI trials), safety (no mention of tissue damage or unplanned stops), and autonomy level achieved. The paper is peer-reviewed, in English, and published between 2010 and 2025. It is within the included specialty (ophthalmic surgery is excluded, but the paper is about retinal microsurgery, which is excluded under the specialty scope. However, the paper is about a generalizable autonomous task (subretinal injection) performed in an ophthalmic context, which is included under the not…",False,IN,exclude,"The specialty is ophthalmic surgery, which is explicitly excluded. While the abstract describes autonomous navigation, the procedure (retinal microsurgery) falls within an excluded specialty.",FLAGGED,False,False,False,False,518ae4ecf51c67ebbf2f42797454a7d52ef4f07a33959d98d7b3b89ede475e72,aeaf88b801bfcd88ea295146760edc5cbb0478e9eee65d6438a5ae78a489d7f0,11.213,6.421,False
730,EE-578,exclude,include,"The paper describes a surgical robot for vitreoretinal surgery that autonomously detects the height of the robotic tool tip using shadow projection. This involves an autonomous or semi-autonomous robotic component that controls or directs a physical robot to execute a surgical action (ILM peeling and cannulation). The study involves a physical surgical task (vitreoretinal surgery) and includes metrics related to task accuracy (height estimation error). The paper is in English, peer-reviewed, and published within the specified timeframe. It does not meet any exclusion criteria such as being a systematic review, purely teleoperated, or non-surgical robotics.",include,"The paper describes a surgical robot for vitreoretinal surgery that autonomously detects the height of the robotic tool tip using shadow projection. This involves an autonomous or semi-autonomous robotic component that controls or directs a physical robot to execute a surgical action (ILM peeling and cannulation). The study involves a physical surgical task (vitreoretinal surgery) and includes metrics related to task accuracy (height estimation error). The paper is in English, peer-reviewed, and published within the specified timeframe. It does not meet any exclusion criteria such as being a systematic review, purely teleoperated, or non-surgical robotics.",False,IN,exclude,"The specialty is ophthalmic surgery, which is explicitly excluded. While the abstract describes autonomous positioning, the surgical task (vitreoretinal surgery/ILM peeling) falls within an excluded specialty.",FLAGGED,False,False,False,False,1c9a100dd253ea6fd0f9427c0ce1dba2573c668c243a3b059bf8ebddf8de1e1a,6af544ad5d80ba42303976fe35671a28bbcff37e7da4206145cbfd9f14a8df4f,7.803,6.848,False
785,EE-633,exclude,include,"The paper describes a robotic system used for bone drilling in orthopedic trauma surgery, which is within the included specialty. The system is autonomous or semi-autonomous as it performs bone drilling with defined parameters and automatic stop functionality. The study involves physical surgical tasks on real bones, and the robot controls the drilling process. The paper meets the inclusion criteria for language, peer-reviewed status, and publication date. It also involves an autonomous robotic component that directs the physical robot to execute a surgical action, which aligns with the review focus.",include,"The paper describes an autonomous robotic system for bone drilling in orthopedic trauma surgery. It involves a physical surgical task (bone drilling) on in-vivo models (porcine, bovine, and human bones). The robotic system controls the drilling process autonomously, with features such as automatic stop based on cortex recognition and real-time measurement of bone thickness. The study includes task accuracy (drilling depth accuracy of 0.1 mm) and safety metrics (minimal soft tissue penetration). The system is not purely teleoperated, as it makes independent decisions about motion and execution. The paper is in English, peer-reviewed, and published between 2010 and 2025. It falls within the included specialty (orthopedic surgery) and does not meet any exclusion criteria.",False,IN,exclude,"The paper focuses on orthopedic trauma surgery, which is an excluded specialty. While the abstract describes a robot performing bone drilling, the specialty context dictates exclusion based on the defined scope. Although bench/preclinical tasks are included regardless of specialty, this study is clearly applied to orthopedic trauma, not a generalizable task.",FLAGGED,False,False,False,False,0d529deb784c3a46df0b437a2ac9444272cfa688f7a403ddaea5917f682761cb,53635a9e4f9104675efb0d4a2cfaca422b793b070dad7e6fe6e5525548c25b7e,8.347,8.953,False
684,EE-532,exclude,include,"The paper describes an autonomous robotic system for spinal osteotomy, which is a physical surgical task performed on a phantom. The system autonomously controls the robotic milling process, which involves independent decision-making for path determination and execution. The study evaluates task accuracy and margin precision, which aligns with the outcomes of interest. The system is not purely teleoperated, and the paper is a peer-reviewed original research article in English, published between 2010 and 2025. The specialty is spinal surgery, which is included in the review's scope.",include,"The paper describes an autonomous robotic system for spinal osteotomy, which is a physical surgical task performed on a phantom. The system autonomously controls the robotic milling process, which involves independent decision-making for path determination and execution. The study evaluates task accuracy and margin precision, which aligns with the outcomes of interest. The system is not purely teleoperated, and the paper is a peer-reviewed original research article in English, published between 2010 and 2025. The specialty is spinal surgery, which is included in the review scope.",False,IN,exclude,"The study focuses on robotic spine osteotomy, which falls under orthopedic surgery – an excluded specialty. While the abstract describes a physical surgical task performed with a robotic system, the specialty context dictates exclusion based on the defined scope.",FLAGGED,False,False,False,False,f9ff013d883ec5298de08cfc7daa6ec692a8c48912e04f17b01ffa090f72465e,50083997c251d1768a5b8c17c8df6735a4f5ce9995a43e35aa239c2931ee4cf5,7.312,7.407,False
782,EE-630,exclude,include,"The paper describes a fully automated active robotic system used in total knee arthroplasty, which involves a physical surgical task (in-vivo human surgery). The system performs autonomous actions (milling of bone surfaces with a high-speed burr), which aligns with the inclusion criteria for autonomous or semi-autonomous robotic systems. The study evaluates safety and efficacy, which are relevant outcomes. The paper is a peer-reviewed original research article in English, published between 2010 and 2025. It does not appear to be a systematic review, meta-analysis, or conference abstract without a full paper. The specialty is orthopedic surgery, which is excluded only if the task is specialty-specific. Since the task (bone milling) is generalizable, the paper is included.",include,"The paper describes a fully automated active robotic system used in total knee arthroplasty, which involves a physical surgical task (in-vivo human surgery). The system performs autonomous actions (milling of bone surfaces with a high-speed burr), which aligns with the inclusion criteria for autonomous or semi-autonomous robotic systems. The study evaluates safety and efficacy, which are relevant outcomes. The paper is a peer-reviewed original research article in English, published between 2010 and 2025. It does not appear to be a systematic review, meta-analysis, or conference abstract without a full paper. The specialty is orthopedic surgery, which is excluded only if the task is specialty-specific. Since the task (bone milling) is generalizable, the paper is included.",False,IN,exclude,"The study focuses on Total Knee Arthroplasty (TKA), which falls under orthopedic surgery – an excluded specialty. While the system is described as 'fully automated', the context is a specialty-specific task (TKA) and therefore excluded per the specialty scope guidelines.",FLAGGED,False,False,False,False,9a3c2e613c6a9d46abea3d014b95a0b2c5592bbeeb293dc753fd53488a77977f,379bd099b5c5d4c2f2b7a288524bdc62b70e1df608a6785d193b9c10f9d5ca28,9.719,8.588,False
403,EE-251,exclude,include,"The paper describes a robotic guidance system for semi-automated, minimally invasive pedicle screw placement in a cadaver study. The robotic system autonomously aligns with the planned screw trajectory, indicating a level of autonomy (likely Level 3 or 4 per Yang et al. taxonomy). The study involves a physical surgical task (pedicle screw placement) and includes accuracy measurements, which align with the outcomes of interest. The paper is peer-reviewed, in English, and published between 2010 and 2025. It does not involve purely teleoperated systems or manual surgery without autonomous components. The specialty is spinal surgery, which is included in the review's scope.",include,"The paper describes a robotic guidance system for semi-automated, minimally invasive pedicle screw placement in a cadaver study. The robotic system autonomously aligns with the planned screw trajectory, indicating a level of autonomy (likely Level 3 or 4 per Yang et al. taxonomy). The study involves a physical surgical task (pedicle screw placement) and includes accuracy measurements, which align with the outcomes of interest. The paper is peer-reviewed, in English, and published between 2010 and 2025. It does not involve purely teleoperated systems or manual surgery without autonomous components. The specialty is spinal surgery, which is included in the review's scope.",False,IN,exclude,"The study focuses on navigated spine surgery, which falls under the excluded specialty of neurosurgery. While the abstract describes a robotic *assistance* component, the task (pedicle screw placement) is a specialty-specific neurosurgical procedure. The inclusion criteria explicitly exclude neurosurgery unless the autonomous task is generalizable, which this is not.",FLAGGED,False,False,False,False,74f10c3e72f6b1c372920d6baf5906ef4a0040b7519988d7cab97b0832861c6d,fe0365e5796d4f3f91f39fab413c93d06bbb2c5c943f278c60ce52393b0c393f,8.768,9.485,False
795,EE-643,exclude,include,"The paper describes a handheld robot designed for bone drilling assistance, which involves an autonomous or semi-autonomous robotic component that controls or directs a physical robot to execute a surgical action. The system includes a coordinated controller that assists the surgeon, with force sensors and an admittance controller to compute velocity commands. The robot end-effector performs the drilling action, while the surgeon controls the handle. This meets the inclusion criteria for involving a physical surgical task (bone drilling) and an autonomous/semi-autonomous robotic component. The study is within the scope of orthopedic surgery, which is excluded only if the task is specialty-specific. Bone drilling is a generalizable autonomous task, so the paper is included.",include,"The paper describes a handheld robot designed for bone drilling assistance, which involves an autonomous or semi-autonomous robotic component that controls or directs a physical robot to execute a surgical action. The system includes a coordinated controller that assists the surgeon, with force sensors and an admittance controller to compute velocity commands. The robot end-effector drives the surgical tool, and the system compensates for human deviation to maintain the target trajectory. This meets the inclusion criteria for involving an autonomous or semi-autonomous robotic component in a physical surgical task (bone drilling). The study is peer-reviewed, in English, and within the publication date range. It is relevant to orthopedic surgery, which is included in the specialty scope.",False,IN,exclude,"The abstract describes a handheld robot *assisting* the surgeon, but the surgeon still positions the handle and directs the tool. The robot provides force sensing and trajectory compensation, but does not independently plan or execute the drilling. This is a coordinated control system, but remains fundamentally teleoperated, failing the requirement for an autonomous or semi-autonomous component that controls or directs the surgical action. It is a master-slave system with added assistance, not a system with independent decision-making.",FLAGGED,False,False,False,False,d437e202fd40b98177214a731a4f826c0de56ba6448eb8ea30825fb2838d3f38,f58e3795a429ad1092587d9917a19706c822377ccd5a301974efaf7aae5dd7c2,8.732,11.968,False
655,EE-503,exclude,exclude,"The paper describes the use of a robotic system in total knee arthroplasty, but it does not involve any level of surgical autonomy (Levels 1–5 per the Yang et al. taxonomy). The robotic system is used for precise bone resection and implant placement under human control, which is considered teleoperated or manually guided, not autonomous or semi-autonomous. The study does not mention any autonomous decision-making, planning, or execution by the robotic system.",exclude,"The paper describes the use of a robotic system in total knee arthroplasty, but it does not involve any level of surgical autonomy (Levels 1–5 per the Yang et al. taxonomy). The robotic system is used for precise bone resection and implant placement under human control, which is considered teleoperated or manually guided, not autonomous or semi-autonomous. The study does not mention any autonomous decision-making or control by the robotic system.",False,OUT,,,OUT,False,False,False,False,ad550fb2ffb881d0e164e2a064d75f1353a283a3466cda39f33fe373fb9926d4,,6.441,,False
736,EE-584,exclude,exclude,"The paper describes a sensing system for bone drilling in orthopedic surgery but does not involve an autonomous or semi-autonomous robotic component that controls or directs a physical robot to execute a surgical action. The system is presented as a sensing and feedback mechanism rather than an autonomous or semi-autonomous control system. It is also focused on orthopedic surgery, which is excluded unless the task is generalizable. The paper does not meet the inclusion criteria for autonomy in surgical robotics.",exclude,"The paper describes a sensing system for bone drilling in orthopedic surgery but does not involve an autonomous or semi-autonomous robotic component that controls or directs a physical robot to execute a surgical action. The system is presented as a sensing and feedback mechanism rather than an autonomous or semi-autonomous control system. The focus is on force sensing and skidding detection, not on autonomous task execution or decision-making by the robotic system.",False,OUT,,,OUT,False,False,False,False,64914ad1b9c08d0c2c31b58f86f0baf315a4058f7fd28bb3c0338ec6810a2dc4,,6.068,,False
641,EE-489,exclude,include,"The paper describes an autonomous or semi-autonomous robotic system for orthopedic surgery, specifically for pedicle screw implantation. It involves a robotic component that controls or directs a physical robot to execute a surgical action, with a focus on automation through imitation learning and constraint optimization. The study involves a physical surgical task (pedicle screw implantation) and includes metrics such as task accuracy (distance and angular errors). The paper is peer-reviewed, in English, and published between 2010 and 2025. It is within the included specialty (orthopedic surgery) and meets the criteria for autonomy as it involves a system making independent decisions about motion and planning.",include,"The paper describes a system for orthopedic surgery (pedicle screw implantation) that incorporates autonomous or semi-autonomous robotic components. It involves a robotic system that performs physical surgical tasks (drilling and alignment) with a level of autonomy through imitation learning and constraint optimization. The study evaluates task accuracy (distance and angular errors) and demonstrates the system's ability to perform surgical tasks with reduced reliance on human input. The methodology includes both high-level motion planning and low-level control, which aligns with the inclusion criteria for autonomy in surgical robotics. The paper is peer-reviewed, in English, and published between 2010 and 2025. It is not a systematic review, meta-analysis, or conference abstract without a full paper. The focus is on orthopedic surgery, which is included in the specialty scope.",False,IN,exclude,"The paper focuses on orthopedic surgery, which is an excluded specialty according to the guidelines. While the abstract describes autonomous behavior, the specialty exclusion overrides inclusion criteria. The task is specialty-specific (pedicle screw implantation).",FLAGGED,False,False,False,False,94b05fad7a2f150a67c0493fca5303f24d689b1983ea6559bc621046b23d0403,a5893c0eb3a73cb22c41279ab04ca2177b35ea21fade96bdab92dfd5247d8360,9.894,8.059,False
270,EE-118,exclude,include,"The title suggests a comparison between autonomous robotic surgery and dynamic navigation in implant placement, which aligns with the focus on autonomous or semi-autonomous surgical robotic systems. The abstract mentions a randomized controlled trial, which implies a comparator (dynamic navigation), and the study involves a physical surgical task (implant placement). The paper appears to meet the inclusion criteria for language, peer-reviewed status, and involvement of an autonomous robotic component. Further details in the full paper will confirm whether it meets all criteria, including the specialty scope and absence of exclusion factors.",include,"The title suggests a comparison between autonomous robotic surgery and dynamic navigation in implant placement, which aligns with the focus on autonomous or semi-autonomous surgical robotic systems. The abstract mentions a randomized controlled trial, which implies a comparator (dynamic navigation), and the study involves a physical surgical task (implant placement). The paper appears to meet the inclusion criteria for language (English), peer-reviewed original research, and involvement of an autonomous or semi-autonomous robotic component. The specialty (implant placement) is not explicitly excluded, and the study is likely within the scope of general surgery or orthopedic surgery, which may be included if the task is generalizable.",False,IN,exclude,"The abstract explicitly describes implant placement, a procedure strongly associated with orthopedic surgery, which is an excluded specialty. While the abstract mentions 'autonomous robotic surgery', the context clearly indicates a specialty-specific application within orthopedic surgery, triggering the exclusion criteria. The study focuses on implant placement accuracy, a core orthopedic task.",FLAGGED,False,False,False,False,8c6bc84399b635e97ffedba2251963f08b48be514fe31779ce35cdb16b7b434d,c1f51a0360ceab9b5830d0a77f76d65cd58c414485befaff723063f3527c7882,7.578,8.598,False
278,EE-126,exclude,exclude,"The paper describes robotic-assisted total knee arthroplasty (RATKA) systems, which are primarily teleoperated/master-slave systems where the human surgeon controls the robot. It does not clearly indicate the presence of an autonomous or semi-autonomous component that makes independent decisions about motion, planning, or execution. The focus is on precision and clinical outcomes rather than autonomy levels or comparative analysis of autonomous/semi-autonomous robotic systems. Additionally, the paper is a review and not an original research paper, which disqualifies it under the inclusion criteria.",exclude,"The paper describes robotic-assisted total knee arthroplasty (RATKA) systems, which are primarily teleoperated/master-slave systems where the human surgeon controls the robot. It does not clearly describe autonomous or semi-autonomous robotic components that make independent decisions about motion, planning, or execution. The focus is on precision and clinical outcomes rather than autonomy levels or comparative analysis of autonomous/semi-autonomous systems. The paper also falls under orthopedic surgery, which is excluded unless the autonomous task is generalizable. The abstract does not provide sufficient evidence of autonomy or generalizable tasks.",False,OUT,,,OUT,False,False,False,False,83a46ce3fa5a739a2824be91ee7743dc2656045954ffac011a3e9e4dd9d58643,,7.506,,False
18,EE-010,exclude,exclude,"The paper describes a neural network architecture for tissue segmentation in endoscopic images, which is a part of the data processing pipeline for surgical robotics. However, it does not involve an autonomous or semi-autonomous robotic component that controls or directs a physical robot to execute a surgical action. The study focuses on image segmentation algorithms without any mention of robotic control, task execution, or autonomy levels (Yang et al. taxonomy). Therefore, it does not meet the inclusion criteria for the review.",exclude,The paper describes a neural network architecture for tissue segmentation in endoscopic images but does not involve an autonomous or semi-autonomous robotic component that controls or directs a physical robot to execute a surgical action. The study focuses on image segmentation methodology without any mention of robotic control or execution of physical surgical tasks. It is a machine learning methodology paper that analyzes surgical data without controlling a robot to perform a surgical action.,False,OUT,,,OUT,False,False,False,False,3db7e83600fcb9864f704c60674b29437c283a4d01447166d2d780f7631b99a7,,6.149,,False
613,EE-461,exclude,exclude,"The paper describes a robotic microforceps for retinal microsurgery, but it does not involve any level of surgical autonomy (Levels 1–5 per the Yang et al. taxonomy). The device is controlled by the surgeon, and there is no indication of autonomous or semi-autonomous behavior. The focus is on sensor calibration and control methods rather than autonomous task execution. Additionally, the paper does not mention any comparison with human-controlled systems or evaluation of task accuracy, completion time, or safety events. It also does not meet the inclusion criteria for surgical robotics with autonomous or semi-autonomous components.",exclude,"The paper describes a robotic microforceps for retinal microsurgery, but it does not involve any level of surgical autonomy (Levels 1–5 per the Yang et al. taxonomy). The device is controlled by the surgeon, and there is no indication of autonomous or semi-autonomous decision-making by the robotic system. The focus is on sensor calibration and control methods rather than autonomous task execution. Additionally, the paper does not mention any comparison with human-controlled systems or evaluation of task accuracy, completion time, or safety events. It appears to be a hardware or control method paper without an autonomous component.",False,OUT,,,OUT,False,False,False,False,3fd4301e0a1a851c8fdd044f20854568dddbe9181ed1f7a2a5dc4e1a12f0f36a,,7.677,,False
382,EE-230,exclude,exclude,"The paper describes a soft robot for peripheral lung cancer diagnosis and therapy, but it does not involve an autonomous or semi-autonomous robotic component that controls or directs a physical robot to execute a surgical action. The robot is primarily used as an assistive tool under clinician control, with no indication of independent decision-making or autonomous task execution. Additionally, the study focuses on diagnostic and interventional capabilities rather than surgical tasks performed by an autonomous or semi-autonomous robotic system.",exclude,"The paper describes a soft robot for peripheral lung cancer diagnosis and therapy, but it does not involve an autonomous or semi-autonomous robotic component that controls or directs a physical robot to execute a surgical action. The robot is used as an assistive tool with a graphical user interface, and the autonomy is limited to alignment and stabilization with clinician guidance. It does not meet the inclusion criteria for involving an autonomous or semi-autonomous robotic component that makes independent decisions about motion, planning, or execution.",False,OUT,,,OUT,False,False,False,False,29fc2d3b7d186e70d72a27ff4e42bc731536d1c2b0f21c8c012f7918c554e83e,,6.481,,False
579,EE-427,include,include,"The paper presents a novel forecasting kinematic algorithm for autonomously navigating a laparoscopic minimally invasive surgical robotic system. The algorithm enables the visual window to track the movement of mark points automatically, reducing the need for manual intervention. This suggests the presence of an autonomous or semi-autonomous robotic component that controls or directs the physical robot to execute a surgical action. The study involves a physical surgical task (laparoscopic surgery) and includes technical evaluation of the autonomy level. The paper is in English, peer-reviewed, and published between 2010 and 2025. It does not appear to be a systematic review, meta-analysis, or purely teleoperated system, and it involves an autonomous component that makes independent decisions about motion or tracking.",include,"The paper presents a novel forecasting kinematic algorithm for autonomously navigating a laparoscopic minimally invasive surgical robotic system. It involves an autonomous or semi-autonomous robotic component that controls or directs a physical robot to execute a surgical action. The study involves a physical surgical task (laparoscopic surgery) and includes elements of autonomy in the navigation and tracking of mark points. The paper is a peer-reviewed original research article in English, published between 2010 and 2025. It does not appear to be a systematic review, meta-analysis, or scoping review, nor is it an editorial, commentary, or conference abstract without a full paper. The focus is on surgical robotics, not non-surgical robotics. The paper meets the inclusion criteria for the systematic review.",False,IN,exclude,"The abstract describes a system that *tracks* instrument marks and adjusts the visual window, but does not indicate the robot itself is performing any surgical action autonomously. The system appears to be assisting the surgeon by maintaining visual focus, which is a form of teleoperation enhancement, not autonomous surgical execution. It fails test #1 and #2.",FLAGGED,False,False,False,False,4faf3f1aa4896ac58f324a9e2c5894f3694b894a99f3e1255fc4cb86f30e03ec,36e2bb3dddd3a7195ab82f1f6d810cc453eb76bb39c121ad044deb690123f1d1,9.548,9.455,False
583,EE-431,include,exclude,"The paper describes a telemanipulated surgical robotic system with a supervision system for intuitive usage, but it does not involve an autonomous or semi-autonomous robotic component that controls or directs a physical robot to execute a surgical action. The system is primarily teleoperated with haptic feedback and virtual fixtures, and there is no indication of autonomous decision-making or task execution by the robotic system. It falls under the exclusion criterion for purely teleoperated/master-slave robotic surgery where the human directly controls all robot movements in real-time.",exclude,"The paper describes a telemanipulated surgical robotic system with a supervision system for intuitive usage, but it does not involve an autonomous or semi-autonomous robotic component that controls or directs a physical robot to execute a surgical action. The system is primarily teleoperated with haptic feedback and virtual fixtures, and there is no indication of autonomous decision-making or task execution by the robotic system. It falls under the exclusion criterion for purely teleoperated/master-slave robotic surgery where the human directly controls all robot movements in real-time.",False,OUT,,,OUT,False,False,False,False,cb21d912265306e82bd4fb99c71076f8263df2f554c683f26c92fa0eadcdff39,,6.855,,False
344,EE-192,exclude,exclude,"The abstract does not provide sufficient information to determine if the paper involves autonomous or semi-autonomous robotic systems performing physical surgical tasks. It mentions 'dynamic navigation' and 'autonomous robotic computer-assisted implant surgery methods,' but it lacks details on the level of autonomy, whether the system controls or directs a physical robot to execute a surgical action, or if it involves a physical surgical task (e.g., on tissue, phantoms, or in-vivo models). Additionally, the abstract does not specify the surgical specialty or whether the study meets the inclusion criteria for autonomy in surgical robotics.",exclude,"The abstract does not provide sufficient information to determine if the paper involves autonomous or semi-autonomous robotic systems performing physical surgical tasks. It mentions 'dynamic navigation' and 'autonomous robotic computer-assisted implant surgery methods,' but it lacks details on the level of autonomy, whether the system controls or directs a physical robot to execute a surgical action, or if it involves a physical surgical task (e.g., on tissue, phantoms, or in-vivo models). Additionally, the study is described as a retrospective study, which does not meet the inclusion criteria for peer-reviewed original research (journal article or full conference paper).",False,OUT,,,OUT,False,False,False,False,731579c40732fd4bcb7fcef17acc70172792d8ad012574fcd1f190de863da92f,,7.535,,False
363,EE-211,exclude,exclude,"The paper describes a semi-autonomous robotic system used in total knee arthroplasty, but it is primarily focused on surgical tips and tricks for achieving functional alignment, not on evaluating the autonomy level or comparing autonomous/semi-autonomous systems with human-controlled systems. The system described is imageless and handheld, but the paper does not clearly demonstrate autonomous or semi-autonomous control of a physical robot to execute a surgical action. It appears to be a teleoperated system where the surgeon directly controls the robotic sculpting system, which falls under the exclusion criteria for purely teleoperated systems without an autonomous or semi-autonomous component.",exclude,"The paper describes a semi-autonomous robotic system used in total knee arthroplasty, but it is primarily focused on surgical tips and tricks for achieving functional alignment, not on evaluating the autonomy level or comparing autonomous/semi-autonomous systems with human-controlled systems. The system is described as 'imageless' and 'semi-autonomous,' but there is no clear indication that it makes independent decisions about motion, planning, or execution. Additionally, the study is a retrospective case-series without a comparator group, and the outcomes reported (alignment accuracy, gap measurements) do not align with the specified outcomes (task accuracy/error rate, task completion time, safety events, autonomy level, surgeon workload). The paper also lacks information on the autonomy level (Yang et al. Level 1–5) or any comparison with human-controlled systems. Therefore, it does not meet the inclusion criteria.",False,OUT,,,OUT,False,False,False,False,dfece645f5d79d50cbe0968b220c1525620b390a358b382661a50ad451e85254,,9.248,,False
384,EE-232,exclude,exclude,"The paper describes an active robotic system for total knee arthroplasty, where the robot is used for planning and executing the surgical procedure with surgeon guidance and control. However, the system is described as 'active robotic technology' where the surgeon guides and controls the robot, indicating it is teleoperated rather than autonomous or semi-autonomous. The paper does not mention any level of autonomy (Levels 1–5 per the Yang et al. taxonomy) or independent decision-making by the robotic system. It is a clinical study of a robotic-assisted system, not an autonomous or semi-autonomous system. Therefore, it meets the exclusion criterion for purely teleoperated/master-slave robotic surgery.",exclude,"The paper describes an active robotic system for total knee arthroplasty, where the robot is used for planning and executing the surgical procedure with surgeon guidance and control. However, the system is described as 'active robotic technology' where the surgeon guides and controls the robot, indicating it is teleoperated rather than autonomous or semi-autonomous. The paper does not mention any level of autonomy (Levels 1–5 per the Yang et al. taxonomy) or independent decision-making by the robotic system. It is a clinical study of a robotic-assisted system, not an autonomous or semi-autonomous system. Therefore, it meets the exclusion criterion for purely teleoperated/master-slave robotic surgery.",False,OUT,,,OUT,False,False,False,False,3d41b5c32f42a44403e4ee9b389efedb610675b26a04f884373f7fe6e6e900e1,,8.618,,False
222,EE-092,include,exclude,"The paper describes a surgical robot assistant with an artificial intelligence-based controller for endoscopic tool localization, but it does not mention any level of autonomy (Levels 1–5) or semi-autonomous behavior in executing physical surgical tasks. The focus appears to be on control algorithms and positioning accuracy without involving autonomous or semi-autonomous robotic components that control or direct a physical robot to perform a surgical action. The study seems to be purely teleoperated or manually controlled, which falls under exclusion criteria.",exclude,"The paper describes a surgical robot assistant with an artificial intelligence-based controller for endoscopic tool localization, but it does not mention any level of autonomy (Levels 1–5) or semi-autonomous behavior. The focus appears to be on control algorithms and positioning accuracy without demonstrating autonomous or semi-autonomous decision-making in surgical tasks. The system seems to be teleoperated with AI assistance rather than autonomous. Additionally, the abstract does not indicate any physical surgical task performed on tissue, phantoms, or in-vivo models, which is a required inclusion criterion.",False,OUT,,,OUT,False,False,False,False,6460b25b92458bf8e3734874a752b2e06a29a59c279328dcff6f15e0e99bdfc5,,6.841,,False
139,EE-057,exclude,exclude,"The paper describes a method for error compensation in surgical robots based on RCM mechanisms but does not mention any level of autonomy or semi-autonomy in the robotic system. The focus is on kinematic calibration and error reduction, not on autonomous or semi-autonomous control of the robot to perform surgical tasks. Therefore, it does not meet the inclusion criteria for the review.",exclude,"The paper describes a method for error compensation in surgical robots based on RCM mechanisms, focusing on kinematic calibration and reducing positioning errors. However, it does not mention any level of autonomy or semi-autonomy in the robotic system. The focus is on improving the accuracy and safety of existing robotic systems through calibration, not on autonomous or semi-autonomous control of surgical tasks. Therefore, it does not meet the inclusion criteria for the review.",False,OUT,,,OUT,False,False,False,False,0ced635c457c94530bc93523cbc66bfda88ef6c47e461b022252fe2be7ad19d8,,5.707,,False
761,EE-609,exclude,exclude,"The paper describes an IoMT-enabled healthcare system employing robotics and deep reinforcement learning with TCNs for dynamic surgical data analysis. However, it does not involve a physical surgical task performed by an autonomous or semi-autonomous robotic system. Instead, it focuses on data analysis and real-time monitoring without demonstrating autonomous or semi-autonomous robotic control of a physical robot to execute a surgical action. The study appears to be more about data analysis and system integration rather than evaluating autonomous surgical robotic systems performing physical tasks.",exclude,"The paper describes an IoMT-enabled healthcare system that employs robotics and deep reinforcement learning with temporal convolutional networks (TCNs) for dynamic surgical data analysis. However, it does not clearly involve a physical surgical task performed by an autonomous or semi-autonomous robotic system. The focus appears to be on data analysis and decision-making rather than on the execution of physical surgical actions by a robotic system with autonomy. Additionally, the abstract does not mention any physical surgical task (cadaver, phantom, animal, or human) being performed by an autonomous or semi-autonomous robotic component. The study seems to be more about the integration of IoMT and AI for data analysis rather than the control or execution of surgical actions by a robotic system with autonomy.",False,OUT,,,OUT,False,False,False,False,c54f5bd54a945e7067b1dab2a19a7007ddf00795492620c7167dc7806323d4b9,,7.825,,False
425,EE-273,exclude,include,"The paper describes a robotic surgical instrument for brain tissue aspiration, which is a physical surgical task. It involves an autonomous or semi-autonomous robotic component that controls a physical robot to execute a surgical action. The study is in the field of neurosurgery, which is excluded unless the task is generalizable. The task described (brain tissue aspiration) is a generalizable autonomous capability, and the paper involves an autonomous robotic component. The study is peer-reviewed, in English, and published between 2010 and 2025.",include,"The paper describes a robotic surgical instrument for brain tissue aspiration, which is a physical surgical task. It involves an autonomous or semi-autonomous robotic component that controls a physical robot to execute a surgical action. The study is peer-reviewed, in English, and involves a physical surgical task (brain tissue aspiration). The system is not purely teleoperated or manual, as it utilizes robotic control of a needle connected to a vacuum pump. The paper is within the publication date range (2010-2025). The specialty is neurosurgery, which is excluded unless the task is generalizable. However, the task described (brain tissue aspiration) is a generalizable autonomous capability, and the paper is included under the bench/preclinical autonomy category.",False,IN,exclude,"While the abstract mentions 'robotic control' and 'automatic tissue aspiration', it primarily describes a system where a user interacts with a GUI to control the needle. The description lacks evidence of *autonomous* decision-making or independent action by the robot. It appears to be a remotely controlled system, fitting the exclusion criteria for purely teleoperated systems. The robot executes actions *in response to* user input, not independently. It does not meet the requirement of an autonomous or semi-autonomous component making independent decisions about motion, planning, or execution.",FLAGGED,False,False,False,False,e7ff69f73f6ead1860ab8759a68d5f30dd489c5002a17a50f081edea4f93e358,b8fd2a6a9251ec47d4867ae114feb07ce62807b125c34647a85fb4c82804a528,8.2,13.122,False
387,EE-235,exclude,include,"The paper describes a semi-autonomous robotic-assisted system (Navio) used in total knee arthroplasty, which involves a physical surgical task (bone preparation and implant positioning). The system is not purely teleoperated, as it provides semi-autonomous control over the robotic sculpting process. The study evaluates task accuracy (RMSE values) and includes outcomes such as mechanical axis alignment, femoral coronal alignment, and tibial slope, which align with the review's focus on task accuracy and error rate. The study meets the inclusion criteria for English language, peer-reviewed original research, and involves a physical surgical task. It does not meet exclusion criteria such as being a systematic review, purely teleoperated, or non-surgical robotics.",include,"The paper describes a semi-autonomous robotic-assisted system (Navio) used in total knee arthroplasty, which involves a physical surgical task (bone preparation and implant positioning). The system is not purely teleoperated, as it provides semi-autonomous control over the robotic sculpting process. The study evaluates task accuracy (RMSE values) and includes outcomes such as mechanical axis alignment, femoral coronal alignment, and tibial slope, which align with the review's focus on task accuracy and error rate. The study meets the inclusion criteria for English language, peer-reviewed original research, and involves a physical surgical task. It does not meet exclusion criteria such as being a systematic review, purely teleoperated, or non-surgical robotics.",False,IN,exclude,"The abstract describes a 'semi-autonomous' system, but details indicate it's a hand-held robotic *assistance* tool used by a surgeon. The surgeon performs the bone cuts, and the robot provides guidance/precision. This is consistent with a teleoperated system where the human directly controls the movements, rather than the robot independently controlling or directing the surgical action. It fails the requirement for an autonomous or semi-autonomous component that *controls* or *directs* the surgical action.",FLAGGED,False,False,False,False,5ebfc3c53a2627c2cca0838ed22dafc094cec39936cb15fd7ecebecd201c3865,05234c897faac52cca022b2273b82a21c291ae29adec87ab4f6914881d8b23dc,9.358,12.582,False
728,EE-576,exclude,exclude,"The paper describes a robotic system for inserting a cochlear implant electrode array, but it does not clearly specify the level of autonomy (Levels 1–5 per the Yang et al. taxonomy) or whether the system makes independent decisions about motion, planning, or execution. The abstract suggests the system is automated, but it does not confirm the presence of an autonomous or semi-autonomous component that controls or directs a physical robot to execute a surgical action. Additionally, the specialty (otologic surgery) is excluded unless the task is generalizable. The task described is specialty-specific (cochlear implant insertion), and the paper does not indicate that the autonomous task is generalizable.",exclude,"The paper describes a robotic system for inserting a cochlear implant electrode array, but it does not clearly specify the level of autonomy (Levels 1–5 per the Yang et al. taxonomy) or whether the system makes independent decisions about motion, planning, or execution. The abstract suggests the system is automated, but it does not confirm the presence of an autonomous or semi-autonomous component that controls or directs a physical robot to execute a surgical action. Additionally, the specialty (otologic surgery) is excluded unless the task is generalizable. The task described is specialty-specific (cochlear implant insertion), and the paper does not indicate that the autonomous task is generalizable to other surgical contexts.",False,OUT,,,OUT,False,False,False,False,beb3d5f6c48547e2cae22af9656670e010c1dad1062ead1c9f81db3c2bfaa149,,8.383,,False
134,EE-055,exclude,exclude,"The paper describes a methodology for automatic keypoint generation in surgical robot trajectories using learning-by-demonstration, but it does not involve an autonomous or semi-autonomous robotic component that controls or directs a physical robot to execute a surgical action. The focus is on algorithm development and data analysis rather than on autonomous task execution. Additionally, the study appears to be a methodology paper without direct control of a robot to perform a surgical action, which falls under the exclusion criteria for ML/CV methodology papers that only analyze or predict surgical data without controlling a robot.",exclude,"The paper describes a methodology for automatic keypoint generation in surgical robot trajectories using learning-by-demonstration, but it does not involve an autonomous or semi-autonomous robotic component that controls or directs a physical robot to execute a surgical action. The focus is on algorithm development and data analysis rather than on autonomous task execution. Additionally, the study appears to be a methodology paper without direct control of a robot to perform a surgical action, which falls under the exclusion criteria for ML/CV methodology papers that only analyze or predict surgical data without controlling a robot.",False,OUT,,,OUT,False,False,False,False,1ee345fbd54bc692cf80a85453c90216e53fec496719f20275ee919b53392d62,,7.011,,False
569,EE-417,include,exclude,"The paper describes a shared control robotic system for retinal surgery, which involves a human clinician and robot collaborating during the procedure. However, it does not meet the inclusion criteria as it is classified under ophthalmic surgery, which is explicitly excluded. Additionally, the system described is a shared control system, which is not considered autonomous or semi-autonomous under the Yang et al. taxonomy as it requires continuous human control. The paper also does not involve an autonomous or semi-autonomous robotic component that controls or directs a physical robot to execute a surgical action independently.",exclude,"The paper describes a shared control robotic system for retinal surgery, which involves a human clinician and robot collaborating during the procedure. However, it does not meet the inclusion criteria as it is classified under ophthalmic surgery, which is explicitly excluded. Additionally, the system described is a shared control system, which is not considered autonomous or semi-autonomous under the Yang et al. taxonomy as it requires continuous human control. The paper also does not involve an autonomous or semi-autonomous robotic component that controls or directs a physical robot to execute a surgical action independently.",False,OUT,,,OUT,False,False,False,False,fb8602f3f27fe9e1af1a5d821f48adf06934518efb9cc5d47ced93b8801429c7,,7.211,,False
267,EE-115,exclude,exclude,"The paper describes a cannula-mounted robot for semi-autonomous vertebroplasty, but it does not involve an autonomous or semi-autonomous robotic component that controls or directs a physical robot to execute a surgical action. The focus is on mechanical design and performance of the robot, not on autonomy in surgical robotics. Additionally, the paper does not involve a physical surgical task on tissue, phantoms, or in-vivo models, and it does not meet the criteria for inclusion in the review.",exclude,"The paper describes a cannula-mounted robot for semi-autonomous vertebroplasty, but it does not involve an autonomous or semi-autonomous robotic component that controls or directs a physical robot to execute a surgical action. The focus is on mechanical design and performance of the robot, not on autonomy in surgical robotics. Additionally, the paper does not involve a physical surgical task on tissue, phantoms, or in-vivo models, and it does not evaluate task accuracy, error rate, or safety events. The study is more focused on mechanical design rather than autonomy in surgical robotics.",False,OUT,,,OUT,False,False,False,False,97ecb5665e5f37d5666ca22ab15e5fa050d7dd87afbf96af62d8064db7697450,,7.047,,False
103,EE-046,exclude,include,"The paper describes a collaborative spinal robot system for laminectomy, which involves an autonomous or semi-autonomous robotic component that controls or directs a physical robot to execute a surgical action. The study compares robot-assisted laminectomy (RAL) with manual laminectomy (ML), involving a physical surgical task on porcine specimens. The abstract indicates the system's autonomy and the evaluation of task accuracy (penetration rate) and time, which are relevant outcomes. The study meets the inclusion criteria for language, peer-reviewed original research, and involves a physical surgical task. It does not meet exclusion criteria such as purely teleoperated systems or non-surgical robotics.",include,"The paper describes a collaborative spinal robot system for laminectomy, which involves an autonomous or semi-autonomous robotic component that controls or directs a physical robot to execute a surgical action. The study compares robot-assisted laminectomy (RAL) with manual laminectomy (ML), involving a physical surgical task on porcine specimens. The abstract indicates the system's autonomy and the evaluation of task accuracy (penetration rate) and time, which are relevant outcomes. The study meets the inclusion criteria for language, peer-reviewed original research, and involves a physical surgical task. It does not meet exclusion criteria such as purely teleoperated systems or non-surgical robotics.",False,IN,exclude,"While the abstract mentions a 'collaborative spine robot system', it does not detail any autonomous or semi-autonomous behavior. The system *assists* with laminectomy, but the description strongly suggests a teleoperated or guided system where a human surgeon maintains primary control. The comparison to 'manual laminectomy' further supports this interpretation. The abstract lacks evidence of the robot making independent decisions about motion, planning, or execution, failing test #2. Additionally, the study focuses on a neurosurgical application (laminectomy), which is explicitly excluded per the specialty scope.",FLAGGED,False,False,False,False,e5123a896cb0c834671c5fd69aceadf24dba8afbc313eadef7d782f0ba89fc39,250f22e7968abf25119a9f94499a68929e0283954bad36fd8b1d1ebdd75780db,8.264,13.835,False
385,EE-233,exclude,include,"The paper describes the ROSA knee system, a semi-autonomous robotic surgical system used in total knee arthroplasty. It involves a physical surgical task (knee arthroplasty) and includes an autonomous or semi-autonomous robotic component that controls or directs a physical robot to execute a surgical action. The system is described as a collaborative robotic system where the robot completes the surgeon's skills, indicating some level of autonomy (likely Level 3 or 4 per Yang et al. taxonomy). The study involves a physical surgical task on a cadaver, which meets the inclusion criteria. The paper is a peer-reviewed original research article in English, published between 2010 and 2025. It does not meet any exclusion criteria such as being a systematic review, purely teleoperated, or non-surgical robotics.",include,"The paper describes the ROSA knee system, a semi-autonomous robotic surgical system used in total knee arthroplasty. It involves a physical surgical task (knee arthroplasty) and includes an autonomous or semi-autonomous robotic component that controls or directs a physical robot to execute a surgical action. The system is described as a collaborative robotic system where the robot completes the surgeon's skills, indicating some level of autonomy (likely Level 3 or 4 per Yang et al. taxonomy). The study involves cadaveric studies, which meet the inclusion criteria for physical surgical tasks. The paper is a peer-reviewed original research article in English, published between 2010 and 2025. It does not meet any exclusion criteria such as being a systematic review, purely teleoperated, or non-surgical robotics.",False,IN,exclude,"The abstract explicitly states the system is 'collaborative robotics, where the surgeon remains in charge' and that the surgeon 'handles the saw and performs the cuts'. This indicates the robot *assists* but does not independently control or direct surgical actions. It is a semi-autonomous system, but the level of autonomy does not meet the criteria of controlling or directing a physical robot to execute a surgical action; the surgeon performs the cutting. This is a purely teleoperated/master-slave system with assistance, failing test #2.",FLAGGED,False,False,False,False,bb26f30b1d4c8553f3d59e0f59efa89362df5956cd58bbe130032a58e1457f60,35cf7877f3b64c112b8324e3e0e198c8187fef78d0e944e9930207c15c84cf5f,10.268,13.102,False
190,EE-080,include,exclude,"The paper describes a controller for cooperative object manipulation with force tracking on the da Vinci Research Kit, but it does not involve an autonomous or semi-autonomous robotic component that controls or directs a physical robot to execute a surgical action. Instead, it focuses on force control and shared autonomy through human-in-the-loop control with master and slave manipulators, which is purely teleoperated and does not meet the inclusion criteria for autonomy in surgical robotics.",exclude,"The paper describes a controller for cooperative object manipulation with force tracking on the da Vinci Research Kit, but it does not involve an autonomous or semi-autonomous robotic component that controls or directs a physical robot to execute a surgical action. Instead, it focuses on force control and shared autonomy through human-in-the-loop control with master and slave manipulators. The system does not demonstrate independent decision-making or autonomous task execution, which is a key criterion for inclusion. Additionally, the da Vinci system is a standard teleoperated system, and the paper does not introduce an autonomous or semi-autonomous component that makes independent decisions about motion, planning, or execution.",False,OUT,,,OUT,False,False,False,False,fc13b456e96202911d7545e77e850240588f9afa447a931e4511b51a7f26db19,,7.042,,False
100,EE-044,exclude,exclude,"The paper describes a master-slave vascular intervention robotic system where the human operator directly controls the robot's movements through a console. There is no mention of autonomous or semi-autonomous decision-making by the robotic system. The focus is on improving control and feedback mechanisms rather than implementing autonomy levels 1–5 as defined by Yang et al. The system appears to be teleoperated rather than autonomous or semi-autonomous, which disqualifies it under the exclusion criteria for purely teleoperated systems.",exclude,"The paper describes a master-slave vascular intervention robotic system where the human operator directly controls the robot's movements through a console. There is no mention of autonomous or semi-autonomous control where the system makes independent decisions about motion, planning, or execution. The focus is on improving control and feedback mechanisms rather than implementing autonomy. Therefore, it does not meet the inclusion criteria for autonomy in surgical robotics.",False,OUT,,,OUT,False,False,False,False,49b6ba03d891dc22a12a7a9d2f57cde19c4f8cd895c9e48c3760392c04ef7046,,6.18,,False
71,EE-031,exclude,include,"The paper presents a dynamic motion planning solution for autonomous assistive surgical robots, which involves an autonomous or semi-autonomous robotic component that controls or directs a physical robot to execute a surgical action. The focus on trajectory generation for a robotic manipulator in a surgical context aligns with the review's focus on autonomous or semi-autonomous surgical robotic systems. The paper includes validation in both simulated and experimental scenarios, which meets the inclusion criteria for simulation studies that demonstrate autonomous behavior. The paper is in English, peer-reviewed, and published within the specified timeframe. There is no indication that it is a systematic review, meta-analysis, or purely teleoperated system. The content is relevant to the review's focus on autonomy in surgical robotics.",include,"The paper presents a dynamic motion planning solution for autonomous assistive surgical robots, which involves an autonomous or semi-autonomous robotic component that controls or directs a physical robot to execute a surgical action. The focus on trajectory generation for a robotic manipulator in a surgical context aligns with the review's focus on autonomous or semi-autonomous surgical robotic systems. The abstract mentions validation in both simulated and experimental scenarios, which may include physical surgical tasks. The paper is likely peer-reviewed and in English, and it addresses task accuracy and safety events (e.g., collisions). Further details would be needed to confirm the exact level of autonomy and specialty, but the abstract provides sufficient evidence to include it for further screening.",False,IN,exclude,"The abstract focuses on motion planning for a robotic manipulator but does not explicitly state that the robot *executes* a surgical action autonomously. It describes a trajectory generator and validation in simulated and experimental scenarios, but doesn't confirm the robot is performing a physical surgical task with any level of autonomy. The emphasis is on the planning algorithm itself, not the robot's surgical performance. This fails test #1 and potentially #2.",FLAGGED,False,False,False,False,64b08a94729fa8891c8f210152ade5c1b1c077e8693a918ef6e0de5ccda5cdc8,40d852c41fbb69e4b5fc20ec8b8ce674a57e27b041212c96c4a9eab6e6f7d92f,8.672,10.992,False
710,EE-558,exclude,exclude,"The paper describes a simulation-based approach for enhancing safety in orthopedic surgical planning using uncertainty quantification and machine learning techniques. However, it does not involve an autonomous or semi-autonomous robotic component that controls or directs a physical robot to execute a surgical action. Instead, it focuses on simulation frameworks and safety mechanisms without demonstrating autonomous behavior in a physical surgical task. Additionally, the paper is a methodology paper focused on algorithm development rather than evaluating autonomous robotic systems in a surgical context.",exclude,"The paper describes a simulation-based approach for enhancing safety in orthopedic surgical planning using uncertainty quantification and machine learning techniques. However, it does not involve an autonomous or semi-autonomous robotic component that controls or directs a physical robot to execute a surgical action. Instead, it focuses on simulation frameworks and safety mechanisms without demonstrating autonomous behavior in a physical surgical task. Additionally, the paper is a methodology paper focused on algorithm development rather than evaluating autonomous robotic systems in a surgical context.",False,OUT,,,OUT,False,False,False,False,1bd6899e6ba7235b1ea2d1c4c2cf7335efcddc76a286573482f6b48a96367add,,6.449,,False
238,EE-097,exclude,exclude,"The paper describes a method for error compensation in a microsurgical robot used for retinal microsurgery. However, it does not involve any level of surgical autonomy (Levels 1–5 per the Yang et al. taxonomy). The focus is on improving precision and safety through error compensation, not on autonomous or semi-autonomous control of the robot to execute surgical actions. The system appears to be teleoperated with human control, and there is no indication of an autonomous or semi-autonomous component making independent decisions about motion, planning, or execution.",exclude,"The paper describes a method for error compensation in a microsurgical robot used for retinal microsurgery. However, it does not involve any level of surgical autonomy (Levels 1–5 per the Yang et al. taxonomy). The focus is on improving precision and safety through error compensation, not on autonomous or semi-autonomous control of the robot. The system appears to be teleoperated with human control, as there is no indication of the robot making independent decisions about motion, planning, or execution. Therefore, it does not meet the inclusion criteria for this review.",False,OUT,,,OUT,False,False,False,False,01b586c6343fbff91873e0777e476399a07360a6cf04f4ef0cb3e7a444cd1b0e,,7.536,,False
161,EE-065,exclude,exclude,"The paper describes a planning strategy for robotic cochlear implantation using image guidance, but it does not involve an autonomous or semi-autonomous robotic component that controls or directs a physical robot to execute a surgical action. The system described is image-guided and trajectory-planning based, but the robotic system is not performing autonomous or semi-autonomous actions. The focus is on planning and simulation rather than autonomous execution of a physical surgical task.",exclude,"The paper describes a planning strategy for robotic cochlear implantation using image guidance, but it does not involve an autonomous or semi-autonomous robotic component that controls or directs a physical robot to execute a surgical action. The system described is image-guided and trajectory-planning based, but the robotic system is not performing autonomous or semi-autonomous actions. The focus is on planning and simulation rather than autonomous execution of a physical surgical task.",False,OUT,,,OUT,False,False,False,False,dbe6c2a7023e8cfcd3de79a073db5f09c4161b721de964db126bd533c6ec5fda,,6.082,,False
774,EE-622,exclude,exclude,"The paper discusses image-guidance and robotic technology for lateral skull base surgery but does not clearly describe an autonomous or semi-autonomous robotic component that controls or directs a physical robot to execute a surgical action. The focus appears to be on image-guidance systems and robotic technology in general, without specifying autonomous task execution. Additionally, the paper does not meet the inclusion criteria for surgical robotics with autonomy levels 1–5 as per the Yang et al. taxonomy.",exclude,"The paper discusses image-guidance and robotic technology for lateral skull base surgery but does not clearly describe an autonomous or semi-autonomous robotic component that controls or directs a physical robot to execute a surgical action. The focus appears to be on image-guidance systems and robotic technology in general, without specifying autonomous task execution. Additionally, the paper does not meet the inclusion criteria for surgical robotics with autonomy levels 1–5 as per the Yang et al. taxonomy.",False,OUT,,,OUT,False,False,False,False,c022b2df407e9b9c679d2f15e9571dad6f0c2a14b190f5b12c3ff859c8e0be43,,6.241,,False
112,EE-048,exclude,exclude,"The abstract does not provide sufficient information to determine if the paper involves autonomous or semi-autonomous robotic systems performing physical surgical tasks. It mentions a robotic platform for endovascular intervention but does not specify the level of autonomy or whether the system controls or directs a physical robot to execute a surgical action. Additionally, the abstract lacks details on the surgical specialty, task accuracy, error rate, or safety events, which are required for inclusion.",exclude,"The abstract does not provide sufficient information to determine if the paper involves autonomous or semi-autonomous robotic systems performing physical surgical tasks. It mentions a robotic platform for endovascular intervention but does not specify the level of autonomy or whether the system controls or directs a physical robot to execute a surgical action. Additionally, the abstract lacks details on the surgical specialty, task accuracy, error rate, or safety events, which are required for inclusion.",False,OUT,,,OUT,False,False,False,False,644596e9c09431213caca7e62007b2a29771c08120431f0a5460deb1df51e99f,,5.79,,False
786,EE-634,include,exclude,"The paper describes a laparoscope manipulator robot that automatically controls the position of the laparoscope using visual information. However, it does not involve an autonomous or semi-autonomous robotic component that controls or directs a physical robot to execute a surgical action. Instead, it appears to be a passive joint system that is controlled based on visual input, which is more akin to a teleoperated system rather than an autonomous or semi-autonomous one. The system does not make independent decisions about motion, planning, or execution, which is a key criterion for inclusion. Additionally, the paper does not mention any level of autonomy (Yang et al. Levels 1–5) or any comparison with human-controlled systems. Therefore, it does not meet the inclusion criteria.",exclude,"The paper describes a laparoscope manipulator robot that automatically controls the position of the laparoscope using visual information. However, it does not involve an autonomous or semi-autonomous robotic component that controls or directs a physical robot to execute a surgical action. Instead, it appears to be a passive joint system that is controlled based on visual input, which is more akin to a teleoperated system rather than an autonomous or semi-autonomous one. The system does not make independent decisions about motion, planning, or execution, which is a key criterion for inclusion. Additionally, the paper does not mention any level of autonomy (Yang et al. Levels 1–5) or any comparison with human-controlled systems. Therefore, it does not meet the inclusion criteria.",False,OUT,,,OUT,False,False,False,False,e73edee2bbfd29a639a564a5ee586fcd77e8ea790adf24eccb3cfdf8821ff7ec,,9.303,,False
419,EE-267,exclude,exclude,"The paper describes the use of semiautonomous robotic systems in unicompartmental knee arthroplasty but does not provide sufficient detail to confirm the presence of an autonomous or semi-autonomous robotic component that controls or directs a physical robot to execute a surgical action. The abstract mentions 'semiautonomous robotic systems' but does not clarify whether the system makes independent decisions about motion, planning, or execution. Additionally, the paper appears to focus on the safety of robotic-assisted surgery rather than evaluating the autonomy level or comparing it to human-controlled systems. The study is also a case series rather than an original research paper with a clear experimental design involving autonomy.",exclude,"The paper describes the use of semiautonomous robotic systems in unicompartmental knee arthroplasty but does not provide sufficient detail to confirm the presence of an autonomous or semi-autonomous robotic component that controls or directs a physical robot to execute a surgical action. The abstract mentions 'semiautonomous robotic systems' but does not clarify whether the system makes independent decisions about motion, planning, or execution. Additionally, the paper appears to focus on the safety of robotic-assisted surgery rather than evaluating the autonomy level or comparing it to human-controlled systems. The study does not meet the inclusion criteria for involving an autonomous or semi-autonomous robotic component that controls or directs a physical robot to execute a surgical action.",False,OUT,,,OUT,False,False,False,False,2b448a719d1b92c9be74c61bc848213cdfd25dcd4b467bd62fb4f13c2ab0d7a8,,8.497,,False
765,EE-613,exclude,exclude,The paper describes a control strategy for a compliant continuum robot but does not involve an autonomous or semi-autonomous robotic component that controls or directs a physical robot to execute a surgical action. The focus is on trajectory tracking and control methodology without any mention of autonomy levels (Yang et al. taxonomy) or surgical tasks. It appears to be a general robotics control paper rather than one involving surgical robotics with autonomy.,exclude,The paper describes a control strategy for a compliant continuum robot but does not involve an autonomous or semi-autonomous robotic component that controls or directs a physical robot to execute a surgical action. The focus is on trajectory tracking and control methodology without any mention of autonomy levels (Yang et al. taxonomy) or surgical tasks. It appears to be a general robotics control paper rather than a surgical robotics study involving autonomy.,False,OUT,,,OUT,False,False,False,False,8aa05e3ad15a821f5d4050f4ec62eee4e46f6dea6e17ab9509ae252438e57440,,5.651,,False
588,EE-436,exclude,include,"The abstract suggests the paper involves autonomous or semi-autonomous surgical robotic systems performing physical surgical tasks on soft tissue, which aligns with the population criteria. It mentions the robot assisting in procedures with enhanced precision, indicating a level of autonomy (Level 1–5). The study appears to compare autonomous systems with human surgeons, meeting the comparator criteria. The outcomes such as task accuracy, error rate, and safety events are implied. The paper is likely peer-reviewed and in English, though the full text is not provided, the abstract provides enough information to tentatively include it for further verification.",include,"The abstract suggests the paper involves autonomous or semi-autonomous surgical robotic systems performing physical surgical tasks on soft tissue, which aligns with the population criteria. It mentions the robot assisting in procedures with enhanced precision, indicating a level of autonomy (Levels 1–5). The study appears to compare autonomous systems with human surgeons, meeting the comparator criteria. The outcomes such as task accuracy, error rate, and safety events are implied. The paper is likely peer-reviewed and in English, though the full text is not provided, the abstract provides enough information to tentatively include it for further verification.",False,IN,exclude,"The abstract is highly descriptive and futuristic, but lacks concrete details about a *physical* surgical task being performed by an autonomous or semi-autonomous robot. It only *describes* potential future functionality. It does not mention any experimental setup, data, or results related to a surgical task performed on tissue, phantoms, or in-vivo models. It fails test #1 and #3.",FLAGGED,False,False,False,False,bbf49509a815a79a1a4cd6a3b9c986461f38add0b5bef502db01a66a809fe68a,27b6264936b608eae11384908cab6719d6afadcfcdf39e9be6960e70631fc570,7.452,10.348,False
254,EE-102,exclude,exclude,"The paper focuses on palpation sensing and haptic feedback in robotic-assisted surgery, but it does not describe autonomous or semi-autonomous robotic systems performing physical surgical tasks. Instead, it discusses the integration of tactile feedback and AI for improving surgical precision, without involving a robotic component that controls or directs a physical robot to execute a surgical action. The paper does not meet the inclusion criteria for autonomous or semi-autonomous surgical robotic systems.",exclude,"The paper focuses on palpation sensing and haptic feedback in robotic-assisted surgery, but it does not describe autonomous or semi-autonomous robotic systems performing physical surgical tasks. Instead, it discusses the integration of tactile feedback and AI for improving surgical precision, without involving a robotic component that controls or directs a physical robot to execute a surgical action. The paper does not meet the inclusion criteria for autonomous or semi-autonomous surgical robotic systems.",False,OUT,,,OUT,False,False,False,False,35e97614a9716ec11f81b1b97a5aac963a2efd875932e59b8faeb0222a11a338,,5.92,,False
565,EE-413,exclude,exclude,"The paper focuses on improving simulation techniques for deformable object manipulation in robotic surgery, but it does not describe a physical surgical task performed by an autonomous or semi-autonomous robotic system. The work is simulation-based and does not involve controlling a physical robot to execute a surgical action. It is a methodology paper that does not meet the inclusion criteria for involving an autonomous or semi-autonomous robotic component that controls or directs a physical robot.",exclude,"The paper focuses on improving simulation techniques for deformable object manipulation in robotic surgery, but it does not describe a physical surgical task performed by an autonomous or semi-autonomous robotic system. The work is simulation-based and does not involve controlling a physical robot to execute a surgical action. It is a methodology paper that does not meet the inclusion criteria for involving an autonomous or semi-autonomous robotic component that controls or directs a physical robot.",False,OUT,,,OUT,False,False,False,False,894a53650de7d8658ce4d988383766d91590424e0f4badfc2d8c7ca62286e2d5,,5.833,,False
379,EE-227,exclude,include,"The paper describes a semi-automated surgical robotic system that uses deep learning for semantic segmentation of OCT images to guide the extraction of lens fragments from ex vivo pig eyes. The system involves autonomous or semi-autonomous robotic control to execute a physical surgical task (lens fragment extraction), which meets the population criteria. The intervention involves a level of autonomy (semi-automated) as defined by the Yang et al. taxonomy. The study involves an ex vivo animal model, which is within the inclusion criteria. The outcomes include task accuracy (segmentation metrics) and task completion (extraction of lens fragments). The paper is a peer-reviewed original research article in English, published between 2010 and 2025. It does not fall under any exclusion criteria such as purely teleoperated systems, non-surgical robotics, or ML/CV methodology without robotic control.",include,"The paper describes a semi-automated surgical robotic system that uses deep learning for semantic segmentation of OCT images to guide the extraction of lens fragments from ex vivo pig eyes. The system involves autonomous or semi-autonomous robotic control to execute a physical surgical task (lens fragment extraction), which meets the population criteria. The intervention involves a level of autonomy (semi-automated) as defined by the Yang et al. taxonomy. The study involves an ex vivo animal model, which is within the inclusion criteria. The outcomes include task accuracy (segmentation performance metrics) and task completion (extraction of lens fragments). The paper is a peer-reviewed original research article in English, published between 2010 and 2025. It does not fall under any exclusion criteria such as purely teleoperated systems, non-surgical robotics, or ML/CV methodology without robotic control.",False,IN,exclude,"While the abstract mentions a robotic system performing a surgical task on an ex vivo animal model, the intervention is described as 'semi-automated detection and extraction'. The core of the work focuses on *detecting* lens fragments using semantic segmentation (a computer vision/ML task) and then guiding the robot. The robot's actions are directly dependent on the output of the segmentation algorithm, but the abstract does not demonstrate independent decision-making or control by the robotic system itself. It's a system where the robot *responds* to the analysis, not one that *plans* or *executes* autonomously. This falls under the exclusion criterion of ML/CV methodology papers that control a robot based on analysis without independent robotic decision-making.",FLAGGED,False,False,False,False,e42649e57ebb5c9bdc48747ab6460394cb49e6324a683ec73abd8078e51b0846,5104f40699f9a0bb6cc3d5ee13efc698226bbd5ced8b43f637e56a75b77b53fd,10.503,16.603,False
170,EE-070,include,exclude,"The paper describes a share control system where the surgeon maintains full control over the tool's position, with the system providing support for guidance. This is a teleoperated system where the human directly controls all robot movements in real-time, which is explicitly excluded per the criteria. There is no autonomous or semi-autonomous component where the system makes independent decisions about motion, planning, or execution.",exclude,"The paper describes a share control system where the surgeon maintains full control over the tool's position, with the system providing support for guidance. This is a teleoperated system where the human directly controls all robot movements in real-time, which is explicitly excluded per the criteria. There is no autonomous or semi-autonomous component where the system makes independent decisions about motion, planning, or execution.",False,OUT,,,OUT,False,False,False,False,d46d770b36f4c32b59e0cacaf92c1200c64e0762762640cf2a71e0f6ef1b1cbe,,5.424,,False
722,EE-570,exclude,include,"The paper describes a framework for predicting instrument trajectories in non-visible regions during robot-assisted intraocular microsurgery. It involves an autonomous or semi-autonomous robotic component that controls or directs a physical robot to execute a surgical action, specifically enhancing the precision and safety of robot-assisted surgery. The study involves a physical surgical task (intraocular microsurgery) and addresses task accuracy and safety events. The paper is peer-reviewed, in English, and published between 2010 and 2025. It does not fall under excluded categories such as purely teleoperated systems or non-surgical robotics.",include,"The paper describes a framework for predicting instrument trajectories in non-visible regions during robot-assisted intraocular microsurgery. It involves an autonomous or semi-autonomous robotic component that controls or directs a physical robot to execute a surgical action, specifically enhancing the precision and safety of robot-assisted surgery. The study involves a physical surgical task (intraocular microsurgery) and addresses task accuracy and safety events. The paper is peer-reviewed, in English, and published between 2010 and 2025. It does not fall under excluded categories such as purely teleoperated systems or non-surgical robotics.",False,IN,exclude,"The abstract focuses on *predicting* instrument trajectories to *enhance* robot-assisted surgery, but does not describe the robot *executing* any surgical action autonomously or semi-autonomously based on those predictions. It's a perception/prediction methodology paper that supports potential future autonomy, but doesn't demonstrate autonomous control in this work. It falls under the exclusion criterion of ML/CV methodology papers that only analyze/predict surgical data without controlling a robot to execute a surgical action.",FLAGGED,False,False,False,False,326985227292e31f5e6da320322373cae92b8eeaeccc46adab7474e5ef192061,abb7dd6a6b069c9a1c77d7bf963a1ea24a3992ca30c0bd7d9ef03d580e2b686b,7.934,12.275,False
724,EE-572,exclude,exclude,"The paper focuses on the recognition and learning of surgical skills using multi-modal data fusion for craniomaxillofacial suturing. However, it does not describe a system where the robotic component controls or directs a physical robot to execute a surgical action. Instead, it focuses on data analysis and algorithm development for skill recognition, which falls under the exclusion criteria for ML/CV methodology papers that only analyze, classify, segment, track, or predict surgical data without controlling a robot to execute a surgical action.",exclude,"The paper focuses on the recognition and learning of surgical skills using multi-modal data fusion for craniomaxillofacial suturing. However, it does not describe a system where the robotic component controls or directs a physical robot to execute a surgical action. Instead, it focuses on data analysis and algorithm development for skill recognition, which falls under the exclusion criteria for ML/CV methodology papers that only analyze, classify, segment, track, or predict surgical data without controlling a robot to execute a surgical action.",False,OUT,,,OUT,False,False,False,False,15e77dc258e0802e7f14901ba937e759a61b45b66a975e40f0096ae49672b0d1,,6.676,,False
657,EE-505,exclude,include,"The paper describes an autonomous robotic system for vitreoretinal surgery that performs automatic positioning of surgical instruments using visual servoing. This involves an autonomous or semi-autonomous robotic component that controls the movement of the surgical instrument to a target location, which is a physical surgical task. The system is not purely teleoperated, as it includes autonomous decision-making through the visual servoing loop. The task involves a physical surgical action (instrument positioning), and the study is within the scope of ophthalmic surgery, which is included in the review. The paper is a peer-reviewed original research article in English, published between 2010 and 2025.",include,"The paper describes an autonomous robotic system for vitreoretinal surgery that performs automatic positioning of surgical instruments using visual servoing. This involves an autonomous or semi-autonomous robotic component that controls the movement of the surgical instrument to a target location, which is a physical surgical task. The system is not purely teleoperated, as it includes autonomous decision-making for positioning. The task involves a physical surgical action (instrument positioning) and is within the scope of ophthalmic surgery, which is included in the review's specialty scope. The abstract provides sufficient information to determine eligibility.",False,IN,exclude,"The abstract describes a system where the surgeon *selects* a target location, and the robot *moves* the instrument to that location. This implies a teleoperated system with automated movement to a pre-defined point, not true autonomous decision-making or control. The system lacks an autonomous component that independently plans or executes surgical actions beyond moving to a user-defined target. It is therefore a purely teleoperated system with automation, failing the requirement for an autonomous or semi-autonomous component.",FLAGGED,False,False,False,False,e13b7ad208f04f68e76ffe09b56cc87c98abf3de94bb7a4028c011a85c0d368f,9fa6b45f51e84dbb83d9636644a5bd8cb1881d71910869d09f1c276bc0b18760,7.746,12.027,False
469,EE-317,include,exclude,"The paper provides a general overview of artificial intelligence in surgical robotics and discusses autonomy levels, but it does not present any original research involving autonomous or semi-autonomous surgical robotic systems performing physical surgical tasks on tissue, phantoms, or in-vivo models. It lacks specific details about task accuracy, error rates, completion times, safety events, or autonomy levels achieved. The paper is more of a review and discussion piece rather than an original research study that meets the inclusion criteria.",exclude,"The paper provides a general overview of artificial intelligence in surgical robotics and discusses autonomy levels, but it does not present any original research involving autonomous or semi-autonomous surgical robotic systems performing physical surgical tasks on tissue, phantoms, or in-vivo models. It lacks specific details about task accuracy, error rates, completion times, safety events, or autonomy levels achieved. The paper is more of a review and discussion piece rather than an original research study that meets the inclusion criteria.",False,OUT,,,OUT,False,False,False,False,22bbd0ce10e337138ea1861e10e1654f2a385f5d0d7c309b26f4d47c573e1fb4,,7.961,,False
702,EE-550,include,exclude,"The paper describes a method for estimating surgical tool kinematics from monocular video to enable surgical robot learning. However, it does not involve an autonomous or semi-autonomous robotic component that controls or directs a physical robot to execute a surgical action. Instead, it focuses on data estimation and learning algorithms without demonstrating autonomous task execution. The study does not meet the inclusion criteria as it lacks an autonomous or semi-autonomous robotic component performing physical surgical tasks.",exclude,"The paper describes a method for estimating surgical tool kinematics from monocular video to enable surgical robot learning. However, it does not involve an autonomous or semi-autonomous robotic component that controls or directs a physical robot to execute a surgical action. Instead, it focuses on data estimation and learning algorithms without demonstrating autonomous task execution. The study does not meet the inclusion criteria as it lacks an autonomous or semi-autonomous robotic component that directs physical robot actions.",False,OUT,,,OUT,False,False,False,False,d5008039472ad0f848f080b9cedfe568bfb99a32a084021ffd83528501836a82,,6.073,,False
693,EE-541,include,exclude,"The paper describes a medical robot for venipuncture, but it does not mention any level of surgical autonomy (Levels 1–5 per the Yang et al. taxonomy) or any autonomous/semi-autonomous robotic component that controls or directs a physical robot to execute a surgical action. The focus is on a Cartesian coordinate mechanism with sensor and image technology for needle placement, which appears to be a teleoperated or manually guided system without autonomous decision-making. It does not meet the inclusion criteria for involving an autonomous or semi-autonomous robotic component.",exclude,"The paper describes a medical robot for forearm vein puncturing, but it does not clearly involve autonomous or semi-autonomous robotic control of a physical robot to execute a surgical action. The abstract suggests the robot uses sensor and image technology to guide needle placement, which may imply some level of automation, but it does not specify that the robot makes independent decisions about motion, planning, or execution. Additionally, the paper does not mention any surgical specialty (e.g., general surgery, gynecologic surgery, etc.) or physical surgical task (e.g., on tissue, phantoms, or in-vivo models). The focus appears to be on a general healthcare application rather than a surgical task. The paper also lacks explicit mention of autonomy levels (Yang et al. taxonomy) or comparison with human-controlled systems. Therefore, it does not meet the inclusion criteria.",False,OUT,,,OUT,False,False,False,False,28c4cbb7d4b828415a697eafa45fec8820a2bab03eb7e434427f0a1cf226b18c,,8.613,,False
