paper_id,ee_identifier,PI_decision,d1,d1_rationale,d2,d2_rationale,d1_ne_d2,primary_outcome,verifier_decision,verifier_rationale,final_outcome,primary_parse_error,primary_error,verifier_parse_error,verifier_error,primary_request_hash,verifier_request_hash,primary_wall_s,verifier_wall_s,reprocessed_after_interrupt
290,EE-138,exclude,include,"The paper describes an autonomous robotic system used in implant placement, which involves a physical surgical task (implant placement) and an autonomous robotic component that controls the execution of the surgical action. The study is on a clinical application involving an autonomous robotic system, meeting the inclusion criteria for surgical robotics.",include,"The paper describes an autonomous robotic system used in implant placement, which involves a physical surgical task. The system is described as autonomous, aligning with the inclusion criteria for autonomous or semi-autonomous surgical robotics. The study involves a clinical application (implant placement) and meets the specialty scope for general surgery.",False,IN,exclude,"The abstract describes an 'autonomous robotic system' performing implant placement, which *appears* to meet the criteria. However, the specialty is dental surgery, which is explicitly excluded. While bench/preclinical tasks are included regardless of specialty, implant placement is a specialty-specific task. Therefore, the paper does not meet the inclusion criteria.",FLAGGED,False,False,False,False,42f4c10181a300563f7df6b28fc4f9c018dd2f7b8a63590fd9cdef8acb678dd5,30700a53fbf95f34e82f6bfb4c51022811a1132843153e56a323f1f862ac2e99,6.949,13.499,False
306,EE-154,exclude,include,"The paper describes a task-autonomous robotic system for zygomatic implant placement, which involves a physical surgical task (implant placement) and an autonomous robotic component that controls or directs a physical robot to execute a surgical action. It meets the inclusion criteria for involving autonomous or semi-autonomous surgical robotics and is within the scope of the review.",include,"The paper describes a task-autonomous robotic system for zygomatic implant placement, which involves a physical surgical task (implant placement) and an autonomous robotic component that controls the execution of the surgical action. The study is an in vitro experiment, which fits within the inclusion criteria for physical surgical tasks. The focus on accuracy aligns with the outcomes of interest.",False,IN,exclude,"The paper focuses on zygomatic implant placement, which falls under dental/oral and maxillofacial surgery – an excluded specialty. While the abstract mentions a 'task-autonomous robotic system', the context is specifically related to implant placement within this excluded specialty. Therefore, it does not meet the inclusion criteria despite the presence of autonomy.",FLAGGED,False,False,False,False,60ca69a9e2f63fc636d5d420319e5bc3f683c8e8f897b5358eaeac5da39c46d6,10ee96743507f6e112cd0ec16be5bfd50bc73ed46f76535f030422dd13eb9af0,4.986,8.798,False
362,EE-210,exclude,include,"The paper describes an autonomous robotic system (r-CAIS) that performs physical surgical tasks (implant placement) under the surgeon's supervision. The robotic system automatically executes the surgical action (osteotomy and placement), which meets the inclusion criteria for autonomous or semi-autonomous surgical robotics. The study involves a physical surgical task (dental implant placement) and evaluates accuracy, which aligns with the outcomes of interest.",include,"The paper describes an autonomous robotic system (r-CAIS) that performs physical surgical tasks (implant placement) under the surgeon's supervision. The robotic system automatically executes the surgical action (osteotomy and placement), which meets the inclusion criteria for autonomous or semi-autonomous surgical robotics. The study involves a physical surgical task (dental implant placement) and evaluates accuracy, which aligns with the outcomes of interest.",False,IN,exclude,"The study focuses on dental implant surgery, which is explicitly excluded from the specialty scope. While the abstract mentions 'autonomous robotic surgery', the context is a dental procedure, triggering the exclusion criteria.",FLAGGED,False,False,False,False,09d3543ddc818bc4dc57c74559f12834a6cf6ce48c0ab239be948872705a5af8,f871388ead9c78e16b15b5be0830bc16ea3f550227e8d857b7daec1c35fe7bb0,5.807,6.877,False
356,EE-204,exclude,include,"The paper describes the use of an autonomous robotic system for zygomatic implant placement, which is a surgical task. The robotic system controls the implantation process with preoperative planning and precision drills, indicating autonomous or semi-autonomous robotic behavior. The study involves a physical surgical task (zygomatic implant placement) and evaluates accuracy and error rates, which aligns with the inclusion criteria.",include,"The paper describes the use of an autonomous robotic system for zygomatic implant placement, which is a surgical task. The robotic system controls the implantation process with preoperative planning and precision drills, indicating autonomous or semi-autonomous robotic behavior. The study involves a physical surgical task (zygomatic implant placement) and evaluates accuracy and error rates, which aligns with the inclusion criteria.",False,IN,exclude,"While the paper describes robotic *assistance* with implant placement, the abstract does not indicate any autonomous or semi-autonomous behavior of the robot. The system appears to follow a pre-planned path with precision, but there's no mention of the robot making independent decisions about motion, planning, or execution. It seems to be a highly precise robotic *tool* rather than an autonomous surgical system. This falls under purely teleoperated/master-slave robotic surgery.",FLAGGED,False,False,False,False,c665db1d96f1fdd299c3412f7c2c6cae6b8fe8aab15ac39eed2198ec3d879ffe,1ede64b582b3170bf9234989c519a7a6bd9f6f9c0a97e848d3549d41e37f7862,5.516,11.798,False
336,EE-184,exclude,include,"The paper describes autonomous robotic-assisted full-arch implant surgery, which involves a robotic system performing a physical surgical task (implant placement) with autonomy. The ADIR system is implied to control or direct the robotic execution of the surgical action, meeting the inclusion criteria for autonomous or semi-autonomous surgical robotics. The study involves a clinical setting and a physical surgical task, and the title and abstract suggest the presence of an autonomous robotic component.",include,"The paper describes an autonomous robotic-assisted system (ADIR) used in full-arch implant surgery, which involves a physical surgical task. The system is described as achieving positional accuracy, indicating it controls or directs a physical robot to execute a surgical action. The paper is in English, peer-reviewed, and involves a clinical evaluation of an autonomous robotic system in a surgical context. It meets the inclusion criteria for autonomous or semi-autonomous surgical robotics.",False,IN,exclude,"The abstract describes a robotic-assisted *full-arch implant surgery*, which falls under dental/oral and maxillofacial surgery – an excluded specialty. While the system is described as 'autonomous', the context is specifically related to implant placement, a procedure within the excluded specialty. The paper does not describe a generalizable autonomous task.",FLAGGED,False,False,False,False,49418555fd69a7adb9c4e1245655c56427ea6767e55f1e4d2e4a445a93ca8a4e,3222731acef159e9fe8725bdeaff5c7a996117202d0a470b5293da4930b1d931,5.923,9.016,False
600,EE-448,exclude,include,"The paper describes an autonomous robot osteotomy system that performs a physical surgical task (bone harvesting) on a mandible phantom. The robotic system is designed to execute the osteotomy autonomously, with accuracy evaluated against manual surgery. The system controls a physical robot to perform the surgical action, meeting the inclusion criteria for autonomous surgical robotics.",include,"The paper describes an autonomous robot osteotomy system that performs a physical surgical task (bone harvesting) on a mandible phantom. The robotic system is designed to execute the osteotomy autonomously, with accuracy compared to manual surgery. The system controls a physical robot to perform the surgical action, meeting the inclusion criteria for autonomous surgical robotics.",False,IN,exclude,"The study focuses on mandibular osteotomy, which falls under oral and maxillofacial surgery – an excluded specialty. While the abstract describes an autonomous robot performing the osteotomy, the specialty exclusion overrides inclusion criteria.",FLAGGED,False,False,False,False,539466d89435cc7a712f4dffd80c5eec48b9bb39a1e31fac0582464d832b54ad,914269cad1c0cbb8a29263e95aab2a80387dc2a8bd6cd6174b9ff1e1585be625,4.915,7.163,False
257,EE-105,exclude,include,"The paper describes an autonomous robotic system used for impacted teeth extraction in children, with outcomes related to operative time and bone resection volume. The system is presented as reducing operative time and bone resection volume compared to conventional techniques, indicating autonomous robotic behavior in a surgical context. The paper involves a physical surgical task (tooth extraction) and includes an autonomous robotic component that controls or directs a physical robot to execute a surgical action.",include,"The paper describes an autonomous robotic system used for impacted teeth extraction in children, with outcomes related to operative time and bone resection volume. The system is presented as reducing operative time and bone resection volume compared to conventional techniques, indicating autonomous robotic behavior in a surgical context. The paper involves a physical surgical task (tooth extraction) and includes an autonomous robotic component that controls or directs a physical robot to execute a surgical action.",False,IN,exclude,"The study focuses on dental surgery (extraction of impacted teeth), which is explicitly excluded from the specialty scope. While the abstract mentions 'autonomous robotic system', the context is specifically oral/dental surgery, triggering the exclusion criteria.",FLAGGED,False,False,False,False,96d2de8a18817d30c49c3f239b96195a0dce549102895df50dff23615fec12b2,ecf5f87a78e8b8e73a469f0706d535fd2f5ea7a13246e01033e37b6e79646b2a,5.921,7.539,False
258,EE-106,exclude,include,"The paper describes a semi-autonomous robotic system (SARS) used for implant placement in completely edentulous models, comparing its accuracy to a dynamic navigation system. The robotic system controls the physical execution of the surgical task, meeting the inclusion criteria for autonomous or semi-autonomous surgical robotics. The study involves a physical surgical task (implant placement) and evaluates task accuracy, which aligns with the review focus.",include,"The paper describes a semi-autonomous robotic system (SARS) used for implant placement in completely edentulous models, which involves a physical surgical task (implant placement) and an autonomous or semi-autonomous robotic component that controls the execution of the surgical action. The study compares the accuracy of the robotic system with a dynamic navigation system, meeting the inclusion criteria for surgical robotics with semi-autonomous behavior.",False,IN,exclude,"The paper focuses on dental implant surgery, which is explicitly excluded from the specialty scope. While a robotic system is involved, the context is a specifically dental procedure, triggering the exclusion criteria.",FLAGGED,False,False,False,False,6bc1938bf0eaef643e98f1234e988e0acbb5ea9bee98f1091cb9025c4984a6d5,5bea9e56b43fea9ba09dbe582dfa1b233136d4c40de02c63e54739b0466b9be2,5.813,6.952,False
261,EE-109,exclude,include,"The paper discusses robot-assisted surgical procedures involving automation and electrode guidance during cochlear implant insertion, which aligns with the inclusion criteria for autonomous or semi-autonomous surgical robotics. The focus on force reduction and reproducibility through robotic devices suggests the involvement of an autonomous or semi-autonomous robotic component controlling a physical robot to execute a surgical action.",include,"The paper discusses robot-assisted surgical procedures during cochlear implant electrode insertion, which involves an autonomous or semi-autonomous robotic component controlling the physical robot to execute a surgical action. The study compares robotic assistance with manual techniques, aligning with the inclusion criteria for autonomous or semi-autonomous surgical robotics. The focus on force reduction and reproducibility suggests the use of robotic control in a surgical context.",False,IN,exclude,"The abstract describes a robotic *assistance* during cochlear implant insertion, focusing on force reduction. It does not detail any autonomous decision-making or control by the robot; rather, it suggests reducing *manual* interactions. This indicates a primarily teleoperated system with potential for improved guidance, but lacks the autonomous/semi-autonomous component required for inclusion. It fails test #2.",FLAGGED,False,False,False,False,16ad37e50c1874470c58647f2b81f3ae41a4bc7061edb0b3e62613aa35be689b,d29a84b4e35441cfddaf660ac09c014d32267267c13cf71c7851c49f6ffa1751,5.21,9.971,False
57,EE-026,exclude,include,"The paper describes the use of a robotic system to perform a keyhole access tunnel to the tympanic cavity and robotic drilling to the level of the facial recess, which represents an autonomous or semi-autonomous robotic component controlling a physical robot to execute a surgical action. The robotic drilling is a physical surgical task performed on a human patient, meeting the inclusion criteria for autonomous or semi-autonomous surgical robotics.",include,"The paper describes the use of a robotic system to perform a keyhole access tunnel to the tympanic cavity and robotic drilling to the level of the facial recess, which represents an autonomous or semi-autonomous robotic component controlling a physical robot to execute a surgical action. The robotic drilling is a physical surgical task performed on a human patient, meeting the inclusion criteria for autonomous or semi-autonomous surgical robotics.",False,IN,exclude,"While the abstract describes robotic drilling, the final step of creating the cochlear access was performed *manually* by the surgeon. The robot only performed a portion of the surgical task, and the critical step remained under direct human control. This does not meet the criteria for a semi-autonomous or autonomous surgical task as the robot does not DIRECT or CONTROL the completion of the surgical action. It is effectively a robot-assisted, but not robot-directed, procedure.",FLAGGED,False,False,False,False,a013fd40d44bffd462fa29ebbc1973324e1c2b6e0957ebc9903e8af59e3a4d28,f1cb65daf9ba7e35a2c55d9cd53f0f848672fd4f8f55080ad968249f7dc3f0e7,5.492,11.64,False
354,EE-202,exclude,include,"The paper describes a semi-autonomous stereotactic brain biopsy robotic system, which involves a robotic component that controls or directs a physical robot to execute a surgical action. It mentions improvements in autonomy level, surgical safety, and surgeon-robot collaboration, aligning with the inclusion criteria for autonomous or semi-autonomous surgical robotics. The specialty is neurosurgery, which is excluded unless the task is generalizable. However, the paper describes a stereotactic brain biopsy, which is a specialty-specific task, but the focus is on the robotic system's autonomy and collaboration, making it eligible for inclusion under the specified criteria.",include,"The paper describes a semi-autonomous stereotactic brain biopsy robotic system, which involves a robotic component that controls or directs a physical robot to execute a surgical action. It mentions improvements in autonomy level, surgical safety, and surgeon-robot collaboration, aligning with the inclusion criteria for autonomous or semi-autonomous surgical robotics. The specialty is neurosurgery, which is excluded unless the task is generalizable. However, the paper describes a stereotactic brain biopsy, which is a specialty-specific task, but the focus is on the robotic system's autonomy and collaboration, making it eligible for inclusion under the specified criteria.",False,IN,exclude,"The paper focuses on neurosurgery, which is an excluded specialty. While the abstract mentions semi-autonomy, the specialty exclusion overrides this. The instructions state to exclude neurosurgery papers unless they describe a generalizable autonomous task, which this does not appear to be.",FLAGGED,False,False,False,False,47d614b0b9f31b7845ceeb52113206994c08509248a0a7f64b88a17fa4da1161,6b7a13eac55f6509201bbe8ed95861e8b47e88e5639707f259f02c23c6bf3faa,7.699,7.827,False
598,EE-446,exclude,include,"The paper describes the development of a robotic system for autonomous percutaneous vertebroplasty, which is a surgical task. The title and abstract suggest the system is autonomous, and it involves a physical robotic component performing a surgical action. The task is within the scope of spinal surgery, which is included in the specialty scope.",include,"The paper describes the development of a robotic system for autonomous percutaneous vertebroplasty, which is a surgical task. The title and abstract suggest the system is autonomous, and it involves a physical robotic component performing a surgical action. The task is within the scope of spinal surgery, which is included in the specialty scope.",False,IN,exclude,"The specialty is neurosurgery, which is an excluded specialty. While the abstract mentions 'autonomous vertebroplasty', the procedure itself falls within the scope of neurosurgery and is therefore excluded based on the specialty guidelines.",FLAGGED,False,False,False,False,d6d42311172b21ea4ca51dd240b1368c35767e850e369b2e1ee4b33665ce147c,1ca4ff8ac3488873bc3a3583723d3e86f97c36feeaace644d376d5bf9a9a37a3,4.761,6.983,False
360,EE-208,exclude,include,"The paper describes a novel spinal robotic system for autonomous laminectomy in thoracic and lumbar vertebrae, involving a physical surgical task on cadavers. The system is described as autonomous, which aligns with the inclusion criteria for autonomous or semi-autonomous surgical robotics. The study involves a physical robotic component that controls or directs a physical robot to execute a surgical action, meeting the criteria for inclusion.",include,"The paper describes a novel spinal robotic system for autonomous laminectomy in thoracic and lumbar vertebrae, involving a physical surgical task on cadavers. The system is described as autonomous, which aligns with the inclusion criteria for autonomous or semi-autonomous surgical robotics. The study involves a physical robotic component that controls or directs a physical robot to execute a surgical action, meeting the criteria for inclusion.",False,IN,exclude,"The specialty is neurosurgery, which is an excluded specialty. While the abstract mentions 'autonomous laminectomy', the focus is specifically on a neurosurgical procedure, and therefore falls under the exclusion criteria.",FLAGGED,False,False,False,False,3c3f834b35bd1da32de9022b6d22466ad639448144e544c0fdbd7963adbaa16a,1a4aea3fef32e3fe868657d13488a41f67f4310b35b2f6e7187516f54af4254d,5.51,6.711,False
302,EE-150,exclude,include,"The paper describes an autonomous robotic system for spinal decompression, which involves a physical surgical task (spinal decompression) and an autonomous robotic component that controls the execution of the surgical action. It aligns with the inclusion criteria for autonomous surgical robotics, particularly in the context of spinal surgery (included specialty). The abstract mentions accuracy and safety evaluation of the robotic system for autonomous planning and cutting, which meets the focus on task accuracy and autonomy level.",include,"The paper describes an autonomous robotic system for spinal decompression, which involves a physical surgical task (spinal decompression) and an autonomous robotic component that controls the execution of the surgical action. It aligns with the inclusion criteria for autonomous surgical robotics, particularly in the context of spinal surgery (included specialty). The abstract mentions accuracy and safety evaluation of the robotic system for autonomous planning and cutting, which meets the focus on task accuracy and autonomy level.",False,IN,exclude,"The specialty is neurosurgery, which is an excluded specialty. While the task is described as 'autonomous', the context is specifically spinal decompression, making it a specialty-specific task and therefore ineligible per the exclusion criteria.",FLAGGED,False,False,False,False,2f93e2b75221f67afca48ce00b6e945ab4a3808f4d2938e9836a271897abf750,4ac71ea61afd66559339ed0feac904876c98b9daa5917f5bc17c04d110a44f39,6.02,6.155,False
603,EE-451,exclude,include,"The paper describes an autonomous robotic system for cranial-milling tasks in in vitro animal experiments. The robotic system autonomously performs the surgical task with minimal human intervention, using a model-free adaptive nonlinear force control algorithm. This aligns with the inclusion criteria for autonomous or semi-autonomous surgical robotics, as the robot controls the physical execution of the surgical action without continuous human control.",include,"The paper describes an autonomous robotic system for cranial-milling tasks in in vitro animal experiments. The robotic system autonomously performs the surgical task with minimal human intervention, using a model-free adaptive nonlinear force control algorithm. This aligns with the inclusion criteria for autonomous or semi-autonomous surgical robotics, as the robot controls the physical execution of the surgical action without continuous human control.",False,IN,exclude,"The specialty is neurosurgery, which is explicitly excluded. While the paper describes autonomous skull milling, it falls within an excluded specialty. The instructions state to exclude neurosurgery papers unless the task is generalizable, and skull milling is a neurosurgery-specific task.",FLAGGED,False,False,False,False,e348811b2ecf998aed7fb10786fbc26298a6738cafcb1264951698ef7b0f9fc9,64efafffcff913ddd096b2c7194638f0a3b3352805453c8b9e534cfbf7d4c543,5.561,7.673,False
372,EE-220,exclude,include,"The paper describes an autonomous spinal robotic system for transforaminal lumbar epidural injections, which involves a physical surgical task (injection) and an autonomous robotic component. The abstract mentions the system allowed for comparable placement as a freehand technique, suggesting autonomous control of the robotic system to perform the injection. This aligns with the inclusion criteria for autonomous or semi-autonomous surgical robotics performing physical surgical tasks.",include,"The paper describes an autonomous spinal robotic system for transforaminal lumbar epidural injections, which involves a physical surgical task (injection) and an autonomous robotic component. The abstract mentions the system allowed for comparable placement as a freehand technique with improved accuracy and precision, indicating the robotic system controls or directs the execution of a surgical action. The task is within the scope of spinal surgery, which is included in the specialty scope.",False,IN,exclude,"The abstract describes a robotic system assisting with injections, but does not detail any autonomous or semi-autonomous behavior. The system appears to facilitate accurate placement, but doesn't indicate independent decision-making regarding motion or execution. Furthermore, the procedure (transforaminal lumbar epidural injections) falls within the excluded specialty of neurosurgery.",FLAGGED,False,False,False,False,d53c6e65e81a5dec1e73d37ade2c52e4dd1b386a9d77489584865e7b2fabfbc2,1ac3da9de80382b05c96e646505e0b0a79e34790de344ec447810e22bc9bddb7,5.749,9.139,False
450,EE-298,exclude,include,"The paper mentions a robotic platform for neuroendoscopy and describes accurate tool targeting under both autonomous and hands-on control, suggesting the involvement of autonomous or semi-autonomous robotic systems in a surgical context. Neuroendoscopy falls under the included specialty (neurosurgery), and the mention of autonomous control meets the criteria for inclusion.",include,"The paper mentions a robotic platform for neuroendoscopy and describes accurate tool targeting under both autonomous and hands-on control, suggesting the involvement of autonomous or semi-autonomous robotic systems. The title and abstract imply the use of a physical robotic system for a surgical task, which aligns with the inclusion criteria for autonomous or semi-autonomous surgical robotics. The specialty is neurosurgery, which is excluded unless the task is generalizable. However, the paper does not clearly specify whether the task is specialty-specific or generalizable, so it is included with caution.",False,IN,exclude,"The specialty is neurosurgery, which is explicitly excluded unless the task is generalizable. The abstract only mentions 'autonomous' and 'hands-on control' without detailing a generalizable task or indicating the autonomy extends beyond simple control switching. It's likely a teleoperated system with some autonomous assistance for targeting, which does not meet the criteria for inclusion.",FLAGGED,False,False,False,False,1b5994f0949e753318202fa0d8b3f0f2987ef598f84b73902dcce72f8192802d,b5c9695e7b2112b0e2bee88fed4b816284f91608354c4a200fc183176550c39a,5.867,9.331,False
582,EE-430,exclude,include,"The paper describes a neurosurgical robot system (RONNA) that performs autonomous localization strategies to improve the accuracy of robotic positioning during frameless stereotactic neurosurgery. The system autonomously executes physical surgical tasks (positioning of surgical instruments) and evaluates the impact of different localization strategies on task accuracy. This involves autonomous robotic control of physical movement during a surgical task, meeting the inclusion criteria for autonomous or semi-autonomous surgical robotics.",include,"The paper describes a neurosurgical robot system (RONNA) that performs autonomous localization strategies to improve the accuracy of robotic positioning during frameless stereotactic neurosurgery. The system autonomously executes physical surgical tasks (positioning of surgical instruments) and evaluates the impact of different localization strategies on task accuracy. This involves autonomous robotic control of physical movement during a surgical task, meeting the inclusion criteria for autonomous or semi-autonomous surgical robotics.",False,IN,exclude,"While the abstract mentions a 'robot system for frameless stereotactic neurosurgery', it focuses on localization strategies to *improve accuracy* rather than demonstrating autonomous or semi-autonomous surgical task execution. The robot appears to be positioned by the system, but there's no evidence of it independently planning or executing surgical actions. It's likely a highly precise positioning system used *within* a teleoperated neurosurgical workflow, not an autonomous system itself. This fails test #1 and #2.",FLAGGED,False,False,False,False,7cb3a2c734f7fc28c15042a357fa6ce3d26962dd61581114d99165debb8eec75,48b59f5b93f9e2e1acf461a949c08259a5c784cd19e665465a4dc8de22ed4513,6.061,12.409,False
737,EE-585,exclude,include,"The paper discusses position planning for collaborating robots with an application in neurosurgery, which falls under the included specialty. The mention of collaborating robots suggests the involvement of autonomous or semi-autonomous robotic systems performing physical surgical tasks, aligning with the inclusion criteria.",include,"The paper discusses position planning for collaborating robots with an application in neurosurgery, which falls under the included specialty. The mention of collaborating robots suggests the involvement of autonomous or semi-autonomous robotic systems performing physical surgical tasks, aligning with the inclusion criteria.",False,IN,exclude,"The paper focuses on neurosurgery, which is an excluded specialty. While the abstract mentions 'collaborating robots', it does not explicitly state that the robots perform any autonomous surgical actions. The focus appears to be on position planning for collaboration, not autonomous execution of surgical tasks. Therefore, it fails to meet the inclusion criteria regarding autonomous/semi-autonomous surgical robotics.",FLAGGED,False,False,False,False,5e68679ad48b64dc714ce433513e82aa1d1f68b8a87e5b0df575621ed89e8d75,300b2c982eebff27267a7f59c2fa74be4fbeef07183b5cc021d8f1262bc44823,3.916,9.485,False
264,EE-112,exclude,include,"The paper describes a robotic system for craniotomy that involves autonomous path planning using CT images. The system generates surgical paths and optimizes them for robotic execution, which aligns with the inclusion criteria for autonomous or semi-autonomous surgical robotics. The study involves a physical surgical task (craniotomy) and includes validation on phantoms and in vivo models.",include,"The paper describes a robotic system for craniotomy that involves autonomous path planning using CT images. The system generates surgical paths and optimizes them for robotic execution, which aligns with the inclusion criteria for autonomous or semi-autonomous surgical robotics. The study involves a physical surgical task (craniotomy) and includes validation on phantoms and in vivo models.",False,IN,include,"The abstract explicitly states the development of a path planning method for *robotic* craniotomy that *automatically generates surgical paths* and integrates with *force-based robotic surgical systems*. It involves a physical surgical task performed on skull phantoms and living dogs, and is presented as original research. The mention of 'autonomous robotic neurosurgery' suggests a level of autonomy beyond simple teleoperation.",IN,False,False,False,False,442d34466e6df0983ea292c5f118ac3bbd2dd1f3b36f9fbda455b7bc5dd34206,61772af04e74f7a53ad7ae25565cc2973450d1c97eec27627b9f9912f8c73beb,5.211,9.574,False
413,EE-261,exclude,include,"The paper describes a robot-based system that autonomously navigates and performs neuroregistration and neuronavigation tasks in a surgical context. The system plans robot motion based on image data and autonomously guides the surgical tool to a target, indicating a level of autonomy in executing a physical surgical task. The task involves precision and navigation, which are relevant to surgical robotics. The paper is within the scope of neurosurgery, which is excluded unless the task is generalizable. However, the described task (neuroregistration and neuronavigation) is a generalizable autonomous capability, not specialty-specific. The paper meets the inclusion criteria for language, peer-reviewed status, and involves an autonomous robotic component controlling a physical robot to execute a surgical action.",include,"The paper describes a robot-based system that autonomously navigates and performs neuroregistration and neuronavigation tasks in a surgical context. The system plans robot motion based on image data and autonomously guides the surgical tool to a target, indicating a level of autonomy in executing a physical surgical task. The task involves precision and navigation, which are key aspects of surgical robotics. The paper also mentions phantom testing and accuracy metrics, which align with the inclusion criteria for physical surgical tasks. The system is not purely teleoperated or manual, and it involves an autonomous robotic component controlling the physical robot.",False,IN,exclude,"The paper describes a neurosurgical application, which is an excluded specialty. While the abstract details autonomous navigation and registration, the specialty context dictates exclusion based on the defined scope. The task is specifically neurosurgical (neuronavigation to a target), not a generalizable autonomous task.",FLAGGED,False,False,False,False,eb0676e17dbdef4e3decabcd7b117c7f7359d2d4181f62432ef46176e6d5cfd0,a5ccafc12bd5dcb4a0b6d6b44034c5d0ab21a225f9a16a45e14ebd2b79fe9a0b,8.084,8.236,False
429,EE-277,exclude,include,"The paper describes a robot-guided neuromapping system during robotic-assisted transanal TME surgery, involving a microfork electrostimulation probe controlled by the robotic system. This represents a semi-autonomous or fully autonomous robotic component directing a physical robot to execute a surgical action (neuromapping). The task is performed in a clinical setting (human patients) and involves a physical surgical task. The system is not purely teleoperated or manual, and the paper meets the inclusion criteria for surgical robotics with autonomy.",include,"The paper describes a robot-guided neuromapping system during robotic-assisted transanal TME surgery, involving a microfork electrostimulation probe controlled by the robotic system. This represents a semi-autonomous or fully autonomous robotic component directing a physical robot to execute a surgical action (neuromapping). The task is performed in a clinical setting (human patients) and involves a physical surgical task. The system is not purely teleoperated or manual, and the paper meets the inclusion criteria for surgical robotics with autonomy.",False,IN,exclude,"While the paper describes a 'robot-guided' neuromapping process, the abstract indicates the robot is used to *position* a probe for neuromapping, but the neuromapping itself (electrophysiological evaluation) is still performed and directed by the surgeon. The robot does not independently perform a surgical task or make decisions about surgical actions; it's a positioning aid. This falls under purely teleoperated/master-slave control, as the surgeon maintains full control over the surgical process. It does not meet the criteria for autonomous or semi-autonomous surgical robotics.",FLAGGED,False,False,False,False,0bce7aa6d6a6618b01bdb9becdf7132243b263e9041d94cbea28ccdc02c81a11,b87f62b9bc031c3dc1d0801e3a6e9532f8bfe50546e6b6030bb835c2b8e68af2,6.757,13.204,False
800,EE-648,exclude,include,"The paper describes the use of a robotic-arm-based force control system in neurosurgical practice, employing reinforcement learning (Deep Deterministic Policy Gradient) to autonomously optimize force control during surgery. This involves an autonomous or semi-autonomous robotic component that controls a physical robot to execute a surgical action, meeting the inclusion criteria for autonomous or semi-autonomous surgical robotics. The study is peer-reviewed, involves a physical surgical task (neurosurgery), and is within the specified specialty scope (neurosurgery).",include,"The paper describes the use of a robotic-arm-based force control system in neurosurgical practice, employing reinforcement learning (Deep Deterministic Policy Gradient) to autonomously optimize force control during surgery. This involves an autonomous or semi-autonomous robotic component that controls a physical robot to execute a surgical action, meeting the inclusion criteria for autonomous or semi-autonomous surgical robotics. The study is peer-reviewed, involves a physical surgical task (neurosurgery), and is within the specified specialty scope (neurosurgery).",False,IN,exclude,"The abstract describes a reinforcement learning agent optimizing force control for a robotic arm *during* neurosurgical practice, but does not explicitly state the robot *executes* any surgical action autonomously. It focuses on determining optimal control parameters (arm speed, force) rather than the robot independently performing a surgical task. The work appears to be focused on control algorithm development, not autonomous surgical execution. Additionally, the specialty is neurosurgery, which is excluded.",FLAGGED,False,False,False,False,a8e1b14d42d09fcaa516843df8768677ca9a66e1e04032a237f3a48ba543a3d0,2844772124a0cbedfbbb4fc686b678a21cbfdc7d0fa3fe4b446e8a1953ffa935,6.586,11.149,False
435,EE-283,exclude,include,"The paper describes a semi-autonomous robotic system used in a bench-top study for image-guided brain tumour resection, which involves a physical surgical task (neurosurgery) and an autonomous/semi-autonomous robotic component. It meets the inclusion criteria for involving a physical surgical task and a robotic system with autonomy.",include,"The paper describes a semi-autonomous robotic system used in a bench-top study for image-guided brain tumour resection, which involves a physical surgical task (neurosurgery) and an autonomous/semi-autonomous robotic component. It meets the inclusion criteria for semi-autonomous surgical robotics in a preclinical setting.",False,IN,exclude,"The abstract describes a 'semi-automated' setup, but the context is neurosurgery, which is an excluded specialty. While the paper involves a physical task, the specialty exclusion overrides inclusion criteria. The abstract does not provide enough detail to confirm a generalizable autonomous task beyond the neurosurgical context.",FLAGGED,False,False,False,False,9946f35d27b7f42e893601cb97282a98a3217ac8ab1df915c4f83f5691a4167e,1bb46fb877e22bbf7e19482472f27995f95c294325850bb3ea8d7f172309d1b8,4.686,8.341,False
404,EE-252,exclude,include,"The paper describes an autonomous robotic system performing a surgical task (neurosurgical biopsy) on a vegetable model, with precise navigation and target accuracy. The system autonomously registers and navigates to the target, demonstrating autonomous behavior in a surgical context. It involves a physical robotic component executing a surgical action, meeting the inclusion criteria for autonomous or semi-autonomous surgical robotics.",include,"The paper describes an autonomous robotic system performing a surgical task (neurosurgical biopsy) on a vegetable model, with precise registration and navigation to a target. The system autonomously controls the robot to execute the task, meeting the criteria for autonomous surgical robotics. The study involves a physical surgical task and includes accuracy metrics.",False,IN,exclude,"While the abstract mentions 'autonomous' registration and neuronavigation, the surgical task is performed on a vegetable (carrot) and the focus is on registration/navigation accuracy, not the execution of a surgical action *by* the robot itself. The robot autonomously *registers* and *navigates*, but doesn't perform a surgical task like cutting, suturing, or ablation. This falls outside the inclusion criteria requiring the robot to control or direct a physical robot to execute a surgical action. Additionally, the specialty is neurosurgery, which is excluded.",FLAGGED,False,False,False,False,169f130fba685c43c4f10f71650fee5f3145b8136b41a68c044d0a589f38a7d1,c87e17193e293aef4b16a8afe53e9aeaeb053ae54bd12c2f5342d4b1466f440c,4.981,13.247,False
280,EE-128,exclude,include,"The paper describes a robot-assisted ophthalmic surgery system that performs autonomous retinal puncture guided by force feedback. This involves a physical surgical task (subretinal injection) on an ex vivo model (porcine eyes), and the robotic system controls the execution of the surgical action. The system is partially automated, which aligns with the inclusion criteria for semi-autonomous surgical robotics. The study compares robot-assisted injections to manual injections, meeting the comparator requirement. The outcomes include task accuracy, safety events, and performance metrics, which are relevant to the review focus.",include,"The paper describes a robot-assisted ophthalmic surgery system that performs autonomous retinal puncture guided by force feedback. This involves a physical surgical task (subretinal injection) on an ex vivo model (porcine eyes), and the robotic system controls the execution of the surgical action. The system is partially automated, which aligns with the inclusion criteria for semi-autonomous surgical robotics. The study compares robot-assisted injections to manual injections, meeting the comparator requirement. The outcomes include task accuracy, safety events, and performance metrics, which are relevant to the review focus.",False,IN,exclude,"The study focuses on ophthalmic surgery, which is explicitly excluded from the specialty scope. While the abstract describes a semi-autonomous component for retinal puncture, the overall surgical specialty falls outside the inclusion criteria.",FLAGGED,False,False,False,False,b5bd0f077ea011ece6a8e4f685153996a4f4034cd2d7c71abf4e6538eaa1c675,fd0a0f3cf01883026d7b3db1bd8ae42bdaa7f1c07789484c94985c63c2a825a3,7.472,6.982,False
333,EE-181,exclude,include,"The paper describes an autonomous needle navigation system for subretinal injections, which involves a robotic component that controls the execution of a physical surgical task (needle insertion). The system uses iOCT for depth information and integrates CNN and MPC for real-time planning and tracking, demonstrating autonomous behavior. The task is performed on a silicone eye phantom and ex vivo porcine eyes, meeting the inclusion criteria for physical surgical tasks. The system is not purely teleoperated or manual, and it aligns with the focus on autonomous or semi-autonomous surgical robotics.",include,"The paper describes an autonomous needle navigation system for subretinal injections, which is a surgical task. The system uses robotic components to control the needle navigation, incorporating real-time model predictive control and CNN-based localization. The task is performed on a silicone eye phantom and ex vivo porcine eyes, which are valid physical surgical models. The system achieves autonomy in executing the surgical task, meeting the inclusion criteria for autonomous or semi-autonomous surgical robotics.",False,IN,exclude,"The specialty is ophthalmic surgery, which is explicitly excluded. While the abstract describes autonomous needle navigation, the procedure is specific to ophthalmic/retinal injections and therefore falls under the exclusion criteria.",FLAGGED,False,False,False,False,3f083fff583d3b4ca95d6a35c5197aa7a5c832d70816c6bafc61ff704193f0e7,0d66bf6f78b077ecca6bf70c35ca7f3caaff9f7816272fbfe57d8407897c695a,6.629,6.95,False
650,EE-498,exclude,include,"The paper describes the use of a data-driven model and model predictive controller to guide robot needle insertion in a surgical task (DALK), which is a surgical procedure. The robotic system is used to perform a physical surgical task with autonomous control, as it directly controls the needle insertion process. The study involves an ex vivo model, which meets the inclusion criteria for physical surgical tasks. The system is not purely teleoperated or manual, and it demonstrates autonomous behavior in executing the surgical action.",include,"The paper describes the use of a data-driven model and model predictive controller to guide robot needle insertion in a surgical task (DALK), which is a surgical procedure. The robotic system is used to perform a physical surgical task with autonomous control, as it is not merely teleoperated. The study involves an ex vivo model, which is acceptable under the inclusion criteria. The system controls the robot to execute a surgical action, meeting the criteria for autonomous or semi-autonomous surgical robotics.",False,IN,exclude,"The paper describes a robotic system controlling needle insertion, but the specialty (ophthalmic surgery) is explicitly excluded. While the task itself (needle insertion) *could* be generalizable, the context is specifically within DALK, a corneal procedure, making it fall under the excluded ophthalmic surgery specialty.",FLAGGED,False,False,False,False,ff9857600a5628a964171845adb2641edfecc2298df5f0edcff8a4dbd17182d2,78687078d127adc462176d66557f3f8c9dc4bf0fc15feb3a4c890ca86273a7e9,6.424,8.778,False
325,EE-173,exclude,include,"The paper describes an entirely robotic cochlear implant surgery system that performs electrode insertion, which is a physical surgical task. The system is described as an 'entirely robotic automation' and involves a dedicated motorized device for automated electrode insertion, indicating autonomous or semi-autonomous robotic control. The task is performed in a clinical context (first clinical case), and the paper involves a physical surgical action on tissue (inner ear). The paper meets the inclusion criteria for autonomous or semi-autonomous surgical robotics.",include,"The paper describes an entirely robotic cochlear implant surgery system that performs electrode insertion, which is a physical surgical task. The system is described as an 'entirely robotic automation' and involves a dedicated motorized device for automated electrode insertion, indicating a level of autonomy in executing a surgical action. This aligns with the inclusion criteria for autonomous or semi-autonomous surgical robotics performing physical surgical tasks.",False,IN,exclude,"The paper describes a robotic *assistance* with electrode insertion, but the abstract does not indicate any autonomous or semi-autonomous decision-making by the robot. It appears to be a motorized device used under direct human control, fitting the definition of a purely teleoperated system. The robot performs a task, but doesn't *control* or *direct* the surgical action independently. Additionally, the procedure is ophthalmic surgery, which is explicitly excluded.",FLAGGED,False,False,False,False,a9f6411c2feea60a8c4727cbb6e2c4a2d612adad57e858f58cff118096e10b41,0959b03812a17c9808e34255fe835cab65397d490c30a194121e94b85091cf1d,6.1,11.423,False
426,EE-274,exclude,include,"The paper describes a semi-automated intraocular robotic system (IRISS) that integrates OCT for automated lens extraction with real-time supervision by surgeons. The system performs physical surgical tasks (lens extraction) on in-vivo models (postmortem pig eyes) and involves autonomous or semi-autonomous robotic control of a physical robot to execute a surgical action. The intervention aligns with the semi-autonomous level of autonomy (Level 2 or 3 per Yang et al. taxonomy), as the system performs automated procedures with real-time supervision and override capability by the surgeon. The task involves a physical surgical action (lens extraction) and meets the inclusion criteria for ophthalmic surgery (which is excluded as a specialty, but the task is not specialty-specific and is generalizable).",include,The paper describes a semi-automated robotic system (IRISS) that integrates OCT for automated lens extraction with real-time supervision by surgeons. The system performs physical surgical tasks (lens removal) on in-vivo models (postmortem pig eyes) and involves autonomous/semi-autonomous robotic control of a physical robot to execute a surgical action. It meets the inclusion criteria for semi-autonomous surgical robotics.,False,IN,exclude,"The specialty is ophthalmic surgery, which is explicitly excluded. While the abstract describes a semi-automated system, the exclusion criteria specifically exclude ophthalmic surgery.",FLAGGED,False,False,False,False,2afc7e3f92258f8c1ebfe69f0a781a5877f36726a140aa43255960add9fb76b0,ebf6d8b423c9a78cde2c5a9933967565102d5acd26706a5ce344005da96efb77,7.618,6.169,False
596,EE-444,exclude,include,"The paper describes an autonomous cornea suturing robotic system that performs physical surgical tasks (suturing) on tissue (cornea) and involves an autonomous robotic component that controls the execution of the surgical action. It specifically mentions quantifying cornea-instrument-robot interaction and demonstrates the feasibility of autonomous corneal suturing, meeting the inclusion criteria for autonomous or semi-autonomous surgical robotics.",include,"The paper describes an autonomous cornea suturing robotic system that performs physical surgical tasks (suturing) on tissue (cornea) and involves an autonomous robotic component that controls the execution of the surgical action. It specifically mentions quantifying cornea-instrument-robot interaction and demonstrates the feasibility of autonomous corneal suturing, meeting the inclusion criteria for autonomous or semi-autonomous surgical robotics.",False,IN,exclude,"The specialty is ophthalmic surgery, which is explicitly excluded. While the abstract describes autonomous corneal suturing, the specialty exclusion overrides inclusion criteria.",FLAGGED,False,False,False,False,9a73aa93cd060244012236a5a060cef3e41bfdd08923a0dc460b835d74793833,03ea249d4ef729f6b9198e9a5e29fa8b1e612b5014fd3645ef1a1eb7d3548430,5.545,5.942,False
341,EE-189,exclude,include,"The paper describes an autonomous robotic navigation system for subretinal injection, which involves a physical surgical task (subretinal injection) and an autonomous robotic component that controls the robotic system to execute the surgical action. The system uses intelligent real-time processing of iOCT data for navigation, which aligns with the criteria for autonomous surgical robotics. The task is performed on ex-vivo porcine eyes, which qualifies as a physical surgical task. The paper is peer-reviewed and published between 2010 and 2025.",include,"The paper describes an autonomous robotic navigation system for subretinal injection, which involves a physical surgical task (subretinal injection) and an autonomous robotic component that controls the robotic system to execute a surgical action. The system uses intelligent real-time processing of iOCT volumes for trajectory planning and instrument pose estimation, demonstrating autonomy in the surgical task. The study involves ex-vivo porcine eyes, which qualifies as a physical surgical task. The paper is peer-reviewed and published between 2010 and 2025.",False,IN,exclude,"The paper focuses on ophthalmic surgery, which is explicitly excluded in the specialty scope. While the abstract describes autonomous navigation, the surgical specialty falls outside the inclusion criteria.",FLAGGED,False,False,False,False,78bb8aaf150cf4cf6b9887648ac1d13bb64eb45efbf36548c08712057547918b,b963d926128a6166290607dcf3573dd523d37c55221524c960dbbcfe8a9acd02,7.071,6.363,False
705,EE-553,exclude,exclude,"The paper describes a semi-autonomous surgical robot for human retina surgery, which falls under ophthalmic surgery, a specialty explicitly excluded in the criteria. Additionally, the abstract does not provide sufficient detail to confirm that the system involves a physical surgical task performed on tissue, phantoms, or in-vivo models with autonomous or semi-autonomous robotic control.",exclude,"The paper describes a semi-autonomous surgical robot for human retina surgery, which falls under ophthalmic surgery, a specialty explicitly excluded in the criteria. Additionally, the abstract does not provide sufficient detail to confirm that the system involves a physical surgical task performed on tissue, phantoms, or in-vivo models with autonomous or semi-autonomous robotic control.",False,OUT,,,OUT,False,False,False,False,f45fc74aa9b12e248d5a77dcd979cedef1cd8fddccbfa1ccbf5d8f601a715f73,,5.052,,False
309,EE-157,exclude,include,"The paper describes an autonomous robotic system for retinal microsurgery, specifically for subretinal injection. The system autonomously navigates a needle in real-time using RGB-D imaging and integrates convolutional neural networks and model predictive control to ensure safe and precise task execution. This aligns with the inclusion criteria for autonomous or semi-autonomous surgical robotics performing physical surgical tasks on tissue, with a focus on task accuracy and safety. The study involves a physical surgical task (subretinal injection on pig eyes) and includes metrics such as task accuracy and safety events.",include,"The paper describes an autonomous robotic system for retinal microsurgery, specifically for subretinal injection. The system autonomously navigates a needle in real-time using RGB-D imaging and integrates convolutional neural networks and model predictive control to ensure safe and precise task execution. This aligns with the inclusion criteria for autonomous or semi-autonomous surgical robotics performing physical surgical tasks on tissue, with the system controlling the robot to execute a surgical action. The task is performed on pig eyes, which qualifies as an in-vivo model. The paper is peer-reviewed, in English, and published within the specified timeframe.",False,IN,exclude,"The paper focuses on retinal microsurgery, which is explicitly excluded by the specialty scope. While the abstract describes autonomous needle navigation, the surgical specialty falls outside the inclusion criteria.",FLAGGED,False,False,False,False,2de49775dce6fbc9b6f8daff02ce0528b1615aa31b837a5250d368b344e89fb7,87dc4a3709e3433efb20df81425f4f3df863f547215ad92004edccbd8bbf279f,7.425,6.491,False
730,EE-578,exclude,include,"The paper describes a vitreoretinal surgical robot that autonomously detects the height of the robotic tool tip using shadow projection, which is used for autonomous positioning in the depth direction. This involves an autonomous robotic component that controls or directs a physical robot to execute a surgical action (peeling of ILM and cannulation). The task is a physical surgical task performed on a biological tissue (eye), and the paper meets the inclusion criteria for autonomous or semi-autonomous surgical robotics.",include,"The paper describes a vitreoretinal surgical robot that autonomously detects the height of the robotic tool tip using shadow projection, which is used for autonomous positioning in the depth direction. This involves an autonomous robotic component that controls or directs a physical robot to execute a surgical action, meeting the inclusion criteria for autonomous or semi-autonomous surgical robotics.",False,IN,exclude,"The paper focuses on ophthalmic surgery, which is explicitly excluded from the specialty scope. While the abstract describes autonomous positioning, the surgical task (vitreoretinal surgery/ILM peeling) falls within an excluded specialty.",FLAGGED,False,False,False,False,2813bc2cca54d22b88baef924e0a211ee907c92814e0914270416888490fa435,ee24cbe03765a8d629b5d70b2b9dd54e01e354493b7e849bb3b61fee9c452f18,5.678,7.238,False
785,EE-633,exclude,include,"The paper describes a robot used for bone drilling in orthopedic trauma surgery, with autonomous control features such as automatic stop based on cortex recognition and predefined channel depth drilling. These features align with autonomous or semi-autonomous surgical robotics as defined in the inclusion criteria.",include,"The paper describes a robot used for bone drilling in orthopedic trauma surgery, with autonomous control features such as automatic stop based on cortex recognition and predefined channel depth drilling. These features align with autonomous or semi-autonomous surgical robotics as defined in the inclusion criteria.",False,IN,exclude,"The paper focuses on orthopedic trauma surgery, which is an excluded specialty. While the robot performs bone drilling, the abstract emphasizes that the robot follows parameters *defined by the surgeon*. This suggests a high degree of human control and lacks evidence of true autonomous or semi-autonomous behavior beyond pre-programmed execution of surgeon-defined parameters. It appears to be a sophisticated teleoperated system rather than one with independent decision-making capabilities.",FLAGGED,False,False,False,False,541e5b03844dfadddbf15b13f57507f3159f9a76188b67e223212f34dfb7b2e7,797b0bc01cc5e151e6c9caae4a3214c9b4e043110ce65d034bebdd81f3a313f4,4.174,10.832,False
684,EE-532,exclude,include,"The paper describes an autonomous robotic system for spinal osteotomy, which involves a physical surgical task (bone removal and shaping) on a 3D-printed vertebrae phantom. The system autonomously controls the robotic milling process, which aligns with the inclusion criteria for autonomous or semi-autonomous surgical robotics. The system's accuracy is evaluated, which is relevant to the outcomes of interest.",include,"The paper describes an autonomous robotic system for spinal osteotomy, which involves a physical surgical task (bone removal and shaping) on a 3D-printed vertebrae phantom. The system autonomously controls the robotic milling process, which aligns with the inclusion criteria for autonomous or semi-autonomous surgical robotics. The system is not purely teleoperated or manual, and it performs a surgical task in a preclinical context.",False,IN,exclude,"The study focuses on robotic spine surgery (orthopedic surgery), which is an excluded specialty. While the system automates osteotomy, the specialty context triggers exclusion based on the defined scope. Although bench/preclinical autonomy is included, this study is not presented as a generalizable autonomous task but specifically within the orthopedic context of spine surgery.",FLAGGED,False,False,False,False,266f202d9966e155710f7b76d4746a42e88293b666e8231b9109b570dc196fbe,d032366dfc7db154bc2b7e51d32fa7e58b424631a025c9ef931901517c1795db,5.705,9.402,False
782,EE-630,exclude,include,"The paper describes a fully automated active robotic system used in robotic assisted total knee arthroplasty (RA-TKA), which involves a physical surgical task (knee arthroplasty) and an autonomous robotic component that controls the execution of the surgical action (bone milling with a high-speed burr). The system is not purely teleoperated or manual, and the study evaluates the safety and efficacy of the autonomous robotic system in a clinical setting. The intervention aligns with the inclusion criteria for autonomous surgical robotics.",include,"The paper describes a fully automated active robotic system used in robotic assisted total knee arthroplasty (RA-TKA), which involves a physical surgical task (knee arthroplasty) and an autonomous robotic component that controls the execution of the surgical action (bone milling with a high-speed burr). The system is not purely teleoperated or manual, and the study evaluates the safety and efficacy of the autonomous robotic system in a clinical setting.",False,IN,exclude,"The paper describes a 'fully automated active robotic system' performing bone milling in TKA. However, the abstract focuses on the *results* of the automation (accuracy, safety) rather than *how* the autonomy is achieved. It appears the system performs pre-planned milling based on a surgical plan, which is a form of semi-autonomy, but the description is insufficient to confirm this. Given the specialty is orthopedic surgery, and the description lacks detail about the autonomous decision-making process, it's likely a highly guided system and potentially falls into the 'purely teleoperated' category with pre-planned movements. Insufficient evidence of true autonomy.",FLAGGED,False,False,False,False,77106bfc28e4e157a5f2c7039f56bcaf046bc7ea8a392e763c703b7dd0e39929,5051a75baa624cf55d9c5bd21d1fda2518981ecf758763b819bceead117b10ae,6.597,15.335,False
403,EE-251,exclude,include,"The paper describes a semi-autonomous robotic guidance system for spine surgery, where the robot autonomously aligns with the planned screw trajectory. This involves an autonomous or semi-autonomous robotic component that controls or directs a physical robot to execute a surgical action, meeting the inclusion criteria for surgical robotics. The study involves a physical surgical task (pedicle screw placement) on cadavers, and the robotic system is integrated into the surgical workflow.",include,"The paper describes a semi-autonomous robotic guidance system for spine surgery, where the robot autonomously aligns with the planned screw trajectory. This involves an autonomous or semi-autonomous robotic component that controls or directs a physical robot to execute a surgical action, meeting the inclusion criteria for surgical robotics. The study involves a physical surgical task (pedicle screw placement) on cadavers, and the robotic system is integrated into the surgical workflow.",False,IN,exclude,"The study focuses on spine surgery, which is an excluded specialty. While the robot assists with pedicle screw placement, the surgeon still *inserts* the needle. The robot autonomously aligns, but does not complete the surgical action of insertion. This constitutes a semi-autonomous system, but falls within an excluded specialty and does not meet the criteria for full inclusion.",FLAGGED,False,False,False,False,4dc30d96d2ef943498045eb97e09a43754574045783f9bdf4cf69b5e1f32dcab,0153519bcbedb34d75e9a194b0a7777b7cc2af88b245d52c5237b54f91370a7b,5.952,9.961,False
795,EE-643,exclude,include,"The paper describes a handheld robot designed for bone drilling assistance, which involves an autonomous or semi-autonomous robotic component that controls or directs a physical robot to execute a surgical action. The robot uses a coordinated controller and force sensors to assist the surgeon, demonstrating a level of autonomy in guiding the drilling process. The task involves a physical surgical action (bone drilling) and meets the inclusion criteria for autonomous or semi-autonomous surgical robotics.",include,"The paper describes a handheld robot designed for bone drilling assistance, which involves an autonomous or semi-autonomous robotic component that controls or directs a physical robot to execute a surgical action. The robot uses a coordinated controller and force sensors to assist the surgeon, demonstrating a level of autonomy in guiding the drilling process. The task involves a physical surgical action (bone drilling) and meets the inclusion criteria for autonomous or semi-autonomous surgical robotics.",False,IN,exclude,"While the abstract describes a robotic *assistance* system, it is fundamentally a handheld robot guided by the surgeon. The robot follows the surgeon's motion and provides compensation, but does not independently plan or execute any part of the bone drilling procedure. This is a teleoperated system with an assistive component, not an autonomous or semi-autonomous one. It fails test #2.",FLAGGED,False,False,False,False,2b443110685c8b04b86dfff280546e81bdef67c402456c43a74fe8115f8a40f7,b5f3c63ce798671b0d7245d24d91fbb53b38e3a77ff97e0d9918a43e09204e30,5.882,9.994,False
655,EE-503,exclude,include,"The paper describes the use of a robotic surgical system in total knee arthroplasty, specifically mentioning the implementation of kinematic alignment with high accuracy. The robotic system is used to perform bone resection and implant installation according to a preoperative plan, indicating the involvement of an autonomous or semi-autonomous robotic component in executing a physical surgical task. The study involves a physical surgical task (TKA) and meets the inclusion criteria for surgical robotics.",include,"The paper describes the use of a robotic surgical system in total knee arthroplasty, specifically mentioning the implementation of kinematic alignment with high accuracy. The robotic system is used to perform bone resection and implant installation according to a preoperative plan, indicating the involvement of an autonomous or semi-autonomous robotic component in executing a physical surgical task. The study meets the inclusion criteria by involving a physical surgical task (TKA) and an autonomous robotic system.",False,IN,exclude,"The abstract describes a robotic system used to *assist* in total knee arthroplasty, but does not indicate any autonomous or semi-autonomous behavior. The system executes bone resection *with high accuracy* based on a preoperative plan, but this is achieved through precise control, not independent decision-making. It appears to be a highly accurate teleoperated system, and thus fails the criteria for autonomous/semi-autonomous control. It is a case series reporting on a surgical technique facilitated by a robot, not a study evaluating autonomous capabilities.",FLAGGED,False,False,False,False,092c9cdc41678c8ec79f021614bee56334443ea5d6d7740ab9740e603d667b46,74cfa5ed0743ee6e67148be94d593c2ce0c4a3f2f0bfe25ee64beab677872c7e,6.256,13.28,False
736,EE-584,exclude,include,"The paper describes an orthopedic surgical robot with sensing capabilities for bone drilling, which is a physical surgical task. The system provides feedback on lateral forces and skidding during surgery, which is relevant to autonomous or semi-autonomous robotic systems. The paper involves a robotic component that controls or directs a physical robot to execute a surgical action, meeting the inclusion criteria.",include,"The paper describes an orthopedic surgical robot with sensing capabilities for bone drilling, which is a physical surgical task. The system provides feedback on lateral forces and skidding during surgery, which is relevant to autonomous or semi-autonomous robotic systems. The paper involves a robotic component that controls or directs a physical robot to execute a surgical action, meeting the inclusion criteria.",False,IN,exclude,"While the abstract mentions paving the way for *future* autonomous bone drilling, the paper itself describes a sensing system to *detect* skidding, not a system that performs autonomous drilling. The robot is used for drilling, but the control is not described as autonomous or semi-autonomous; it's a sensing enhancement for a robot-assisted procedure. This fails test #1 and #2.",FLAGGED,False,False,False,False,2cf1c48694a661c2c0c231214fab92b55a6ea243b04cd9abdf960923e0bef4f2,c5b8ef89354241aa5d3eabe201b844b9ba3d5b2a6bc972f1b72633cf92598b82,5.259,10.369,False
641,EE-489,exclude,include,"The paper describes an autonomous or semi-autonomous robotic system for pedicle screw implantation in orthopedic surgery. It involves a robotic system that uses imitation learning and constraint optimization to perform surgical tasks, with the robot controlling the motion planning and execution of the surgical procedure. The system is designed to reduce reliance on the surgeon for certain aspects of the task, indicating a level of autonomy. The paper meets the inclusion criteria by involving a physical surgical task (pedicle screw implantation) and an autonomous/semi-autonomous robotic component that controls the robot to execute the surgical action.",include,"The paper describes an autonomous or semi-autonomous robotic system for pedicle screw implantation in orthopedic surgery. It involves a robotic system that uses imitation learning and constraint optimization to perform surgical tasks, with the robot controlling the motion planning and execution of the surgical procedure. The system is designed to reduce reliance on the surgeon for certain aspects of the task, indicating a level of autonomy. The paper meets the inclusion criteria by involving a physical surgical task (pedicle screw implantation) and an autonomous/semi-autonomous robotic component that controls the robot to execute the surgical action.",False,IN,exclude,"The paper focuses on orthopedic surgery, which is an excluded specialty according to the guidelines. While the abstract describes semi-autonomous features (imitation learning and constrained optimization for pose alignment and drilling), the specialty exclusion overrides this. The instructions state to exclude orthopedic surgery papers unless they describe a *generalizable* autonomous task, and this appears to be specific to pedicle screw implantation.",FLAGGED,False,False,False,False,36d022eef27067ee85d90f0b75a0d44a33d6d85cca003ebb8269e8745438c964,1795e98816f275b6ce5bc67a0293e4f5fc3b9aa6165e3da42196bde820178562,7.762,10.708,False
270,EE-118,exclude,include,"The title and abstract suggest a comparison between autonomous robotic surgery and dynamic navigation in implant placement, which aligns with the focus on autonomous or semi-autonomous surgical robotics. The study involves a physical surgical task (implant placement) and includes a robotic component, meeting the inclusion criteria.",include,"The paper compares autonomous robotic surgery with dynamic navigation in implant placement, which suggests the use of an autonomous or semi-autonomous robotic system. The title and abstract imply a direct comparison involving robotic systems performing physical surgical tasks, meeting the inclusion criteria for autonomous or semi-autonomous surgical robotics.",False,IN,exclude,"The abstract describes a randomized controlled trial comparing autonomous robotic surgery to dynamic navigation for implant placement. While it mentions 'autonomous robotic surgery', the context suggests this is related to implant placement, which falls under orthopedic surgery – an excluded specialty. The specialty exclusion criteria state that orthopedic surgery papers are excluded when the autonomous task is specialty-specific. Implant placement is a specialty-specific task.",FLAGGED,False,False,False,False,8a7602532512f45f16a31a939c079b08eddc732500448a09bf3fa4d81fbdb44e,2e44d766386a916304a6cad77eb7811f525371c3ac0ccfb60c3a5fe3e17cdd41,4.314,9.85,False
278,EE-126,exclude,include,"The paper discusses robotic-assisted total knee arthroplasty (RATKA) and mentions specific robotic systems such as the CUVIS Joint Robot, ROSA, and CORI Knee platform, which are described as having autonomous or surgeon-guided capabilities. These systems are used in orthopedic surgery, which is within the included specialty scope. The paper also references autonomous capabilities and precision, aligning with the inclusion criteria for autonomous or semi-autonomous surgical robotics.",include,"The paper discusses robotic-assisted total knee arthroplasty (RATKA) and mentions specific robotic platforms such as the CUVIS Joint Robot, ROSA, and CORI Knee platform, which are described as having autonomous or surgeon-guided capabilities. These systems are used in orthopedic surgery, which is within the included specialty scope. The paper also references autonomous capabilities and precision, aligning with the inclusion criteria for autonomous or semi-autonomous surgical robotics.",False,IN,exclude,"The abstract describes robotic-assisted total knee arthroplasty (RATKA), but focuses on surgeon-guided systems (ROSA, CORI) and a fully autonomous system (CUVIS). However, the primary focus is a *review* of existing technologies and their impact, not original research demonstrating or evaluating autonomous/semi-autonomous behavior. It fails test #4 (original research). While it mentions autonomous capabilities, it doesn't present new research *involving* those capabilities.",FLAGGED,False,False,False,False,4d82e34423008ebb0e8b6251b172dfcf3a9f9d5ae974532aa714b9b2fcd64db9,d14f7f1d9b65eaefb442f74f4234673f51b948d97cb0210ef0fda572aff69af6,6.381,12.162,False
18,EE-010,exclude,include,"The paper discusses the use of spatio-temporal U-Nets for tissue segmentation in surgical robotics, which is a key component for enabling autonomous or semi-autonomous surgical systems. The study focuses on improving segmentation accuracy for endoscopic images, which is essential for autonomous robotic tasks such as tissue retraction, ablation, suturing, and debridement. The work is directly relevant to autonomous surgical robotics as it addresses a critical perception task required for autonomous systems.",include,"The paper discusses the use of spatio-temporal U-Nets for tissue segmentation in surgical robotics, which is a key component for enabling autonomous or semi-autonomous surgical systems. The study focuses on improving segmentation accuracy for soft tissues in endoscopic images, which is essential for autonomous surgical tasks such as retraction, ablation, suturing, and debridement. The work is directly relevant to the inclusion criteria as it involves an autonomous or semi-autonomous robotic component that controls or directs a physical robot to execute a surgical action. The paper is peer-reviewed, in English, and within the publication date range.",False,IN,exclude,"The abstract focuses on tissue segmentation using machine learning for improved accuracy, but does not describe a robot executing surgical actions. It details a methodology for analyzing surgical video data, rather than controlling a robot to perform a task. Therefore, it fails test #1 and #2.",FLAGGED,False,False,False,False,e0639ed9bd348167c08475252bcc892cc8a5011faba4d942d9c9968145f2c879,7b5692395a3dff6b5fc4afdc32b5e68ba6341e0218f4c18d6cd01626a1c76a34,7.007,8.211,False
613,EE-461,exclude,include,"The paper describes an automated microforceps designed for epiretinal membrane peeling, which is a surgical task. The device includes an adaptive clamping method and sensor calibration, indicating autonomous or semi-autonomous control. The system is intended for use in a physical surgical task (retinal microsurgery), meeting the inclusion criteria for autonomous or semi-autonomous surgical robotics.",include,"The paper describes an automated microforceps designed for epiretinal membrane peeling, which is a surgical task. The device includes an adaptive clamping method and sensor calibration, indicating autonomous or semi-autonomous control. The system is intended for use in a physical surgical task (retinal microsurgery), meeting the inclusion criteria for autonomous or semi-autonomous surgical robotics.",False,IN,exclude,"The abstract describes a robotic microforceps, but focuses on the design and calibration of the device and an adaptive clamping *method*. While the device is 'automated', the abstract does not demonstrate or evaluate any autonomous or semi-autonomous *surgical task execution*. It details the mechanics and control of the forceps itself, not the robot performing a surgical action independently. It appears to be a device development paper, not a study of autonomous surgery. Fails test 1 and 2.",FLAGGED,False,False,False,False,28654dca7167b5f68dfd27244bf88fcea213e7429c9227cf70b134f38a83653c,8a23b7970e8d85bf2dba34a4689b82423ea2067942b3fa0af752f5393ea34311,5.4,11.959,False
382,EE-230,exclude,exclude,"The paper describes a soft robot for peripheral lung cancer diagnosis and therapy, but it does not involve autonomous or semi-autonomous surgical robotics performing physical surgical tasks on tissue, phantoms, or in-vivo models. The robot is used for diagnostic and interventional capabilities with a focus on navigation and alignment, but it does not execute surgical tasks or demonstrate autonomy in the context of surgical robotics as defined by the inclusion criteria.",exclude,"The paper describes a soft robot for peripheral lung cancer diagnosis and therapy, but it does not involve autonomous or semi-autonomous surgical robotics performing physical surgical tasks on tissue, phantoms, or in-vivo models. The robot is used for diagnostic and interventional capabilities with vision sensing and is controlled by a clinician via a graphical user interface, indicating it is not autonomous or semi-autonomous in the context of surgical robotics.",False,OUT,,,OUT,False,False,False,False,22eb7564492a12a493e729b06bf9d18f2cff7e3386d6cdda1b58479842ac30fb,,5.86,,False
579,EE-427,include,include,"The paper describes a novel forecasting kinematic algorithm for autonomously navigating a laparoscopic minimally invasive surgical robotic system (LMISRS). The algorithm enables the visual window to automatically track the movement of mark points on instrument arms, reducing the need for manual switching between master-slave controls. This indicates the presence of an autonomous or semi-autonomous robotic component that controls or directs the physical robot to execute a surgical action. The system is applied in a surgical context (laparoscopic surgery), and the algorithm is designed to improve task performance through autonomous navigation. The paper meets the inclusion criteria for involving autonomous or semi-autonomous surgical robotics.",include,"The paper describes a novel forecasting kinematic algorithm for autonomously navigating a laparoscopic minimally invasive surgical robotic system (LMISRS). The algorithm enables the visual window to automatically track the movement of mark points on instrument arms, reducing the need for manual switching between master-slave controls. This indicates the presence of an autonomous or semi-autonomous robotic component that controls or directs the physical robot to execute a surgical action. The system is applied in a surgical context (laparoscopic surgery), and the algorithm is designed to improve task performance through autonomous navigation. The paper meets the inclusion criteria for involving autonomous or semi-autonomous surgical robotics.",False,IN,exclude,"While the abstract mentions 'autonomous navigation', the described system appears to automate camera control (visual window tracking) rather than directly controlling surgical instruments to perform a surgical task on tissue. The robot is not executing a surgical action autonomously; it's adjusting the camera view based on instrument movement. This falls under assistance rather than autonomous surgery as defined by the inclusion criteria. The study focuses on a forecasting kinematic algorithm for visual window control, not on autonomous tissue manipulation.",FLAGGED,False,False,False,False,031bf011ee92b6c429060853660f2b0abf3f3319e07aebdc866d8e5aa36c07cd,67780786cef0fb3df9183378a47ddf41305cde421be7e3523f342f20ab4b5498,8.0,11.488,False
583,EE-431,include,include,"The paper describes a system that includes autonomous tasks such as cutting and needle-insertion performed by robotic actuators. It also mentions the use of a supervision system that integrates optical tracking and simulation for autonomous task execution, meeting the criteria for autonomous or semi-autonomous surgical robotics.",include,"The paper describes a system that includes autonomous tasks such as cutting and needle-insertion performed by robotic actuators, which meet the inclusion criteria for autonomous or semi-autonomous surgical robotics. The system also includes a supervision component that integrates with the robotic setup, indicating a level of autonomy in task execution.",False,IN,exclude,"While the abstract mentions 'autonomous tasks, e.g. cutting or needle-insertion', the primary focus appears to be a *supervision system* for a telemanipulated setup. The description emphasizes telemanipulation with virtual fixtures to *guide* the surgeon, and the autonomous capabilities seem secondary or illustrative. The system is described as being *able* to perform autonomous tasks, but the paper seems to focus on the telemanipulation aspects and how the supervision system enhances that, rather than demonstrating or evaluating the autonomous behavior itself. This leans towards a system that *can* do autonomy, but isn't primarily *about* autonomous surgery. Therefore, it doesn't clearly meet the inclusion criteria requiring a demonstrated autonomous or semi-autonomous component controlling surgical action.",FLAGGED,False,False,False,False,b75d26acb248fc0408cbec39b94e25559be3a8b0d7237307bf0d4e292a545ae3,f2e4f96f3f62575dbf8d922ab35a5b28a211111bc980e4a7f8bcc7929ee9f5dc,4.335,16.765,False
344,EE-192,exclude,include,"The paper mentions 'autonomous robotic computer-assisted implant surgery methods' which suggests the use of autonomous or semi-autonomous robotic systems in surgical tasks. The title and abstract imply a comparison between different CAIS technologies, which aligns with the inclusion criteria for autonomous or semi-autonomous surgical robotics. The study involves implant placement, which is a physical surgical task, and the focus on accuracy and outcomes fits the review's outcomes criteria.",include,"The paper mentions 'autonomous robotic computer-assisted implant surgery methods' which suggests the use of autonomous or semi-autonomous robotic systems in surgical tasks. The title and abstract imply a comparison between different CAIS technologies, which aligns with the inclusion criteria for autonomous or semi-autonomous surgical robotics. The study involves implant placement, which is a physical surgical task, and the focus on accuracy and outcomes fits the review's outcomes criteria.",False,IN,exclude,"The abstract mentions 'autonomous robotic computer-assisted implant surgery' but provides minimal detail. It focuses on comparing accuracy between two computer-assisted implant surgery (CAIS) methods (r-CAIS and d-CAIS) and reports outcomes via VAS. There is no description of the robot *executing* any surgical action autonomously or semi-autonomously; it appears to be a comparison of navigation technologies. The level of autonomy is not described, and it's unclear if there's any component beyond computer assistance. This fails test #1 and #2.",FLAGGED,False,False,False,False,381980ff7dba33e98c9d9f4f768658d2d4b15ec8ea56fb4b75879627a01b1a14,c48ccf32a8e59f08218c1ee84417cbe057aaa259535182ef071f55de3c91b148,5.73,13.244,False
363,EE-211,exclude,include,"The paper describes a semi-autonomous imageless handheld robotic sculpting system used in total knee arthroplasty. The system is described as semi-autonomous and is used to assist in achieving functional alignment during surgery, which involves physical surgical tasks on human patients. The robotic system controls or directs the execution of surgical actions, meeting the inclusion criteria for autonomous or semi-autonomous surgical robotics.",include,"The paper describes a semi-autonomous imageless handheld robotic sculpting system used in total knee arthroplasty. The system is designed to assist in achieving functional alignment through intra-operative boney mapping and numeric gap data, indicating that the robotic system controls or directs the surgical action. This aligns with the inclusion criteria for semi-autonomous surgical robotics.",False,IN,exclude,"The abstract describes a 'semi-autonomous' system, but the description focuses on *assisting* the surgeon and maintaining accuracy of *desired* alignment chosen by the surgeon. The robot appears to be a handheld sculpting tool guided by the surgeon, rather than independently controlling or directing surgical actions. This aligns more with a teleoperated system with assistance features than true semi-autonomy as defined by the inclusion criteria. It does not describe the robot making independent decisions about motion, planning, or execution.",FLAGGED,False,False,False,False,1456f4a59d9a898650da7467eba6b31a920f00a91abf8c1f2219983acb4b069c,1aa1030f04df7e773a6b74b6967a641c933a0aed8eadaf0385a47743f92fb5e3,5.355,12.315,False
384,EE-232,exclude,include,"The paper describes an active robotic system (ARoS) used in total knee arthroplasty (TKA) where the robot executes surgical tasks under surgeon guidance. The system defines cut paths based on preoperative CT planning and performs bone preparation with a milling tool. This represents a semi-autonomous robotic system that controls the physical execution of surgical actions, meeting the inclusion criteria for autonomous or semi-autonomous surgical robotics. The study involves a physical surgical task (TKA) and includes outcomes such as accuracy and safety, aligning with the review focus.",include,"The paper describes an active robotic system (ARoS) used in total knee arthroplasty (TKA) where the robot executes surgical tasks under surgeon guidance. The system defines cut paths based on preoperative CT planning and performs bone preparation with a milling tool. This represents a semi-autonomous robotic system that controls the physical execution of surgical actions, meeting the inclusion criteria for autonomous or semi-autonomous surgical robotics. The study involves a physical surgical task (TKA) and includes outcomes such as accuracy and safety, aligning with the review focus.",False,IN,exclude,"The abstract explicitly states the system operates with 'surgeon guidance and control' and that the robot follows a 'cut path defined by a CT-based preoperative plan.' This indicates a pre-planned, supervised execution, not autonomous or semi-autonomous action. The robot performs bone preparation *following* surgeon-defined parameters, making it a guided tool rather than an independent decision-maker. This falls under purely teleoperated/master-slave systems where the human directly controls all robot movements in real-time.",FLAGGED,False,False,False,False,1d2808f2abfd6a430508818c138cb7e5efb967280f0296b94acb523ac5a42a06,95802d29a17afdfffd47f35aefe351f725c9cdce6cd6f63ccb3ee6486ffca706,7.191,12.372,False
222,EE-092,include,include,"The paper describes a surgical robot assistant with an articulated PUMA robot and an artificial intelligence-based controller for endoscopic tool localization, indicating the use of autonomous or semi-autonomous robotic components. The system involves physical robotic control for surgical tasks, meeting the inclusion criteria for autonomous or semi-autonomous surgical robotics.",include,"The paper describes a surgical robot assistant with an articulated PUMA robot and an artificial intelligence-based controller for endoscopic tool localization, indicating the use of autonomous or semi-autonomous robotic components. The system involves physical robotic control for surgical tasks, meeting the inclusion criteria for autonomous or semi-autonomous surgical robotics.",False,IN,exclude,"The abstract describes a telemanipulator and a controller to *localize* an endoscopic tool. While it uses AI, the system appears to be primarily teleoperated with a controller assisting positioning, not an autonomous or semi-autonomous execution of a surgical task. The robot is used for positioning, not performing the surgical action itself. This fails test #1 and #2.",FLAGGED,False,False,False,False,b4fa02869cf2096d3956b964ad0442ad42842acec839ed10833b5aaf57040c5e,91cc905894408408a41f1cd5646ce1c3ddd5f9ab63430ceb1422fb70efba4359,4.602,9.788,False
139,EE-057,exclude,include,"The paper discusses a method for improving the accuracy and safety of surgical robots by addressing errors in the RCM mechanism, which is a key component in surgical robotics. The focus is on kinematic calibration and error compensation for a physical surgical robot, indicating the presence of an autonomous or semi-autonomous robotic component. The study involves a physical surgical task and addresses issues related to robot control and performance, meeting the inclusion criteria.",include,"The paper discusses a method for improving the accuracy and safety of surgical robots by addressing RCM point deviation and end-effector positioning errors. It involves a physical surgical robot and focuses on enhancing its performance through kinematic calibration, which is relevant to autonomous or semi-autonomous surgical robotics. The study does not describe purely teleoperated or manual surgery, and it involves a physical robotic system executing surgical tasks.",False,IN,exclude,"The abstract describes a kinematic calibration method to *improve* the accuracy of a surgical robot, but does not mention any autonomous or semi-autonomous behavior. The robot is still controlled and directed by an external source (likely a surgeon), and the described method focuses on error compensation, not independent decision-making or action execution. It appears to be a refinement of a teleoperated system, not an autonomous one.",FLAGGED,False,False,False,False,10c942ea935354ba1d833bac59b14a05bc5b6d8cef1106a8c49fbbb0050e21db,b479665015b147dc6cb49c26e02b098be93431d101254a85322033959a14d684,5.654,10.534,False
761,EE-609,exclude,exclude,"The paper describes an IoMT-enabled healthcare system that employs robotics and deep reinforcement learning for dynamic surgical data analysis, but it does not specify the use of autonomous or semi-autonomous surgical robotic systems performing physical surgical tasks. The focus is on data analysis and decision-making rather than on the control or execution of physical surgical actions by a robotic system. The abstract does not mention any physical surgical task execution by a robotic system, and the description is more about the integration of technologies for data analysis rather than autonomous surgical robotics.",exclude,"The paper describes an IoMT-enabled healthcare system that employs robotics and deep reinforcement learning for dynamic surgical data analysis, but it does not specify the use of autonomous or semi-autonomous surgical robotic systems performing physical surgical tasks. The focus is on data analysis and decision-making rather than on the control or execution of physical surgical actions by a robotic system. The abstract does not mention any physical surgical task execution by a robotic system, and the description is more about the integration of technologies for data analysis rather than autonomous surgical robotics.",False,OUT,,,OUT,False,False,False,False,acbd0d7ae7b1cbae7093531242896a80c930cbbb1e304db9a1d86c30ad5bdc5e,,6.75,,False
425,EE-273,exclude,include,"The paper describes a robotic surgical instrument for brain tissue aspiration, which is an autonomous or semi-autonomous system. The system uses robotic control of a needle connected to a vacuum pump, indicating a level of automation in executing a physical surgical task. The system is designed to perform a specific surgical action (tissue aspiration) with robotic control, meeting the inclusion criteria for autonomous or semi-autonomous surgical robotics.",include,"The paper describes a robotic surgical instrument for brain tissue aspiration that utilizes robotic control to execute a physical surgical task. The system involves robotic control of a needle connected to a vacuum pump, which is a physical surgical action. The instrument is designed to automate a task that is typically performed manually, and it includes a GUI for control, indicating a level of autonomy. The task is performed in a biological context (brain tissue aspiration), and the paper meets the inclusion criteria for involving autonomous or semi-autonomous surgical robotics.",False,IN,exclude,"While the abstract mentions 'robotic control' and 'automatic tissue aspiration', the system appears to be a computer-controlled stereotaxic instrument. The description suggests the user interacts with a GUI to control the instrument, implying a level of continuous human control rather than true autonomy. The robot executes actions *based on* user input, not independent decision-making. This leans towards a teleoperated system with automation, not semi- or fully-autonomous surgery as defined by the inclusion criteria.",FLAGGED,False,False,False,False,2c442eafa1fcc4388a3207fb31eec268ee95a50416645ba0c11648fcff847348,04e60038ca36e28e0b46d14163ca01e60da17f078664f82c699ae32bb5be0dfb,6.194,12.076,False
387,EE-235,exclude,include,"The paper describes a semi-autonomous robotic-assisted system (Navio) used in total knee arthroplasty. The system is described as 'imageless semiautonomous freehand robotic sculpting system' and is used to perform bone cuts with accuracy. The robotic system controls the physical surgical task of bone preparation, which is a physical surgical task. The study meets the inclusion criteria for involving autonomous or semi-autonomous surgical robotics.",include,"The paper describes a semi-autonomous robotic-assisted system (Navio) used in total knee arthroplasty. The system is described as 'imageless semiautonomous freehand robotic sculpting system' and is used to achieve accurate bone cuts and component positioning. The robotic system controls the physical surgical task of bone preparation and implant positioning, which aligns with the inclusion criteria for autonomous or semi-autonomous surgical robotics. The study involves a physical surgical task (total knee replacement) and evaluates accuracy, which is one of the specified outcomes.",False,IN,exclude,"While the abstract mentions a 'semi-autonomous' robotic system, the description focuses on *assistance* with bone preparation and achieving planned alignment. The robot doesn't independently plan or execute surgical actions; it's guided by the surgeon. This aligns with a purely teleoperated or master-slave system with added assistance, failing the requirement for an autonomous component that controls or directs a surgical action. The system is used to *achieve* planned cuts, not to *determine* them autonomously.",FLAGGED,False,False,False,False,427b0f149685bf2e5ee962095f5d15e87a2cbe67c8e91ed107c8b92fb20bbb20,c30ce7507698a6945d3d42e0f806bb2222af445f0ea4f5ee5f14979d8c59f77a,6.716,12.436,False
728,EE-576,exclude,include,"The paper describes a robotic system that autonomously aligns a pre-curved electrode array with the coiling direction of the Scala Tympani during cochlear implant insertion, which is a physical surgical task. The system involves autonomous control of a physical robot to execute a surgical action, meeting the inclusion criteria for autonomous or semi-autonomous surgical robotics. The task is related to head and neck surgery, which is within the included specialties.",include,"The paper describes a robotic system that autonomously aligns a pre-curved electrode array with the coiling direction of the Scala Tympani during cochlear implant insertion, which is a physical surgical task. The system involves autonomous control of a physical robot to execute a surgical action, meeting the inclusion criteria for autonomous or semi-autonomous surgical robotics. The task is related to head and neck surgery, which is within the included specialties.",False,IN,exclude,"The abstract describes a robot *assisting* with insertion and alignment, but does not indicate any autonomous decision-making or control of the surgical action (insertion itself). The system appears to be navigated, implying human control. This falls under purely teleoperated/master-slave robotic surgery.",FLAGGED,False,False,False,False,b99239715fee7eada2dfd2472a3452ea0ddb374de8800f77a6b987921b3df683,75544cf669becae23cc0c82cb3404f7fae3d4a4119bb06ffc5fd37bc7eb5ce76,5.884,8.286,False
134,EE-055,exclude,include,"The paper describes a methodology for automatic keypoint generation in surgical robot trajectories, which involves autonomous or semi-autonomous robotic systems. It specifically mentions the use of a surgical robot in a mastoid bone milling procedure, indicating a physical surgical task. The focus is on learning and generating trajectories for a surgical robot, which aligns with the inclusion criteria for autonomous or semi-autonomous surgical robotics.",include,"The paper describes a methodology for automatic keypoint generation in surgical robot trajectories, which involves autonomous or semi-autonomous robotic systems. It specifically mentions the use of a surgical robot in a mastoid bone milling procedure, indicating a physical surgical task. The focus is on learning and generating trajectories for a surgical robot, which aligns with the inclusion criteria for autonomous or semi-autonomous surgical robotics.",False,IN,exclude,"While the paper discusses increasing the autonomy of surgical robots and learning from demonstrations, the abstract focuses on *generating* trajectories and keypoints *from* demonstrated procedures. It does not describe a robot executing a surgical action autonomously or semi-autonomously based on those trajectories. The work appears to be a methodology for creating training data for a robot, not a demonstration of autonomous surgical capability. It fails test #1.",FLAGGED,False,False,False,False,79b1a8377b1c13e023df0bf89c6f09b7327fe991195b4dd410bb52d2284a524f,393e207f2a8e549bcb86c739ebe4f650b0ddc0a919fa772b201d8b3b45df83f2,5.401,10.718,False
569,EE-417,include,include,"The paper describes a shared control robotic system for retinal surgery, which involves a level of autonomy (shared control) as defined in the Yang et al. taxonomy. The system controls or directs a physical robot to execute a surgical action (laser ablation), and it is applied in a surgical context (retinal surgery). The system includes autonomous or semi-autonomous components that guide the surgeon's actions through haptic feedback, meeting the inclusion criteria for autonomous or semi-autonomous surgical robotics.",include,"The paper describes a shared control robotic system for retinal surgery, which involves a level of autonomy (shared control) as defined in the Yang et al. taxonomy. The system controls or directs a physical robot to execute a surgical action (laser ablation), and it is applied in a surgical context (retinal surgery). The system includes autonomous or semi-autonomous components that guide the surgeon's actions through haptic feedback, meeting the inclusion criteria for autonomous or semi-autonomous surgical robotics.",False,IN,exclude,"The abstract describes a shared control system where the robot *assists* with positioning a laser based on operator input, but the operator still directly controls the laser. The robot tracks motion and provides haptic feedback, but does not independently execute the laser ablation. This is a master-slave (teleoperated) system with haptic assistance, not an autonomous or semi-autonomous system as defined by the inclusion criteria. It fails test #2.",FLAGGED,False,False,False,False,57e43804bfd85db7f1f13768b78bffef2a6f6b9b7f9e09bb496d1533ecd35103,1e7bea21360c6c4f4c9e672226ab65685e89a99f49ea6e9b63298fbccef35b9b,6.533,11.153,False
267,EE-115,exclude,include,"The paper describes semi-autonomous robotic systems for cannula insertion during vertebroplasty, which is a surgical procedure. The robots are designed to perform physical surgical tasks with control or direction over a physical robot, meeting the inclusion criteria for autonomous or semi-autonomous surgical robotics. The focus is on semi-autonomous systems, and the task involves a physical surgical action (cannula insertion) in a clinical context.",include,"The paper describes semi-autonomous robotic systems for cannula insertion during vertebroplasty, which is a surgical procedure. The robots are designed to perform physical surgical tasks with control or direction over a physical robot, meeting the inclusion criteria for autonomous or semi-autonomous surgical robotics. The focus is on semi-autonomous systems, and the task involves a physical surgical action (cannula insertion) in a clinical context.",False,IN,exclude,"The paper describes a robot designed for cannula insertion, which is a surgical task. However, the abstract explicitly states the robot is for *semi-autonomous* insertion, but does not detail *how* the autonomy is achieved. It focuses on design and feasibility (force, accuracy, footprint) rather than demonstrating autonomous behavior or control. The level of autonomy is not sufficient to meet the inclusion criteria; it appears to be a robot-assisted procedure, not a truly semi-autonomous one where the system makes independent decisions about motion or execution. It leans heavily towards a robot-assisted tool rather than a system with a defined level of autonomy (Yang et al. Levels 1-5).",FLAGGED,False,False,False,False,3396677e577bf7922c8b67e420b939a4d3a3cfac3e6d4b236af3435e09c8e3e6,5f51c24e749109520df2678b61d9e0838f0ec8fc817863568229208734a3b4ec,5.826,15.485,False
103,EE-046,exclude,include,"The paper describes a collaborative spinal robot system designed to assist with laminectomy, which is a physical surgical task. The system is compared to manual laminectomy, indicating the presence of an autonomous or semi-autonomous robotic component that controls or directs a physical robot to execute a surgical action. The study involves in vitro porcine specimens, which qualifies as a physical surgical task. The system is not purely teleoperated or manual, and the focus is on the robotic system's performance in a surgical context.",include,"The paper describes a collaborative spinal robot system designed to assist with laminectomy, a surgical task. The system is compared to manual laminectomy, indicating the use of an autonomous or semi-autonomous robotic component. The study involves a physical surgical task (laminectomy) on an in vitro model (porcine specimens), and the robotic system is intended to control or direct a physical robot to execute the surgical action. The paper meets the inclusion criteria for involving autonomous or semi-autonomous surgical robotics.",False,IN,exclude,"The abstract describes a 'collaborative spine robot system' assisting with laminectomy, but does not detail any autonomous or semi-autonomous behavior. The system appears to be a robot-assisted tool where a surgeon still performs the laminectomy, making it a teleoperated system rather than one with autonomous control or direction of surgical actions. It fails test #2.",FLAGGED,False,False,False,False,84a54aa705588d3570f4a0a624b06f04b8bd2914ebf051ec9d520b1e645fcb7b,90f0ae45a83c03bde4716f953379b462a5bfb59b95118565474af54c30e5ed2e,6.676,10.064,False
385,EE-233,exclude,include,"The ROSA Knee system is described as a semi-autonomous robotic system that assists the surgeon in performing surgical tasks such as distal femoral cut, femoral component sizing, tibial cut, and ligament balance. The system provides guidance and support, which aligns with the definition of semi-autonomous surgical robotics. The paper involves a physical surgical task (total knee arthroplasty) and includes a robotic component that directs the execution of surgical actions. It also meets the inclusion criteria for language, peer-reviewed status, and publication date.",include,"The ROSA Knee system is described as a semi-autonomous robotic system that assists the surgeon in performing surgical tasks such as distal femoral cut, femoral component sizing, tibial cut, and ligament balance. The system provides guidance and support, which aligns with the definition of semi-autonomous surgical robotics. The paper involves a physical surgical task (total knee arthroplasty) and includes a robotic component that directs the execution of surgical actions. It also meets the inclusion criteria for language, peer-reviewed status, and publication date.",False,IN,exclude,"The abstract explicitly states the system is 'collaborative robotics, where the surgeon remains in charge' and the surgeon 'handles the saw and performs the cuts'. The robot 'places and holds the guide', which is assistance, not autonomous execution of a surgical task. This is a purely teleoperated system with assistance, failing the requirement for an autonomous or semi-autonomous component that controls or directs a physical robot to execute a surgical action.",FLAGGED,False,False,False,False,44d3be5bf0d11a79018a357fa3dbde8cc029b8ff393bdd56d2448b758ae7c3a7,978c34202f51b940fcd7e767f4ffdd9120ecc3be7c2a6e79f7c370af93da6fb2,7.17,11.201,False
190,EE-080,include,include,"The paper describes a cooperative object manipulation system with force tracking on the da Vinci Research Kit, which is a surgical robotic platform. The work involves developing a controller for shared autonomy, utilizing impedance control and force feedback to achieve simultaneous position and force tracking. This aligns with the inclusion criteria for autonomous or semi-autonomous surgical robotics, as it involves a robotic component that controls or directs a physical robot to execute a surgical action. The system is tested in a simulated environment and demonstrates force tracking capabilities, which are relevant to surgical tasks.",include,"The paper describes a cooperative object manipulation system with force tracking on the da Vinci Research Kit, which is a surgical robotic platform. The work involves developing a controller for shared autonomy, utilizing impedance control and force feedback to achieve simultaneous position and force tracking. This aligns with the inclusion criteria for autonomous or semi-autonomous surgical robotics, as it involves a robotic component that controls or directs a physical robot to execute a surgical action. The system is tested in a simulated environment and demonstrates force tracking capabilities, which are relevant to surgical tasks.",False,IN,exclude,"While the abstract mentions 'shared autonomy' and a controller for cooperative manipulation, the system fundamentally relies on a master-slave setup with impedance control. The robot does not independently plan or execute surgical actions; it responds to human input via the da Vinci system. This is primarily teleoperated with assistive control, not autonomous or semi-autonomous surgery as defined by the inclusion criteria. The tests regarding execution of surgical action and the presence of an autonomous component both fail.",FLAGGED,False,False,False,False,fec8e3a25fdb6a09bad22a771b21b988f9d063f6c6ffdfaa2dae7386c8c5dfe7,4d5332fa98f757d00ac89a9e40ec45885d2d04a926baee2a540bc3d45d7f6570,6.924,11.537,False
100,EE-044,exclude,exclude,"The paper describes a vascular interventional surgery robot (VISR) with master-slave control and force feedback, but it does not involve autonomous or semi-autonomous surgical robotics. The system is teleoperated with a master console issuing commands, and there is no indication of the robot executing tasks independently or with semi-autonomous decision-making. The focus is on improving control and feedback rather than autonomy.",exclude,"The paper describes a vascular interventional surgery robot (VISR) with master-slave control and force feedback, but it does not involve autonomous or semi-autonomous surgical robotics. The system is teleoperated with a master console issuing commands, and there is no indication of the robot executing tasks independently or with semi-autonomous decision-making. The focus is on improving control and feedback rather than autonomy.",False,OUT,,,OUT,False,False,False,False,d8bc8b731da388d6b436bcbdf8f86a33e5ef4f6a02e6664c7df7620b41b3d95f,,5.461,,False
71,EE-031,exclude,include,"The paper discusses dynamic motion planning for autonomous assistive surgical robots, focusing on trajectory generation for robotic manipulators in surgical scenarios. It mentions the use of a dynamical system approach tailored for surgical robots, indicating autonomous control of physical robotic systems. The validation includes both simulated and experimental scenarios, which aligns with the inclusion criteria for autonomous or semi-autonomous surgical robotics.",include,"The paper discusses dynamic motion planning for autonomous assistive surgical robots, specifically addressing trajectory generation for robotic manipulators in surgical scenarios. It mentions the use of a dynamical system approach tailored for laparoscopic surgical robots, indicating an autonomous or semi-autonomous robotic component controlling physical movement. The validation in both simulated and experimental scenarios aligns with the inclusion criteria for surgical robotics.",False,IN,exclude,"While the abstract mentions a 'robotic manipulator' and 'laparoscopic operations', it focuses on *planning* collision-free trajectories. It does not describe the robot *executing* a surgical action autonomously or semi-autonomously, nor does it detail any physical surgical task being performed on tissue, phantom, or in-vivo. The emphasis is on the motion planning algorithm itself, not the robotic surgery outcome. This falls under methodology rather than a study involving autonomous surgical robotics.",FLAGGED,False,False,False,False,9c4e91204d88b03c2fa6849055e47273f94672548c55af1b37bda795b2e1ebb6,c8e10b6c9f56f5f44fe8c46481f88acae140a8a8249ab29d9dbad2b271d91881,5.247,12.002,False
710,EE-558,exclude,exclude,"The paper discusses the use of uncertainty quantification and advanced control techniques in robotic orthopedic surgery, but it does not describe the implementation or evaluation of an autonomous or semi-autonomous robotic system performing a physical surgical task. Instead, it focuses on simulation and safety mechanisms without involving actual robotic control or execution of surgical actions.",exclude,"The paper discusses the use of uncertainty quantification and advanced control techniques in robotic orthopedic surgery, but it does not describe the implementation or evaluation of an autonomous or semi-autonomous robotic system performing a physical surgical task. Instead, it focuses on simulation and safety mechanisms without involving actual robotic control or execution of surgical actions.",False,OUT,,,OUT,False,False,False,False,dae4c64c1316349f6cfec1b068a88858c04c1dbdfa8473175582d8db7a50db56,,4.872,,False
238,EE-097,exclude,include,"The paper describes a method for improving the precision and safety of a microsurgical robot used in ophthalmic surgery (eye surgery), which falls under the included specialty of head and neck surgery. The method involves error compensation for robotic movement, which is a key aspect of autonomous or semi-autonomous surgical robotics. The paper involves a physical robotic system performing a surgical task (microsurgery) and includes technical details about the robot's control and error correction, meeting the inclusion criteria for autonomous or semi-autonomous surgical robotics.",include,"The paper describes a method for improving the precision and safety of a microsurgical robot used in ophthalmic surgery (eye surgery), which falls under the included specialty of head and neck surgery. The method involves error compensation for the robotic system, which implies the robot is performing a physical surgical task with autonomous or semi-autonomous control. The paper meets the inclusion criteria by involving a physical surgical task and an autonomous/semi-autonomous robotic component.",False,IN,exclude,"The abstract describes a robot performing microsurgery, but focuses on error compensation and improving accuracy through kinematic calibration and redundancy resolution. There is no mention of any autonomous or semi-autonomous behavior; the system appears to be entirely human-controlled. It's a precision improvement technique for a teleoperated system, not an autonomous one.",FLAGGED,False,False,False,False,4b5dbd1b578a32a2353e45fbebd0c082528ecad80f64f9991357b0b1762525f0,45158da5bedb273a6526ec1e71554e960cd987042ef479e5270a9e7a02a5a29b,6.569,9.141,False
161,EE-065,exclude,include,"The paper describes an image-guided robotic system for robotic cochlear implantation, which involves autonomous or semi-autonomous robotic behavior in planning and executing a physical surgical task. The system uses trajectory planning with constraints to guide the robotic access to the inner ear, which is a physical surgical task. The paper involves a robotic component that controls or directs a physical robot to execute a surgical action, meeting the inclusion criteria.",include,"The paper describes an image-guided robotic system for robotic cochlear implantation, which involves autonomous or semi-autonomous robotic components that control or direct a physical robot to execute a surgical action. The system uses trajectory planning with soft and hard constraints to guide the robotic access to the inner ear, which is a physical surgical task. The paper involves a robotic system performing a surgical task on a human anatomical structure (temporal bone), and it is within the included specialties (auditory surgery, which is not explicitly excluded).",False,IN,exclude,"The abstract describes a trajectory planning system that *generates* paths for a robot, but does not state that the robot *executes* those paths autonomously or semi-autonomously. The system appears to be used for pre-operative planning, and the robot's execution is not discussed in terms of autonomy. It seems to be a planning tool for a teleoperated system, not a system with an autonomous component controlling the robot's actions. Therefore, it fails test #1 and #2.",FLAGGED,False,False,False,False,20a2f080f8119b1780bd2938f0b85064a01ebff9b77bbafd31fc98ffb2f24bc5,845cfc8068b088fcc9e517c749fa6cfd6e3be8134392199afac8f06354bbe4d7,6.402,12.718,False
774,EE-622,exclude,include,"The paper discusses the use of robotic technology for automated drilling and milling tasks in the temporal bone, which are physical surgical tasks. It mentions the use of surgical robotic systems that can carry out tasks automatically at a microscale, indicating involvement of autonomous or semi-autonomous surgical robotics.",include,"The paper discusses the use of robotic technology for automated drilling and milling tasks in the temporal bone, which are physical surgical tasks. It mentions the use of surgical robotic systems that can carry out tasks automatically at a microscale, indicating involvement of autonomous or semi-autonomous surgical robotics.",False,IN,exclude,"While the abstract mentions robotic technology for automated drilling and milling, it doesn't clearly demonstrate *autonomous* or *semi-autonomous* control. The description focuses on robotic systems carrying out tasks, but doesn't specify any level of independent decision-making or control beyond being directed by image guidance. It could be fully teleoperated. Additionally, the specialty is head and neck surgery, which is excluded.",FLAGGED,False,False,False,False,f4968d0b833964802caa4b34c9e670f84101b9c597554ff9ce27906da97dc238,4b50a20c6c7af548c9ff7ef4c3539f2bd3495806dc0f3c6a807e7a6e83f7ec03,4.433,10.841,False
112,EE-048,exclude,include,"The paper mentions a robotic platform for endovascular intervention, which is a surgical task. While the abstract does not explicitly state the level of autonomy, the title and context suggest the platform may involve autonomous or semi-autonomous robotic components for surgical tasks. Given the lack of explicit exclusion and the potential for autonomous robotic behavior in endovascular procedures, the paper is included for further verification.",include,"The paper mentions a robotic platform for endovascular intervention, which is a surgical task. While the abstract does not explicitly state the level of autonomy, the title and context suggest the platform may involve autonomous or semi-autonomous robotic components for surgical tasks. Given the lack of explicit exclusion and the potential for autonomous robotic behavior in endovascular procedures, the paper is included for further verification.",False,IN,exclude,"The abstract is extremely brief and does not describe any autonomous or semi-autonomous behavior. It only states the platform *can potentially improve execution*, which doesn't indicate the robot is controlling or directing any surgical action independently. It could be a purely teleoperated system. Fails test 1 and 2.",FLAGGED,False,False,False,False,0cd8de04ee7072edf2d864362e18b9de79fd689dfdacb8c844c447f8cb1330e3,cbaef43392235ea79343e392f5b5814fa7b3ebd7e25df1b57d84a61e17e2266d,5.327,8.573,False
786,EE-634,include,include,"The paper describes a laparoscope manipulator robot that automatically controls the position of the laparoscope using visual information and a control system, without requiring continuous human input. This system autonomously maintains the clinical viewing plane, which is a physical surgical task. The robot controls the movement of the laparoscope, fulfilling the criteria for autonomous or semi-autonomous surgical robotics. The task is performed in a surgical context (laparoscopic surgery), and the system involves a physical robotic component that directs the laparoscope.",include,"The paper describes a laparoscope manipulator robot that automatically controls the position of the laparoscope using visual information and a control system, without requiring continuous human input. This system autonomously maintains the clinical viewing plane, which is a physical surgical task. The robot controls the movement of the laparoscope, fulfilling the criteria for autonomous or semi-autonomous surgical robotics. The system is designed for use in minimally invasive surgery, which is within the included specialties.",False,IN,exclude,"The abstract describes a robot that *maintains* a view based on detected instrument tips, but does not describe the robot performing any surgical action itself (cutting, suturing, grasping, etc.). It's a positioning system for the laparoscope, not an autonomous surgical tool. This falls under robotic assistance but lacks an autonomous surgical component that directly manipulates tissue or performs a surgical task. Therefore, it fails test #1 and #2.",FLAGGED,False,False,False,False,da54ca6cc402e65f9ede5daefc6ede0977ef7c25083fdf407f24bd56969d64cd,cb50bcb2f939c25c97f173ac3afaaad3911e6d39e36f94ad09869e10739a0b0b,6.492,11.214,False
419,EE-267,exclude,include,"The paper describes the use of two semiautonomous robotic systems during unicompartmental knee arthroplasty, which aligns with the inclusion criteria for semi-autonomous surgical robotics. The robotic systems are used to perform physical surgical tasks (bone preparation) under surgeon control, and the study evaluates safety outcomes related to their use.",include,"The paper describes the use of two semiautonomous robotic systems during unicompartmental knee arthroplasty, which aligns with the inclusion criteria for semi-autonomous surgical robotics. The robotic systems are used to perform physical surgical tasks (bone preparation) under surgeon control, and the study evaluates safety outcomes related to their use.",False,IN,exclude,"The abstract describes a 'semiautonomous' robotic system, but clarifies it is 'surgeon-driven'. This indicates a purely teleoperated system where the surgeon maintains continuous control, failing the requirement for an autonomous or semi-autonomous component that makes independent decisions about motion, planning, or execution. It is therefore a standard teleoperated system and should be excluded.",FLAGGED,False,False,False,False,8c81b6a36becedc45caa8e08c18a480b23d5a80b9b0d35055778156d2950e83f,b707a063734e211a948504b7345a8c0e4e05c8d318d48cbae7ca0fe042f418fa,4.931,9.785,False
765,EE-613,exclude,include,"The paper discusses a compliant continuum robot used in minimally invasive surgery, with a focus on trajectory tracking and control strategies. It involves an autonomous or semi-autonomous robotic component that controls the physical robot to execute a surgical action, aligning with the inclusion criteria for autonomous or semi-autonomous surgical robotics.",include,"The paper discusses a compliant continuum robot used in minimally invasive surgery, with a focus on trajectory tracking and control strategies. It involves an autonomous or semi-autonomous robotic component that controls the physical robot to execute a surgical action, aligning with the inclusion criteria for autonomous or semi-autonomous surgical robotics.",False,IN,exclude,"While the abstract mentions surgical applications, the study focuses on *controlling* the robot's trajectory, not on the robot autonomously *performing* a surgical task. The robot follows a 'dynamically prescribed trajectory,' implying external control rather than independent decision-making. It's a control methodology paper, not a demonstration of autonomous surgical action. Fails test #1 and #2.",FLAGGED,False,False,False,False,6063a8b97fae8acaebc8e852809de0f3da0a6ba4075bfcecc6f63ca753e05f57,be0ba80627350dbe0f0adaf06a51754694d8da69e35e69e9f41409aef356ad51,4.624,10.317,False
588,EE-436,exclude,include,"The paper discusses autonomous surgical robots performing key tasks independently with enhanced precision, which aligns with the inclusion criteria for autonomous or semi-autonomous surgical robotics. The abstract suggests the presence of an autonomous robotic component executing surgical actions, even if it is not fully autonomous.",include,"The paper discusses autonomous surgical robots performing key tasks independently with enhanced precision, which aligns with the inclusion criteria for autonomous or semi-autonomous surgical robotics. The abstract suggests the presence of an autonomous robotic component executing surgical actions, even if it is not fully autonomous.",False,IN,exclude,"The abstract is highly descriptive and futuristic, but does not explicitly state that a physical surgical task was *performed* or *evaluated*. It only describes a potential future scenario. It fails test #3 (physical surgical task) and test #1 (execution of surgical action).",FLAGGED,False,False,False,False,667d79af0061c9228a0ddeace46f3bd943e2fa6c77a476ad3fbf807571edd87e,06210f7f66ac16a563f883b1243e78cedda32db61ce53dd8787555eac06a1a13,4.061,8.045,False
254,EE-102,exclude,include,"The paper discusses the integration of haptic feedback and intelligent sensing platforms in robotic-assisted surgery, which aligns with the focus on autonomous or semi-autonomous surgical robotics. It mentions the potential for semiautonomous and fully autonomous RAS systems, which fits the intervention criteria. The paper does not clearly exclude surgical robotics and discusses the role of AI and real-time sensing in enhancing autonomy.",include,"The paper discusses the integration of haptic feedback and intelligent sensing platforms in robotic-assisted surgery, which aligns with the focus on autonomous or semi-autonomous surgical robotics. It mentions the potential for semiautonomous and fully autonomous RAS systems, which fits the intervention criteria. The paper does not clearly exclude surgical robotics and discusses the role of AI and real-time sensing in enhancing autonomy.",False,IN,exclude,"The abstract describes the *potential* for future autonomous and semi-autonomous robotic surgery, but does not report on a study *involving* such a system performing a physical surgical task. It focuses on the need for and development of sensing technologies to *enable* autonomy, rather than presenting results from a system that already exhibits autonomous behavior. It's a forward-looking discussion, not a report of original research demonstrating autonomous/semi-autonomous surgical action.",FLAGGED,False,False,False,False,013116711c4360eb38c1f978ad4a6b60c7c8216020cf29c92b2a7cc0ec17ef08,4519840c12d91e5fa5c2a82bb8059b95e532d514c75258dd9e88ed02241dc1be,5.453,11.445,False
565,EE-413,exclude,include,"The paper discusses deformable object manipulation in robotic surgery, which is a key component for achieving autonomy in surgical robotics. It addresses the challenge of simulating soft tissue behavior for real-world surgical tasks, which is directly relevant to autonomous or semi-autonomous robotic systems. The focus on simulation optimization for surgical tasks aligns with the inclusion criteria for autonomous/semi-autonomous surgical robotics.",include,"The paper discusses deformable object manipulation in robotic surgery, which is a key component for achieving autonomy in surgical robotics. It addresses the challenge of simulating soft tissue behavior for real-world surgical tasks, which is directly relevant to autonomous or semi-autonomous robotic systems. The work contributes to improving surgical autonomy through simulation-based methods.",False,IN,exclude,"The abstract focuses on improving simulation accuracy for deformable object manipulation, but does not describe a physical robot executing surgical actions. It details a method for optimizing physics models to bridge the 'real-to-sim' gap, which is a simulation-focused methodology. There is no mention of a robot performing a task on tissue, phantom, or in-vivo models. Therefore, it fails test 1 and 3.",FLAGGED,False,False,False,False,6ce9b51ac510892c063e5e2262101f55d97645f78cc0207f3997b28b415df7ff,998fe8c39b3ebc838330bcab13bd18d133a30a82d5c44705476c90d030c93424,5.066,10.702,False
379,EE-227,exclude,include,"The paper describes a semi-autonomous surgical robotic system (IRISS) that uses deep learning for semantic segmentation of OCT images to guide the extraction of lens fragments from ex vivo pig eyes. The system performs a physical surgical task (lens fragment extraction) with a semi-autonomous robotic component that controls the execution of the task. The intervention aligns with the semi-autonomous level of autonomy (Level 2 or 3 per Yang et al. taxonomy), and the study involves an ex vivo model, meeting the inclusion criteria.",include,"The paper describes a semi-autonomous surgical robotic system (IRISS) that uses deep learning for semantic segmentation of OCT images to guide the extraction of lens fragments from ex vivo pig eyes. The system performs a physical surgical task (lens fragment extraction) with a semi-autonomous robotic component that controls the execution of the task. The intervention aligns with the semi-autonomous level of autonomy (Level 2 or 3 per Yang et al. taxonomy), and the study involves an ex vivo model, meeting the inclusion criteria.",False,IN,exclude,"While the abstract describes a robotic system and image segmentation, the system performs *semi-automated* extraction, implying human oversight and direction. The level of autonomy isn't clearly defined as beyond Level 1 (operator assistance) and appears to be primarily guided by the segmentation results, not independent robotic decision-making. This leans towards a teleoperated system with image guidance rather than true semi-autonomy as defined by the inclusion criteria.",FLAGGED,False,False,False,False,ea3a8b308f6aa70e98d3e23e220f818259387d50e792bbcb7950ff6e9dee72c3,0472dfaf41241cac5808145bf232713aa7e22502f99d65eb1d032c1bfcc3b6c7,6.866,11.038,False
170,EE-070,include,include,"The paper describes a share control system for a surgical robot, where the surgeon's hand controls the master manipulator while the system assists in guiding the tool. This involves a semi-autonomous robotic component that directs the physical robot to execute a surgical action, meeting the inclusion criteria for autonomous or semi-autonomous surgical robotics. The system supports the surgeon in guiding the tool, which aligns with the intervention criteria of semi-autonomous systems.",include,"The paper describes a share control system for a surgical robot, where the surgeon's hand controls the master manipulator while the system assists in guiding the tool. This system involves a semi-autonomous robotic component that directs the physical robot to execute a surgical action, meeting the inclusion criteria for autonomous or semi-autonomous surgical robotics. The system is not purely teleoperated, as it provides assistance during tool guidance.",False,IN,exclude,"The abstract describes a 'share control' system where the surgeon maintains *full* control over the tool position at all times, and the system *supports* guidance via force feedback on the master manipulator. This is a form of assistance, but does not meet the criteria for semi-autonomous or autonomous control as the robot does not independently make decisions about motion or execution. It is essentially a force-guided teleoperation system, and therefore falls under the exclusion criteria for purely teleoperated systems.",FLAGGED,False,False,False,False,7c80819e67a9abd7138d4873ab78d528fea6342b88a729af1a93b82de087ebd3,97f1ca2f335fb0a349aeebb69d13b051b1a3063175d1519ca98a7c69a0a98971,5.742,11.812,False
722,EE-570,exclude,include,"The paper describes an autonomous robotic system for intraocular microsurgery, specifically focusing on predicting instrument trajectories in non-visible regions to enhance surgical safety and autonomy. The framework involves a robotic component that controls or directs a physical robot to execute a surgical action, which aligns with the inclusion criteria for autonomous or semi-autonomous surgical robotics. The study involves a physical surgical task (intraocular microsurgery) and addresses task accuracy and safety, which are relevant outcomes.",include,"The paper describes an autonomous robotic system for intraocular microsurgery, specifically focusing on predicting instrument trajectories in non-visible regions to enhance surgical safety and autonomy. The framework involves a robotic component that controls or directs a physical robot to execute a surgical action, which aligns with the inclusion criteria for autonomous or semi-autonomous surgical robotics. The study involves a physical surgical task (intraocular microsurgery) and addresses task accuracy and safety, which are relevant outcomes.",False,IN,exclude,"The paper focuses on *predicting* instrument trajectories to *enable* future autonomy, but does not describe a robot that *executes* a surgical action autonomously or semi-autonomously in the presented work. It's a perception/prediction methodology paper aimed at improving robot-assisted surgery, not a demonstration of autonomous surgical behavior. The robot remains under human control; the prediction algorithm is an assistive tool, not a control mechanism.",FLAGGED,False,False,False,False,f0909d950f9e8c1660eed4e44407626c349f915389f649f7ef82961a8d914821,a530698b864f6b5a68dec9a127550140b2e8ce50bd12e7e1b0900998aa674cb0,6.314,11.157,False
724,EE-572,exclude,include,"The paper describes a system for automated recognition and learning of surgical suturing skills using a multimodal fusion algorithm. It involves autonomous robotic suturing as part of its goal, specifically mentioning robotic autonomous suturing in the conclusion. The system is designed to enable robots to learn and perform surgical tasks autonomously, which aligns with the inclusion criteria for autonomous or semi-autonomous surgical robotics.",include,"The paper describes a system for automated recognition and learning of surgical suturing skills using a multimodal fusion algorithm. It involves autonomous robotic suturing as part of its goal, specifically mentioning robotic autonomous suturing as a potential application. The system is designed to enable robots to learn and perform surgical tasks autonomously, which aligns with the inclusion criteria for autonomous or semi-autonomous surgical robotics.",False,IN,exclude,"While the abstract mentions 'robotic autonomous suturing' and 'learning and objective evaluation of surgical skills', it primarily focuses on *recognizing* and *learning* suturing skills from expert surgeons using multi-modal data. The study proposes an algorithm for skill recognition and doesn't describe a robot that *performs* the suturing autonomously or semi-autonomously. It's a methodology paper focused on analysis and learning, not robotic execution. Therefore, it fails test #1 and #2.",FLAGGED,False,False,False,False,f32e62a1b90df492ae83629fc11fcb7b8eb6ad18e57a499f47ee1e8c8c5a5905,39909a2bfa6a47b6e765941a9cea215133379a4ab3cdea9b8b4158b9c9a619e6,5.422,12.511,False
657,EE-505,exclude,include,"The paper describes an autonomous robotic system for vitreoretinal surgery that automatically positions surgical instruments based on visual servoing. The system performs a physical surgical task (drug injection into blood vessels) and involves autonomous control of the robotic system to execute the task, meeting the criteria for inclusion in the review.",include,"The paper describes an autonomous robotic system for vitreoretinal surgery that automatically positions surgical instruments based on visual servoing. The system performs a physical surgical task (drug injection into blood vessels) and involves autonomous control of the robotic system to execute the task, meeting the criteria for inclusion in the review.",False,IN,exclude,"While the abstract mentions 'automatic positioning' and a 'visual servoing loop', the description strongly suggests the surgeon *selects* the target and the robot *moves* to it. This implies a semi-autonomous system where the robot executes a pre-defined movement initiated by the surgeon, rather than independent decision-making or planning. It appears to be a form of assisted movement, leaning towards teleoperation with automation of a single step, rather than true autonomy. It does not meet the criteria for an autonomous or semi-autonomous component that controls or directs a surgical action beyond simple movement to a designated point.",FLAGGED,False,False,False,False,552749de7926f6f366a84ba180e9ff943a5db94a4ad644ff0ec05eedf1cb4759,5899e7d718606e3979b2b009cc3a8dfd3b95370928c28dc136da23686033a08e,4.494,13.991,False
469,EE-317,include,include,"The paper discusses autonomous surgical robotics, specifically mentioning the Smart Tissue Autonomous Robot (STAR) and its capabilities in performing autonomous surgical tasks. It also outlines different levels of autonomy in surgical robotics, including the Yang et al. taxonomy, which aligns with the inclusion criteria. The paper describes the use of AI algorithms to control robotic systems for surgical tasks, which meets the criteria for involving autonomous or semi-autonomous surgical robotics.",include,"The paper discusses autonomous surgical robotics, specifically mentioning the Smart Tissue Autonomous Robot (STAR) and its capabilities in performing autonomous surgical tasks. It also outlines different levels of autonomy in surgical robotics, including the Yang et al. taxonomy, which aligns with the inclusion criteria. The paper describes the use of AI algorithms to control robotic systems for surgical tasks, which meets the criteria for involving autonomous or semi-autonomous surgical robotics.",False,IN,include,"The abstract explicitly describes the STAR robot performing autonomous anastomosis and discusses varying levels of surgical autonomy. It details a physical surgical task (intestinal anastomosis) performed on animals and compares it to human surgeons. The paper is original research, not a review or commentary.",IN,False,False,False,False,2a985cb6322033433e6aed8c514127612f56a04a9b12a2dcfbc1a9aee90c5fed,06d4d28c361f5e2df60bd672ac8c43c6107b18142e4889b8a179e48ecb3ce048,7.107,11.028,False
702,EE-550,include,include,The paper describes a method for estimating surgical tool kinematics from monocular video to enable autonomous surgical robot learning. It involves autonomous robotic systems (dVRK Si) performing physical surgical tasks (tissue lifting and needle pickup) and focuses on enabling autonomous surgical policies through kinematic estimation. The work is relevant to the inclusion criteria as it involves autonomous or semi-autonomous robotic components controlling physical robots to execute surgical actions.,include,The paper describes a method for estimating surgical tool kinematics from monocular video to enable autonomous surgical robot learning. It involves autonomous robotic systems (dVRK Si) performing physical surgical tasks (tissue lifting and needle pickup) and focuses on enabling autonomous surgical policies through kinematic estimation. The work is relevant to the inclusion criteria as it involves autonomous or semi-autonomous robotic components controlling physical robots to execute surgical actions.,False,IN,include,"The abstract explicitly states the use of imitation learning to enable *autonomous* surgical tasks (tissue lifting and needle pickup) using a surgical robot (dVRK Si). It describes training policies with estimated kinematics from video, demonstrating a move beyond purely teleoperated control. The experiments involve a physical surgical task performed on a robotic platform, and it is an original research paper.",IN,False,False,False,False,21e6ad570f6c685838c3c4ff03124b0cb6f39e3c88ca910d8893717844b5f616,94314d59c916c59cb7665c0e8ad6c6988094c56bc9632c3dff547f97eb36eb3f,5.799,9.979,False
693,EE-541,include,include,"The paper describes an autonomous robotic system for venipuncture, which is a physical surgical task. The robot uses Cartesian coordinate mechanisms to locate and puncture veins, indicating control or direction of a physical robot to execute a surgical action. It involves autonomous behavior with sensor and image technology for needle placement, meeting the inclusion criteria for autonomous or semi-autonomous surgical robotics.",include,"The paper describes an autonomous robotic system for venipuncture, which is a physical surgical task. The robot uses Cartesian coordinate mechanisms to locate and puncture veins, indicating control or direction of a physical robot to execute a surgical action. It involves autonomous behavior with sensor and image technology for needle placement, meeting the inclusion criteria for autonomous or semi-autonomous surgical robotics.",False,IN,include,"The abstract describes a robot that physically punctures veins, indicating a surgical action. It mentions 'automated tasks' and implies an autonomous component beyond simple teleoperation by referencing intelligent healthcare and precise needle placement. The study involves a physical task (venipuncture) and appears to be original research reporting experimental findings. It meets all inclusion criteria.",IN,False,False,False,False,6a9f168918d953973c4ceddefdd3b51e951a0347b258b72884b8b9d773ca6f70,f51050033e473e1efddac22597c6234876c96d0ec6e41079e60e57cc50111c54,5.167,9.196,False
