table,decision_id,paper_id,paper_status,model,decision,reason_code,decided_at,version_file,version_rule,text_chars,header_chars,over_budget_code,over_32000_text,cut,body_chars_omitted,files_on_disk,any_version_over_code,pi_adjudication
ft_screening_decisions,1,9,AI_AUDIT_COMPLETE,qwen3.5:27b,FT_ELIGIBLE,eligible,2026-03-13T00:10:03.182136+00:00,data/surgical_autonomy/parsed_text/9_v1.md,only_file,78127,1875,1,1,prefix,48117,1,1,
ft_screening_decisions,2,12,AI_AUDIT_COMPLETE,qwen3.5:27b,FT_ELIGIBLE,eligible,2026-03-13T00:10:28.153537+00:00,data/surgical_autonomy/parsed_text/12_v1.md,only_file,38329,1994,1,1,prefix,8657,1,1,
ft_screening_decisions,3,168,ABSTRACT_SCREENED_OUT,qwen3.5:27b,FT_ELIGIBLE,eligible,2026-03-13T00:10:53.827621+00:00,data/surgical_autonomy/parsed_text/168_v1.md,only_file,38194,49,1,1,prefix,6361,1,1,
ft_screening_decisions,4,23,ABSTRACT_SCREENED_OUT,qwen3.5:27b,FT_EXCLUDE,insufficient_data,2026-03-13T00:11:18.363171+00:00,data/surgical_autonomy/parsed_text/23_v1.md,only_file,67892,2164,1,1,prefix,38431,1,1,
ft_screening_decisions,5,4,ABSTRACT_SCREENED_OUT,qwen3.5:27b,FT_EXCLUDE,insufficient_data,2026-03-13T00:11:43.682135+00:00,data/surgical_autonomy/parsed_text/4_v1.md,only_file,89856,1214,1,1,prefix,59138,1,1,
ft_screening_decisions,6,252,AI_AUDIT_COMPLETE,qwen3.5:27b,FT_ELIGIBLE,eligible,2026-03-14T03:46:29.308649+00:00,data/surgical_autonomy/parsed_text/252_v2.md,only_file,58719,1843,1,1,prefix,28614,1,1,
ft_screening_decisions,7,253,FT_SCREENED_OUT,qwen3.5:27b,FT_EXCLUDE,wrong_specialty,2026-03-14T03:46:53.342811+00:00,data/surgical_autonomy/parsed_text/253_v2.md,only_file,75354,1681,1,1,prefix,45052,1,1,
ft_screening_decisions,8,255,FT_SCREENED_OUT,qwen3.5:27b,FT_EXCLUDE,wrong_specialty,2026-03-14T03:47:16.507889+00:00,data/surgical_autonomy/parsed_text/255_v2.md,only_file,50928,1792,1,1,prefix,20732,1,1,
ft_screening_decisions,9,260,FT_SCREENED_OUT,qwen3.5:27b,FT_EXCLUDE,no_autonomy_content,2026-03-14T03:47:53.550248+00:00,data/surgical_autonomy/parsed_text/260_v2.md,only_file,36377,2223,1,1,prefix,6607,1,1,
ft_screening_decisions,10,262,AI_AUDIT_COMPLETE,qwen3.5:27b,FT_ELIGIBLE,eligible,2026-03-14T03:48:22.751229+00:00,data/surgical_autonomy/parsed_text/262_v2.md,only_file,31228,382,0,0,none,0,1,0,
ft_screening_decisions,11,268,AI_AUDIT_COMPLETE,qwen3.5:27b,FT_ELIGIBLE,eligible,2026-03-14T03:48:47.406304+00:00,data/surgical_autonomy/parsed_text/268_v2.md,only_file,22661,1136,0,0,none,0,1,0,
ft_screening_decisions,12,271,FT_SCREENED_OUT,qwen3.5:27b,FT_EXCLUDE,wrong_specialty,2026-03-14T03:49:39.445476+00:00,data/surgical_autonomy/parsed_text/271_v2.md,only_file,74586,1990,1,1,prefix,44666,1,1,
ft_screening_decisions,13,274,FT_SCREENED_OUT,qwen3.5:27b,FT_EXCLUDE,wrong_specialty,2026-03-14T03:50:04.080523+00:00,data/surgical_autonomy/parsed_text/274_v2.md,only_file,59853,1227,1,1,prefix,29110,1,1,
ft_screening_decisions,14,275,FT_SCREENED_OUT,qwen3.5:27b,FT_EXCLUDE,wrong_specialty,2026-03-14T03:50:30.283149+00:00,data/surgical_autonomy/parsed_text/275_v2.md,only_file,75012,1908,1,1,prefix,45003,1,1,
ft_screening_decisions,15,277,AI_AUDIT_COMPLETE,qwen3.5:27b,FT_ELIGIBLE,eligible,2026-03-14T03:50:58.048006+00:00,data/surgical_autonomy/parsed_text/277_v2.md,only_file,86455,2017,1,1,prefix,56607,1,1,
ft_screening_decisions,16,281,AI_AUDIT_COMPLETE,qwen3.5:27b,FT_ELIGIBLE,eligible,2026-03-14T03:51:25.750888+00:00,data/surgical_autonomy/parsed_text/281_v2.md,only_file,82853,1617,1,1,prefix,52496,1,1,
ft_screening_decisions,17,285,FT_SCREENED_OUT,qwen3.5:27b,FT_EXCLUDE,wrong_specialty,2026-03-14T03:51:54.006869+00:00,data/surgical_autonomy/parsed_text/285_v2.md,only_file,31138,1494,1,0,references_line,5887,1,1,
ft_screening_decisions,18,286,AI_AUDIT_COMPLETE,qwen3.5:27b,FT_ELIGIBLE,eligible,2026-03-14T03:52:20.738759+00:00,data/surgical_autonomy/parsed_text/286_v2.md,only_file,59089,512,1,1,prefix,27629,1,1,
ft_screening_decisions,19,288,FT_SCREENED_OUT,qwen3.5:27b,FT_EXCLUDE,wrong_specialty,2026-03-14T03:52:46.721646+00:00,data/surgical_autonomy/parsed_text/288_v2.md,only_file,37062,3150,1,1,references_line,11102,1,1,
ft_screening_decisions,20,289,FT_SCREENED_OUT,qwen3.5:27b,FT_EXCLUDE,wrong_specialty,2026-03-14T03:53:12.932611+00:00,data/surgical_autonomy/parsed_text/289_v2.md,only_file,63991,1754,1,1,prefix,34227,1,1,
ft_screening_decisions,21,291,FT_SCREENED_OUT,qwen3.5:27b,FT_EXCLUDE,wrong_specialty,2026-03-14T03:53:40.572967+00:00,data/surgical_autonomy/parsed_text/291_v2.md,only_file,43356,1928,1,1,prefix,13311,1,1,
ft_screening_decisions,22,292,AI_AUDIT_COMPLETE,qwen3.5:27b,FT_ELIGIBLE,eligible,2026-03-14T03:54:06.803520+00:00,data/surgical_autonomy/parsed_text/292_v2.md,only_file,60770,1769,1,1,prefix,30616,1,1,
ft_screening_decisions,23,293,FT_SCREENED_OUT,qwen3.5:27b,FT_EXCLUDE,wrong_specialty,2026-03-14T03:54:32.150327+00:00,data/surgical_autonomy/parsed_text/293_v2.md,only_file,53761,1914,1,1,prefix,23785,1,1,
ft_screening_decisions,24,294,FT_SCREENED_OUT,qwen3.5:27b,FT_EXCLUDE,wrong_specialty,2026-03-14T03:54:56.898449+00:00,data/surgical_autonomy/parsed_text/294_v2.md,only_file,83470,1195,1,1,prefix,52669,1,1,
ft_screening_decisions,25,295,AI_AUDIT_COMPLETE,qwen3.5:27b,FT_ELIGIBLE,eligible,2026-03-14T03:55:22.880760+00:00,data/surgical_autonomy/parsed_text/295_v2.md,only_file,51670,2155,1,1,prefix,22056,1,1,
ft_screening_decisions,26,296,AI_AUDIT_COMPLETE,qwen3.5:27b,FT_ELIGIBLE,eligible,2026-03-14T03:55:49.445109+00:00,data/surgical_autonomy/parsed_text/296_v2.md,only_file,78931,1234,1,1,prefix,48181,1,1,FT_ELIGIBLE
ft_screening_decisions,27,297,AI_AUDIT_COMPLETE,qwen3.5:27b,FT_ELIGIBLE,eligible,2026-03-14T03:56:16.665722+00:00,data/surgical_autonomy/parsed_text/297_v2.md,only_file,56544,1612,1,1,prefix,26222,1,1,
ft_screening_decisions,28,304,FT_SCREENED_OUT,qwen3.5:27b,FT_EXCLUDE,wrong_specialty,2026-03-14T03:56:41.243076+00:00,data/surgical_autonomy/parsed_text/304_v2.md,only_file,41707,2414,1,1,prefix,12208,1,1,
ft_screening_decisions,29,308,FT_SCREENED_OUT,qwen3.5:27b,FT_EXCLUDE,wrong_specialty,2026-03-14T03:57:03.394729+00:00,data/surgical_autonomy/parsed_text/308_v2.md,only_file,29304,1038,0,0,none,0,1,0,
ft_screening_decisions,30,311,FT_SCREENED_OUT,qwen3.5:27b,FT_EXCLUDE,wrong_specialty,2026-03-14T03:57:27.789870+00:00,data/surgical_autonomy/parsed_text/311_v2.md,only_file,109162,1893,1,1,prefix,79410,1,1,
ft_screening_decisions,31,312,FT_SCREENED_OUT,qwen3.5:27b,FT_EXCLUDE,wrong_specialty,2026-03-14T03:57:54.253499+00:00,data/surgical_autonomy/parsed_text/312_v2.md,only_file,69951,1507,1,1,prefix,39553,1,1,
ft_screening_decisions,32,318,AI_AUDIT_COMPLETE,qwen3.5:27b,FT_ELIGIBLE,eligible,2026-03-14T03:58:18.196427+00:00,data/surgical_autonomy/parsed_text/318_v2.md,only_file,32612,1630,1,1,references_line,5932,1,1,
ft_screening_decisions,33,321,FT_SCREENED_OUT,qwen3.5:27b,FT_EXCLUDE,wrong_specialty,2026-03-14T03:58:48.001329+00:00,data/surgical_autonomy/parsed_text/321_v2.md,only_file,35749,1934,1,1,references_line,7310,1,1,
ft_screening_decisions,34,323,AI_AUDIT_COMPLETE,qwen3.5:27b,FT_ELIGIBLE,eligible,2026-03-14T03:59:11.799131+00:00,data/surgical_autonomy/parsed_text/323_v2.md,only_file,32164,619,1,1,references_line,6605,1,1,
ft_screening_decisions,35,327,FT_SCREENED_OUT,qwen3.5:27b,FT_EXCLUDE,no_autonomy_content,2026-03-14T03:59:42.296048+00:00,data/surgical_autonomy/parsed_text/327_v2.md,only_file,75775,1420,1,1,prefix,45239,1,1,
ft_screening_decisions,36,329,FT_SCREENED_OUT,qwen3.5:27b,FT_EXCLUDE,wrong_specialty,2026-03-14T04:00:02.796999+00:00,data/surgical_autonomy/parsed_text/329_v2.md,only_file,47483,2048,1,1,prefix,22686,1,1,
ft_screening_decisions,37,332,FT_SCREENED_OUT,qwen3.5:27b,FT_EXCLUDE,wrong_specialty,2026-03-14T04:00:26.582270+00:00,data/surgical_autonomy/parsed_text/332_v2.md,only_file,53777,2624,1,1,prefix,24992,1,1,
ft_screening_decisions,38,334,FT_SCREENED_OUT,qwen3.5:27b,FT_ELIGIBLE,eligible,2026-03-14T04:00:53.694932+00:00,data/surgical_autonomy/parsed_text/334_v2.md,only_file,47131,1483,1,1,prefix,17050,1,1,FT_SCREENED_OUT
ft_screening_decisions,39,338,FT_SCREENED_OUT,qwen3.5:27b,FT_EXCLUDE,wrong_specialty,2026-03-14T04:01:25.216725+00:00,data/surgical_autonomy/parsed_text/338_v2.md,only_file,99302,1495,1,1,prefix,69023,1,1,
ft_screening_decisions,40,339,FT_SCREENED_OUT,qwen3.5:27b,FT_EXCLUDE,wrong_specialty,2026-03-14T04:01:51.137077+00:00,data/surgical_autonomy/parsed_text/339_v2.md,only_file,72761,237,1,1,prefix,41084,1,1,
ft_screening_decisions,41,340,FT_SCREENED_OUT,qwen3.5:27b,FT_EXCLUDE,wrong_specialty,2026-03-14T04:02:16.005843+00:00,data/surgical_autonomy/parsed_text/340_v2.md,only_file,51502,1409,1,1,prefix,21014,1,1,
ft_screening_decisions,42,342,FT_SCREENED_OUT,qwen3.5:27b,FT_EXCLUDE,wrong_specialty,2026-03-14T04:02:51.022205+00:00,data/surgical_autonomy/parsed_text/342_v2.md,only_file,26643,1769,0,0,none,0,1,0,
ft_screening_decisions,43,345,FT_SCREENED_OUT,qwen3.5:27b,FT_EXCLUDE,wrong_specialty,2026-03-14T04:03:13.839681+00:00,data/surgical_autonomy/parsed_text/345_v2.md,only_file,35770,2057,1,1,references_line,6705,1,1,
ft_screening_decisions,44,346,AI_AUDIT_COMPLETE,qwen3.5:27b,FT_ELIGIBLE,eligible,2026-03-14T04:03:38.886953+00:00,data/surgical_autonomy/parsed_text/346_v2.md,only_file,39232,541,1,1,prefix,7874,1,1,FT_ELIGIBLE
ft_screening_decisions,45,347,AI_AUDIT_COMPLETE,qwen3.5:27b,FT_ELIGIBLE,eligible,2026-03-14T04:04:01.918432+00:00,data/surgical_autonomy/parsed_text/347_v2.md,only_file,72517,1803,1,1,prefix,42377,1,1,
ft_screening_decisions,46,352,FT_SCREENED_OUT,qwen3.5:27b,FT_EXCLUDE,insufficient_data,2026-03-14T04:04:25.823668+00:00,data/surgical_autonomy/parsed_text/352_v2.md,only_file,38856,1331,1,1,references_line,10136,1,1,
ft_screening_decisions,47,357,FT_SCREENED_OUT,qwen3.5:27b,FT_EXCLUDE,wrong_specialty,2026-03-14T04:04:51.155684+00:00,data/surgical_autonomy/parsed_text/357_v2.md,only_file,21287,2158,0,0,none,0,1,0,
ft_screening_decisions,48,358,FT_SCREENED_OUT,qwen3.5:27b,FT_EXCLUDE,wrong_intervention,2026-03-14T04:05:15.376015+00:00,data/surgical_autonomy/parsed_text/358_v2.md,only_file,59545,1876,1,1,prefix,29463,1,1,
ft_screening_decisions,49,361,FT_SCREENED_OUT,qwen3.5:27b,FT_EXCLUDE,wrong_specialty,2026-03-14T04:05:41.473808+00:00,data/surgical_autonomy/parsed_text/361_v2.md,only_file,39513,2072,1,1,prefix,9842,1,1,
ft_screening_decisions,50,364,AI_AUDIT_COMPLETE,qwen3.5:27b,FT_ELIGIBLE,eligible,2026-03-14T04:06:12.310286+00:00,data/surgical_autonomy/parsed_text/364_v2.md,only_file,37942,1616,1,1,prefix,7706,1,1,
ft_screening_decisions,51,366,AI_AUDIT_COMPLETE,qwen3.5:27b,FT_ELIGIBLE,eligible,2026-03-14T04:06:40.126293+00:00,data/surgical_autonomy/parsed_text/366_v2.md,only_file,77732,305,1,1,prefix,46174,1,1,
ft_screening_decisions,52,367,FT_SCREENED_OUT,qwen3.5:27b,FT_EXCLUDE,wrong_specialty,2026-03-14T04:07:07.510569+00:00,data/surgical_autonomy/parsed_text/367_v2.md,only_file,64243,1698,1,1,prefix,34139,1,1,
ft_screening_decisions,53,368,AI_AUDIT_COMPLETE,qwen3.5:27b,FT_ELIGIBLE,eligible,2026-03-14T04:07:37.269709+00:00,data/surgical_autonomy/parsed_text/368_v2.md,only_file,55731,1657,1,1,prefix,25437,1,1,FT_ELIGIBLE
ft_screening_decisions,54,369,FT_SCREENED_OUT,qwen3.5:27b,FT_EXCLUDE,wrong_specialty,2026-03-14T04:08:09.930489+00:00,data/surgical_autonomy/parsed_text/369_v2.md,only_file,46382,1289,1,1,prefix,15713,1,1,
ft_screening_decisions,55,370,AI_AUDIT_COMPLETE,qwen3.5:27b,FT_ELIGIBLE,eligible,2026-03-14T04:08:37.589082+00:00,data/surgical_autonomy/parsed_text/370_v2.md,only_file,48165,1285,1,1,prefix,17609,1,1,
ft_screening_decisions,56,371,FT_SCREENED_OUT,qwen3.5:27b,FT_EXCLUDE,wrong_specialty,2026-03-14T04:08:59.683886+00:00,data/surgical_autonomy/parsed_text/371_v2.md,only_file,38927,1416,1,1,prefix,8356,1,1,
ft_screening_decisions,57,373,FT_SCREENED_OUT,qwen3.5:27b,FT_EXCLUDE,wrong_specialty,2026-03-14T04:09:26.485901+00:00,data/surgical_autonomy/parsed_text/373_v2.md,only_file,69135,195,1,1,prefix,39288,1,1,
ft_screening_decisions,58,375,FT_SCREENED_OUT,qwen3.5:27b,FT_EXCLUDE,wrong_specialty,2026-03-14T04:09:55.517664+00:00,data/surgical_autonomy/parsed_text/375_v2.md,only_file,49280,1298,1,1,prefix,18676,1,1,
ft_screening_decisions,59,376,AI_AUDIT_COMPLETE,qwen3.5:27b,FT_ELIGIBLE,eligible,2026-03-14T04:10:22.621348+00:00,data/surgical_autonomy/parsed_text/376_v2.md,only_file,45637,1566,1,1,prefix,15284,1,1,
ft_screening_decisions,60,377,FT_SCREENED_OUT,qwen3.5:27b,FT_EXCLUDE,insufficient_data,2026-03-14T04:10:41.233237+00:00,data/surgical_autonomy/parsed_text/377_v2.md,only_file,10648,245,0,0,none,0,1,0,
ft_screening_decisions,61,378,AI_AUDIT_COMPLETE,qwen3.5:27b,FT_ELIGIBLE,eligible,2026-03-14T04:11:10.414487+00:00,data/surgical_autonomy/parsed_text/378_v2.md,only_file,44463,1634,1,1,prefix,14491,1,1,
ft_screening_decisions,62,380,AI_AUDIT_COMPLETE,qwen3.5:27b,FT_ELIGIBLE,eligible,2026-03-14T04:11:37.074328+00:00,data/surgical_autonomy/parsed_text/380_v2.md,only_file,38341,1601,1,1,prefix,8023,1,1,
ft_screening_decisions,63,381,FT_SCREENED_OUT,qwen3.5:27b,FT_EXCLUDE,wrong_intervention,2026-03-14T04:11:59.698884+00:00,data/surgical_autonomy/parsed_text/381_v2.md,only_file,43301,2103,1,1,prefix,13470,1,1,
ft_screening_decisions,64,383,AI_AUDIT_COMPLETE,qwen3.5:27b,FT_ELIGIBLE,eligible,2026-03-14T04:12:25.464157+00:00,data/surgical_autonomy/parsed_text/383_v2.md,only_file,54857,880,1,1,prefix,23780,1,1,
ft_screening_decisions,65,386,AI_AUDIT_COMPLETE,qwen3.5:27b,FT_ELIGIBLE,eligible,2026-03-14T04:12:50.935767+00:00,data/surgical_autonomy/parsed_text/386_v2.md,only_file,35314,518,1,1,references_line,4612,1,1,
ft_screening_decisions,66,388,AI_AUDIT_COMPLETE,qwen3.5:27b,FT_ELIGIBLE,eligible,2026-03-14T04:13:17.263849+00:00,data/surgical_autonomy/parsed_text/388_v2.md,only_file,48425,1589,1,1,prefix,18067,1,1,
ft_screening_decisions,67,389,FT_SCREENED_OUT,qwen3.5:27b,FT_EXCLUDE,wrong_specialty,2026-03-14T04:13:44.593616+00:00,data/surgical_autonomy/parsed_text/389_v2.md,only_file,75939,1150,1,1,prefix,45399,1,1,
ft_screening_decisions,68,390,FT_SCREENED_OUT,qwen3.5:27b,FT_EXCLUDE,wrong_specialty,2026-03-14T04:14:07.675789+00:00,data/surgical_autonomy/parsed_text/390_v2.md,only_file,48558,375,1,1,prefix,16979,1,1,
ft_screening_decisions,69,392,AI_AUDIT_COMPLETE,qwen3.5:27b,FT_ELIGIBLE,eligible,2026-03-14T04:14:31.732252+00:00,data/surgical_autonomy/parsed_text/392_v2.md,only_file,33751,641,1,1,references_line,4546,1,1,
ft_screening_decisions,70,395,AI_AUDIT_COMPLETE,qwen3.5:27b,FT_ELIGIBLE,eligible,2026-03-14T04:15:04.345165+00:00,data/surgical_autonomy/parsed_text/395_v2.md,only_file,60191,1813,1,1,prefix,30078,1,1,
ft_screening_decisions,71,396,FT_SCREENED_OUT,qwen3.5:27b,FT_EXCLUDE,wrong_specialty,2026-03-14T04:15:38.304749+00:00,data/surgical_autonomy/parsed_text/396_v2.md,only_file,56706,2227,1,1,prefix,27290,1,1,
ft_screening_decisions,72,397,FT_SCREENED_OUT,qwen3.5:27b,FT_EXCLUDE,insufficient_data,2026-03-14T04:15:59.136379+00:00,data/surgical_autonomy/parsed_text/397_v2.md,only_file,31441,761,1,0,references_line,8331,1,1,
ft_screening_decisions,73,398,FT_SCREENED_OUT,qwen3.5:27b,FT_EXCLUDE,no_autonomy_content,2026-03-14T04:16:26.794273+00:00,data/surgical_autonomy/parsed_text/398_v2.md,only_file,36175,256,1,1,references_line,5226,1,1,
ft_screening_decisions,74,399,FT_SCREENED_OUT,qwen3.5:27b,FT_EXCLUDE,insufficient_data,2026-03-14T04:16:50.889858+00:00,data/surgical_autonomy/parsed_text/399_v2.md,only_file,45255,1051,1,1,prefix,14410,1,1,
ft_screening_decisions,75,400,AI_AUDIT_COMPLETE,qwen3.5:27b,FT_ELIGIBLE,eligible,2026-03-14T04:17:18.202937+00:00,data/surgical_autonomy/parsed_text/400_v2.md,only_file,48389,1368,1,1,prefix,17791,1,1,
ft_screening_decisions,76,401,FT_SCREENED_OUT,qwen3.5:27b,FT_EXCLUDE,wrong_specialty,2026-03-14T04:17:47.829151+00:00,data/surgical_autonomy/parsed_text/401_v2.md,only_file,52207,1643,1,1,prefix,22265,1,1,
ft_screening_decisions,77,402,AI_AUDIT_COMPLETE,qwen3.5:27b,FT_ELIGIBLE,eligible,2026-03-14T04:18:16.434372+00:00,data/surgical_autonomy/parsed_text/402_v2.md,only_file,60051,239,1,1,prefix,28325,1,1,
ft_screening_decisions,78,405,AI_AUDIT_COMPLETE,qwen3.5:27b,FT_ELIGIBLE,eligible,2026-03-14T04:18:42.371892+00:00,data/surgical_autonomy/parsed_text/405_v2.md,only_file,43109,231,1,1,prefix,11658,1,1,
ft_screening_decisions,79,406,AI_AUDIT_COMPLETE,qwen3.5:27b,FT_ELIGIBLE,eligible,2026-03-14T04:19:08.753423+00:00,data/surgical_autonomy/parsed_text/406_v2.md,only_file,42699,1237,1,1,prefix,11975,1,1,
ft_screening_decisions,80,407,AI_AUDIT_COMPLETE,qwen3.5:27b,FT_ELIGIBLE,eligible,2026-03-14T04:19:38.842350+00:00,data/surgical_autonomy/parsed_text/407_v2.md,only_file,35096,2065,1,1,references_line,6170,1,1,
ft_screening_decisions,81,409,AI_AUDIT_COMPLETE,qwen3.5:27b,FT_ELIGIBLE,eligible,2026-03-14T04:20:04.111777+00:00,data/surgical_autonomy/parsed_text/409_v2.md,only_file,45715,352,1,1,prefix,14826,1,1,
ft_screening_decisions,82,411,AI_AUDIT_COMPLETE,qwen3.5:27b,FT_ELIGIBLE,eligible,2026-03-14T04:20:32.197522+00:00,data/surgical_autonomy/parsed_text/411_v2.md,only_file,49876,1210,1,1,prefix,19247,1,1,
ft_screening_decisions,83,415,AI_AUDIT_COMPLETE,qwen3.5:27b,FT_ELIGIBLE,eligible,2026-03-14T04:20:59.189580+00:00,data/surgical_autonomy/parsed_text/415_v2.md,only_file,1771635,1523,1,1,prefix,1741158,1,1,
ft_screening_decisions,84,416,FT_SCREENED_OUT,qwen3.5:27b,FT_EXCLUDE,wrong_specialty,2026-03-14T04:21:25.132186+00:00,data/surgical_autonomy/parsed_text/416_v2.md,only_file,2115796,1281,1,1,prefix,2085356,1,1,
ft_screening_decisions,85,417,FT_SCREENED_OUT,qwen3.5:27b,FT_EXCLUDE,wrong_specialty,2026-03-14T04:21:52.361876+00:00,data/surgical_autonomy/parsed_text/417_v2.md,only_file,54005,1839,1,1,prefix,23907,1,1,
ft_screening_decisions,86,421,FT_SCREENED_OUT,qwen3.5:27b,FT_EXCLUDE,protocol_only,2026-03-14T04:22:21.118496+00:00,data/surgical_autonomy/parsed_text/421_v2.md,only_file,45329,2829,1,1,prefix,16310,1,1,
ft_screening_decisions,87,423,FT_SCREENED_OUT,qwen3.5:27b,FT_EXCLUDE,no_autonomy_content,2026-03-14T04:22:44.191049+00:00,data/surgical_autonomy/parsed_text/423_v2.md,only_file,33268,416,1,1,references_line,7230,1,1,
ft_screening_decisions,88,431,AI_AUDIT_COMPLETE,qwen3.5:27b,FT_ELIGIBLE,eligible,2026-03-14T04:23:14.167062+00:00,data/surgical_autonomy/parsed_text/431_v2.md,only_file,38170,317,1,1,references_line,8029,1,1,
ft_screening_decisions,89,432,AI_AUDIT_COMPLETE,qwen3.5:27b,FT_ELIGIBLE,eligible,2026-03-14T04:23:39.144463+00:00,data/surgical_autonomy/parsed_text/432_v2.md,only_file,50790,1675,1,1,prefix,20959,1,1,
ft_screening_decisions,90,433,AI_AUDIT_COMPLETE,qwen3.5:27b,FT_ELIGIBLE,eligible,2026-03-14T04:24:07.096038+00:00,data/surgical_autonomy/parsed_text/433_v2.md,only_file,48629,1526,1,1,prefix,18253,1,1,
ft_screening_decisions,91,434,AI_AUDIT_COMPLETE,qwen3.5:27b,FT_ELIGIBLE,eligible,2026-03-14T04:24:36.330160+00:00,data/surgical_autonomy/parsed_text/434_v2.md,only_file,45849,1155,1,1,prefix,15082,1,1,
ft_screening_decisions,92,436,FT_SCREENED_OUT,qwen3.5:27b,FT_EXCLUDE,wrong_specialty,2026-03-14T04:25:01.537399+00:00,data/surgical_autonomy/parsed_text/436_v2.md,only_file,43091,1697,1,1,prefix,13033,1,1,
ft_screening_decisions,93,437,FT_SCREENED_OUT,qwen3.5:27b,FT_EXCLUDE,wrong_specialty,2026-03-14T04:25:34.188135+00:00,data/surgical_autonomy/parsed_text/437_v2.md,only_file,52402,1859,1,1,prefix,22357,1,1,
ft_screening_decisions,94,438,FT_SCREENED_OUT,qwen3.5:27b,FT_EXCLUDE,wrong_specialty,2026-03-14T04:26:01.079471+00:00,data/surgical_autonomy/parsed_text/438_v2.md,only_file,34874,2958,1,1,prefix,6562,1,1,
ft_screening_decisions,95,439,AI_AUDIT_COMPLETE,qwen3.5:27b,FT_ELIGIBLE,eligible,2026-03-14T04:26:32.823995+00:00,data/surgical_autonomy/parsed_text/439_v2.md,only_file,51239,1047,1,1,prefix,20701,1,1,
ft_screening_decisions,96,440,FT_SCREENED_OUT,qwen3.5:27b,FT_EXCLUDE,no_autonomy_content,2026-03-14T04:27:05.379878+00:00,data/surgical_autonomy/parsed_text/440_v2.md,only_file,34064,1861,1,1,references_line,4423,1,1,
ft_screening_decisions,97,441,FT_SCREENED_OUT,qwen3.5:27b,FT_EXCLUDE,wrong_specialty,2026-03-14T04:27:38.119318+00:00,data/surgical_autonomy/parsed_text/441_v2.md,only_file,29052,1874,0,0,none,0,1,0,
ft_screening_decisions,98,442,AI_AUDIT_COMPLETE,qwen3.5:27b,FT_ELIGIBLE,eligible,2026-03-14T04:28:05.232092+00:00,data/surgical_autonomy/parsed_text/442_v2.md,only_file,50576,1364,1,1,prefix,19964,1,1,
ft_screening_decisions,99,444,FT_SCREENED_OUT,qwen3.5:27b,FT_EXCLUDE,no_autonomy_content,2026-03-14T04:28:33.274491+00:00,data/surgical_autonomy/parsed_text/444_v2.md,only_file,67432,2495,1,1,prefix,38188,1,1,
ft_screening_decisions,100,445,AI_AUDIT_COMPLETE,qwen3.5:27b,FT_ELIGIBLE,eligible,2026-03-14T04:29:02.741243+00:00,data/surgical_autonomy/parsed_text/445_v2.md,only_file,54424,1866,1,1,prefix,24479,1,1,
ft_screening_decisions,101,447,FT_SCREENED_OUT,qwen3.5:27b,FT_EXCLUDE,wrong_specialty,2026-03-14T04:29:23.051208+00:00,data/surgical_autonomy/parsed_text/447_v2.md,only_file,32922,786,1,1,references_line,6089,1,1,
ft_screening_decisions,102,448,FT_SCREENED_OUT,qwen3.5:27b,FT_EXCLUDE,wrong_specialty,2026-03-14T04:29:48.118594+00:00,data/surgical_autonomy/parsed_text/448_v2.md,only_file,80526,1364,1,1,prefix,50039,1,1,
ft_screening_decisions,103,449,AI_AUDIT_COMPLETE,qwen3.5:27b,FT_ELIGIBLE,eligible,2026-03-14T04:30:16.489062+00:00,data/surgical_autonomy/parsed_text/449_v2.md,only_file,34161,1043,1,1,references_line,5142,1,1,
ft_screening_decisions,104,451,FT_SCREENED_OUT,qwen3.5:27b,FT_EXCLUDE,no_autonomy_content,2026-03-14T04:30:44.000259+00:00,data/surgical_autonomy/parsed_text/451_v2.md,only_file,19744,1324,0,0,none,0,1,0,
ft_screening_decisions,105,453,AI_AUDIT_COMPLETE,qwen3.5:27b,FT_ELIGIBLE,eligible,2026-03-14T04:31:11.118312+00:00,data/surgical_autonomy/parsed_text/453_v2.md,only_file,31303,584,0,0,none,0,1,0,
ft_screening_decisions,106,455,AI_AUDIT_COMPLETE,qwen3.5:27b,FT_ELIGIBLE,eligible,2026-03-14T04:31:43.397785+00:00,data/surgical_autonomy/parsed_text/455_v2.md,latest_of_1_existing_at_decision_(2_on_disk),59964,1557,1,1,references_line,33996,2,1,
ft_screening_decisions,107,457,AI_AUDIT_COMPLETE,qwen3.5:27b,FT_ELIGIBLE,eligible,2026-03-14T04:32:07.602696+00:00,data/surgical_autonomy/parsed_text/457_v2.md,only_file,26586,1240,0,0,none,0,1,0,FT_ELIGIBLE
ft_screening_decisions,108,458,AI_AUDIT_COMPLETE,qwen3.5:27b,FT_ELIGIBLE,eligible,2026-03-14T04:32:38.839492+00:00,data/surgical_autonomy/parsed_text/458_v2.md,only_file,61301,340,1,1,prefix,29739,1,1,
ft_screening_decisions,109,459,AI_AUDIT_COMPLETE,qwen3.5:27b,FT_ELIGIBLE,eligible,2026-03-14T04:33:04.775782+00:00,data/surgical_autonomy/parsed_text/459_v2.md,only_file,82860,1802,1,1,prefix,52900,1,1,FT_ELIGIBLE
ft_screening_decisions,110,460,AI_AUDIT_COMPLETE,qwen3.5:27b,FT_ELIGIBLE,eligible,2026-03-14T04:33:37.481011+00:00,data/surgical_autonomy/parsed_text/460_v2.md,only_file,44688,1625,1,1,prefix,14355,1,1,
ft_screening_decisions,111,461,AI_AUDIT_COMPLETE,qwen3.5:27b,FT_ELIGIBLE,eligible,2026-03-14T04:34:10.108179+00:00,data/surgical_autonomy/parsed_text/461_v2.md,only_file,37337,1388,1,1,references_line,7962,1,1,
ft_screening_decisions,112,462,AI_AUDIT_COMPLETE,qwen3.5:27b,FT_ELIGIBLE,eligible,2026-03-14T04:34:40.252863+00:00,data/surgical_autonomy/parsed_text/462_v2.md,only_file,35236,1303,1,1,references_line,6031,1,1,
ft_screening_decisions,113,463,AI_AUDIT_COMPLETE,qwen3.5:27b,FT_ELIGIBLE,eligible,2026-03-14T04:35:06.426748+00:00,data/surgical_autonomy/parsed_text/463_v2.md,only_file,34259,1244,1,1,references_line,5923,1,1,
ft_screening_decisions,114,464,AI_AUDIT_COMPLETE,qwen3.5:27b,FT_ELIGIBLE,eligible,2026-03-14T04:35:34.143651+00:00,data/surgical_autonomy/parsed_text/464_v2.md,only_file,42778,1415,1,1,prefix,12208,1,1,
ft_screening_decisions,115,465,FT_SCREENED_OUT,qwen3.5:27b,FT_EXCLUDE,wrong_specialty,2026-03-14T04:36:52.409708+00:00,data/surgical_autonomy/parsed_text/465_v2.md,only_file,20508,771,0,0,none,0,1,0,
ft_screening_decisions,116,466,AI_AUDIT_COMPLETE,qwen3.5:27b,FT_ELIGIBLE,eligible,2026-03-14T04:37:19.276714+00:00,data/surgical_autonomy/parsed_text/466_v2.md,only_file,44175,1243,1,1,prefix,13436,1,1,
ft_screening_decisions,117,467,AI_AUDIT_COMPLETE,qwen3.5:27b,FT_ELIGIBLE,eligible,2026-03-14T04:37:47.394668+00:00,data/surgical_autonomy/parsed_text/467_v2.md,only_file,61473,1719,1,1,prefix,31473,1,1,
ft_screening_decisions,118,469,FT_SCREENED_OUT,qwen3.5:27b,FT_EXCLUDE,insufficient_data,2026-03-14T04:38:12.668259+00:00,data/surgical_autonomy/parsed_text/469_v2.md,only_file,22607,15850,1,0,prefix,6718,1,1,
ft_screening_decisions,119,470,AI_AUDIT_COMPLETE,qwen3.5:27b,FT_ELIGIBLE,eligible,2026-03-14T04:38:40.581685+00:00,data/surgical_autonomy/parsed_text/470_v2.md,only_file,34849,1487,1,1,references_line,6130,1,1,
ft_screening_decisions,120,471,FT_SCREENED_OUT,qwen3.5:27b,FT_EXCLUDE,no_autonomy_content,2026-03-14T04:39:09.048468+00:00,data/surgical_autonomy/parsed_text/471_v2.md,only_file,32514,1554,1,1,references_line,5869,1,1,
ft_screening_decisions,121,472,AI_AUDIT_COMPLETE,qwen3.5:27b,FT_ELIGIBLE,eligible,2026-03-14T04:39:35.002872+00:00,data/surgical_autonomy/parsed_text/472_v2.md,only_file,38262,1202,1,1,prefix,7582,1,1,
ft_screening_decisions,122,473,AI_AUDIT_COMPLETE,qwen3.5:27b,FT_ELIGIBLE,eligible,2026-03-14T04:40:00.934750+00:00,data/surgical_autonomy/parsed_text/473_v2.md,only_file,25025,1221,0,0,none,0,1,0,
ft_screening_decisions,123,474,AI_AUDIT_COMPLETE,qwen3.5:27b,FT_ELIGIBLE,eligible,2026-03-14T04:40:27.657715+00:00,data/surgical_autonomy/parsed_text/474_v2.md,only_file,46069,1325,1,1,prefix,15610,1,1,FT_ELIGIBLE
ft_screening_decisions,124,475,AI_AUDIT_COMPLETE,qwen3.5:27b,FT_ELIGIBLE,eligible,2026-03-14T04:40:52.137408+00:00,data/surgical_autonomy/parsed_text/475_v2.md,only_file,32176,1437,1,1,references_line,4230,1,1,
ft_screening_decisions,125,476,AI_AUDIT_COMPLETE,qwen3.5:27b,FT_ELIGIBLE,eligible,2026-03-14T04:41:26.431083+00:00,data/surgical_autonomy/parsed_text/476_v2.md,only_file,43427,1466,1,1,prefix,12941,1,1,
ft_screening_decisions,126,477,AI_AUDIT_COMPLETE,qwen3.5:27b,FT_ELIGIBLE,eligible,2026-03-14T04:41:54.346180+00:00,data/surgical_autonomy/parsed_text/477_v2.md,only_file,46178,1409,1,1,prefix,15830,1,1,
ft_screening_decisions,127,478,AI_AUDIT_COMPLETE,qwen3.5:27b,FT_ELIGIBLE,eligible,2026-03-14T04:42:19.960019+00:00,data/surgical_autonomy/parsed_text/478_v2.md,only_file,45844,1700,1,1,prefix,15592,1,1,FT_ELIGIBLE
ft_screening_decisions,128,479,FT_SCREENED_OUT,qwen3.5:27b,FT_EXCLUDE,no_autonomy_content,2026-03-14T04:42:55.027688+00:00,data/surgical_autonomy/parsed_text/479_v2.md,only_file,57809,1275,1,1,prefix,27197,1,1,
ft_screening_decisions,129,480,AI_AUDIT_COMPLETE,qwen3.5:27b,FT_ELIGIBLE,eligible,2026-03-14T04:43:21.817734+00:00,data/surgical_autonomy/parsed_text/480_v2.md,only_file,54828,3251,1,1,prefix,26228,1,1,
ft_screening_decisions,130,481,FT_SCREENED_OUT,qwen3.5:27b,FT_EXCLUDE,no_autonomy_content,2026-03-14T04:43:50.119780+00:00,data/surgical_autonomy/parsed_text/481_v2.md,only_file,21350,1030,0,0,none,0,1,0,
ft_screening_decisions,131,482,FT_SCREENED_OUT,qwen3.5:27b,FT_EXCLUDE,wrong_specialty,2026-03-14T04:44:20.754094+00:00,data/surgical_autonomy/parsed_text/482_v2.md,only_file,26649,793,0,0,none,0,1,0,
ft_screening_decisions,132,483,FT_SCREENED_OUT,qwen3.5:27b,FT_EXCLUDE,no_autonomy_content,2026-03-14T04:45:01.452929+00:00,data/surgical_autonomy/parsed_text/483_v2.md,only_file,31233,1588,1,0,references_line,5351,1,1,
ft_screening_decisions,133,484,FT_SCREENED_OUT,qwen3.5:27b,FT_EXCLUDE,insufficient_data,2026-03-14T04:45:15.387385+00:00,data/surgical_autonomy/parsed_text/484_v2.md,only_file,369,1092,0,0,none,0,1,0,
ft_screening_decisions,134,485,AI_AUDIT_COMPLETE,qwen3.5:27b,FT_ELIGIBLE,eligible,2026-03-14T04:45:42.637361+00:00,data/surgical_autonomy/parsed_text/485_v2.md,only_file,37544,1280,1,1,prefix,7013,1,1,
ft_screening_decisions,135,486,AI_AUDIT_COMPLETE,qwen3.5:27b,FT_ELIGIBLE,eligible,2026-03-14T04:46:15.551760+00:00,data/surgical_autonomy/parsed_text/486_v2.md,only_file,42550,1302,1,1,prefix,12043,1,1,FT_ELIGIBLE
ft_screening_decisions,136,487,AI_AUDIT_COMPLETE,qwen3.5:27b,FT_ELIGIBLE,eligible,2026-03-14T04:46:40.984188+00:00,data/surgical_autonomy/parsed_text/487_v2.md,only_file,78137,1066,1,1,prefix,47218,1,1,
ft_screening_decisions,137,488,AI_AUDIT_COMPLETE,qwen3.5:27b,FT_ELIGIBLE,eligible,2026-03-14T04:47:09.150219+00:00,data/surgical_autonomy/parsed_text/488_v2.md,only_file,32780,1205,1,1,references_line,4897,1,1,
ft_screening_decisions,138,489,AI_AUDIT_COMPLETE,qwen3.5:27b,FT_ELIGIBLE,eligible,2026-03-14T04:47:35.360009+00:00,data/surgical_autonomy/parsed_text/489_v2.md,only_file,49948,1970,1,1,prefix,19958,1,1,FT_ELIGIBLE
ft_screening_decisions,139,490,FT_SCREENED_OUT,qwen3.5:27b,FT_EXCLUDE,wrong_specialty,2026-03-14T04:48:14.603658+00:00,data/surgical_autonomy/parsed_text/490_v2.md,only_file,20942,575,0,0,none,0,1,0,
ft_screening_decisions,140,491,AI_AUDIT_COMPLETE,qwen3.5:27b,FT_ELIGIBLE,eligible,2026-03-14T04:48:34.917655+00:00,data/surgical_autonomy/parsed_text/491_v2.md,only_file,10129,1413,0,0,none,0,1,0,
ft_screening_decisions,141,492,AI_AUDIT_COMPLETE,qwen3.5:27b,FT_ELIGIBLE,eligible,2026-03-14T04:49:03.609751+00:00,data/surgical_autonomy/parsed_text/492_v2.md,only_file,47719,1571,1,1,prefix,17315,1,1,
ft_screening_decisions,142,493,AI_AUDIT_COMPLETE,qwen3.5:27b,FT_ELIGIBLE,eligible,2026-03-14T04:49:32.930302+00:00,data/surgical_autonomy/parsed_text/493_v2.md,only_file,71700,3288,1,1,prefix,43091,1,1,
ft_screening_decisions,143,494,FT_SCREENED_OUT,qwen3.5:27b,FT_EXCLUDE,wrong_specialty,2026-03-14T04:50:01.271193+00:00,data/surgical_autonomy/parsed_text/494_v2.md,only_file,104805,1232,1,1,prefix,75486,1,1,
ft_screening_decisions,144,495,FT_SCREENED_OUT,qwen3.5:27b,FT_EXCLUDE,no_autonomy_content,2026-03-14T04:50:29.898539+00:00,data/surgical_autonomy/parsed_text/495_v2.md,only_file,30131,640,0,0,none,0,1,0,
ft_screening_decisions,145,496,FT_SCREENED_OUT,qwen3.5:27b,FT_EXCLUDE,protocol_only,2026-03-14T04:50:57.909956+00:00,data/surgical_autonomy/parsed_text/496_v2.md,only_file,48391,1200,1,1,prefix,17953,1,1,
ft_screening_decisions,146,497,AI_AUDIT_COMPLETE,qwen3.5:27b,FT_ELIGIBLE,eligible,2026-03-14T04:51:21.642482+00:00,data/surgical_autonomy/parsed_text/497_v2.md,only_file,32197,1019,1,1,references_line,4957,1,1,
ft_screening_decisions,147,498,AI_AUDIT_COMPLETE,qwen3.5:27b,FT_ELIGIBLE,eligible,2026-03-14T04:51:48.919238+00:00,data/surgical_autonomy/parsed_text/498_v2.md,only_file,148805,1843,1,1,prefix,119595,1,1,
ft_screening_decisions,148,499,FT_SCREENED_OUT,qwen3.5:27b,FT_EXCLUDE,wrong_intervention,2026-03-14T04:52:12.964681+00:00,data/surgical_autonomy/parsed_text/499_v2.md,only_file,30097,1259,0,0,none,0,1,0,
ft_screening_decisions,149,500,FT_SCREENED_OUT,qwen3.5:27b,FT_EXCLUDE,insufficient_data,2026-03-14T04:52:36.690112+00:00,data/surgical_autonomy/parsed_text/500_v2.md,only_file,43917,1528,1,1,prefix,13612,1,1,
ft_screening_decisions,150,501,FT_SCREENED_OUT,qwen3.5:27b,FT_EXCLUDE,no_autonomy_content,2026-03-14T04:53:18.333154+00:00,data/surgical_autonomy/parsed_text/501_v2.md,only_file,299972,1035,1,1,prefix,269007,1,1,
ft_screening_decisions,151,502,AI_AUDIT_COMPLETE,qwen3.5:27b,FT_ELIGIBLE,eligible,2026-03-14T04:53:50.567269+00:00,data/surgical_autonomy/parsed_text/502_v2.md,only_file,42068,1709,1,1,prefix,11865,1,1,
ft_screening_decisions,152,504,AI_AUDIT_COMPLETE,qwen3.5:27b,FT_ELIGIBLE,eligible,2026-03-14T04:54:16.085759+00:00,data/surgical_autonomy/parsed_text/504_v2.md,only_file,40937,1556,1,1,prefix,10523,1,1,
ft_screening_decisions,153,505,FT_SCREENED_OUT,qwen3.5:27b,FT_EXCLUDE,no_autonomy_content,2026-03-14T04:54:48.554379+00:00,data/surgical_autonomy/parsed_text/505_v2.md,only_file,23891,1141,0,0,none,0,1,0,
ft_screening_decisions,154,506,FT_SCREENED_OUT,qwen3.5:27b,FT_EXCLUDE,insufficient_data,2026-03-14T04:55:15.244561+00:00,data/surgical_autonomy/parsed_text/506_v2.md,only_file,35222,1345,1,1,prefix,4610,1,1,
ft_screening_decisions,155,507,AI_AUDIT_COMPLETE,qwen3.5:27b,FT_ELIGIBLE,eligible,2026-03-14T04:55:39.987571+00:00,data/surgical_autonomy/parsed_text/507_v2.md,only_file,32041,1219,1,1,references_line,3626,1,1,
ft_screening_decisions,156,508,FT_SCREENED_OUT,qwen3.5:27b,FT_EXCLUDE,wrong_specialty,2026-03-14T04:56:09.941760+00:00,data/surgical_autonomy/parsed_text/508_v2.md,only_file,28773,1314,0,0,none,0,1,0,
ft_screening_decisions,157,509,AI_AUDIT_COMPLETE,qwen3.5:27b,FT_ELIGIBLE,eligible,2026-03-14T04:56:37.376301+00:00,data/surgical_autonomy/parsed_text/509_v2.md,only_file,40347,1067,1,1,references_line,9896,1,1,
ft_screening_decisions,158,510,FT_SCREENED_OUT,qwen3.5:27b,FT_EXCLUDE,wrong_specialty,2026-03-14T04:57:12.049923+00:00,data/surgical_autonomy/parsed_text/510_v2.md,only_file,297725,937,1,1,prefix,266662,1,1,
ft_screening_decisions,159,511,AI_AUDIT_COMPLETE,qwen3.5:27b,FT_ELIGIBLE,eligible,2026-03-14T04:57:38.319052+00:00,data/surgical_autonomy/parsed_text/511_v2.md,only_file,82257,3031,1,1,prefix,53329,1,1,FT_ELIGIBLE
ft_screening_decisions,160,512,FT_SCREENED_OUT,qwen3.5:27b,FT_EXCLUDE,no_autonomy_content,2026-03-14T04:58:08.952924+00:00,data/surgical_autonomy/parsed_text/512_v2.md,only_file,28522,1266,0,0,none,0,1,0,
ft_screening_decisions,161,513,AI_AUDIT_COMPLETE,qwen3.5:27b,FT_ELIGIBLE,eligible,2026-03-14T04:58:35.427445+00:00,data/surgical_autonomy/parsed_text/513_v2.md,only_file,34043,1792,1,1,prefix,3956,1,1,
ft_screening_decisions,162,514,AI_AUDIT_COMPLETE,qwen3.5:27b,FT_ELIGIBLE,eligible,2026-03-14T04:59:01.199980+00:00,data/surgical_autonomy/parsed_text/514_v2.md,only_file,47755,1953,1,1,prefix,17775,1,1,
ft_screening_decisions,163,515,AI_AUDIT_COMPLETE,qwen3.5:27b,FT_ELIGIBLE,eligible,2026-03-14T04:59:26.140396+00:00,data/surgical_autonomy/parsed_text/515_v2.md,only_file,37968,990,1,1,references_line,7754,1,1,
ft_screening_decisions,164,516,AI_AUDIT_COMPLETE,qwen3.5:27b,FT_ELIGIBLE,eligible,2026-03-14T04:59:53.768110+00:00,data/surgical_autonomy/parsed_text/516_v2.md,only_file,40806,1550,1,1,prefix,10469,1,1,FT_ELIGIBLE
ft_screening_decisions,165,517,AI_AUDIT_COMPLETE,qwen3.5:27b,FT_ELIGIBLE,eligible,2026-03-14T05:00:22.236120+00:00,data/surgical_autonomy/parsed_text/517_v2.md,only_file,31731,1069,1,0,references_line,6190,1,1,FT_ELIGIBLE
ft_screening_decisions,166,518,FT_SCREENED_OUT,qwen3.5:27b,FT_EXCLUDE,no_autonomy_content,2026-03-14T05:00:49.582254+00:00,data/surgical_autonomy/parsed_text/518_v2.md,only_file,23953,1536,0,0,none,0,1,0,
ft_screening_decisions,167,519,AI_AUDIT_COMPLETE,qwen3.5:27b,FT_ELIGIBLE,eligible,2026-03-14T05:01:17.845826+00:00,data/surgical_autonomy/parsed_text/519_v2.md,only_file,30809,899,0,0,none,0,1,0,
ft_screening_decisions,168,520,FT_SCREENED_OUT,qwen3.5:27b,FT_EXCLUDE,no_autonomy_content,2026-03-14T05:01:44.078472+00:00,data/surgical_autonomy/parsed_text/520_v2.md,only_file,32389,1190,1,1,references_line,8838,1,1,
ft_screening_decisions,169,521,FT_SCREENED_OUT,qwen3.5:27b,FT_EXCLUDE,no_autonomy_content,2026-03-14T05:02:15.347937+00:00,data/surgical_autonomy/parsed_text/521_v2.md,only_file,53253,1478,1,1,prefix,22819,1,1,
ft_screening_decisions,170,522,AI_AUDIT_COMPLETE,qwen3.5:27b,FT_ELIGIBLE,eligible,2026-03-14T05:02:41.929416+00:00,data/surgical_autonomy/parsed_text/522_v2.md,only_file,65182,1617,1,1,prefix,34802,1,1,
ft_screening_decisions,171,525,FT_SCREENED_OUT,qwen3.5:27b,FT_ELIGIBLE,eligible,2026-03-14T05:03:09.289094+00:00,data/surgical_autonomy/parsed_text/525_v2.md,only_file,83676,2192,1,1,prefix,54831,1,1,FT_SCREENED_OUT
ft_screening_decisions,172,526,AI_AUDIT_COMPLETE,qwen3.5:27b,FT_ELIGIBLE,eligible,2026-03-14T05:03:36.906462+00:00,data/surgical_autonomy/parsed_text/526_v2.md,only_file,74496,2136,1,1,prefix,44786,1,1,
ft_screening_decisions,173,527,FT_SCREENED_OUT,qwen3.5:27b,FT_EXCLUDE,no_autonomy_content,2026-03-14T05:04:06.178113+00:00,data/surgical_autonomy/parsed_text/527_v2.md,only_file,41091,1062,1,1,prefix,10232,1,1,
ft_screening_decisions,174,528,AI_AUDIT_COMPLETE,qwen3.5:27b,FT_ELIGIBLE,eligible,2026-03-14T05:04:33.590566+00:00,data/surgical_autonomy/parsed_text/528_v2.md,only_file,30228,1413,0,0,none,0,1,0,
ft_screening_decisions,175,529,FT_SCREENED_OUT,qwen3.5:27b,FT_EXCLUDE,wrong_specialty,2026-03-14T05:04:57.955475+00:00,data/surgical_autonomy/parsed_text/529_v2.md,only_file,31638,1625,1,0,prefix,1350,1,1,
ft_screening_decisions,176,531,FT_SCREENED_OUT,qwen3.5:27b,FT_EXCLUDE,wrong_specialty,2026-03-14T05:05:30.693639+00:00,data/surgical_autonomy/parsed_text/531_v2.md,only_file,23826,1690,0,0,none,0,1,0,
ft_screening_decisions,177,532,AI_AUDIT_COMPLETE,qwen3.5:27b,FT_ELIGIBLE,eligible,2026-03-14T05:06:02.296754+00:00,data/surgical_autonomy/parsed_text/532_v2.md,only_file,57232,1473,1,1,prefix,26845,1,1,
ft_screening_decisions,178,534,AI_AUDIT_COMPLETE,qwen3.5:27b,FT_ELIGIBLE,eligible,2026-03-14T05:06:29.402844+00:00,data/surgical_autonomy/parsed_text/534_v2.md,only_file,43869,1233,1,1,prefix,13205,1,1,
ft_screening_decisions,179,535,FT_SCREENED_OUT,qwen3.5:27b,FT_EXCLUDE,no_autonomy_content,2026-03-14T05:07:06.482143+00:00,data/surgical_autonomy/parsed_text/535_v2.md,only_file,35550,1836,1,1,prefix,5394,1,1,
ft_screening_decisions,180,536,AI_AUDIT_COMPLETE,qwen3.5:27b,FT_ELIGIBLE,eligible,2026-03-14T05:07:34.290748+00:00,data/surgical_autonomy/parsed_text/536_v2.md,only_file,56296,1362,1,1,prefix,25692,1,1,
ft_screening_decisions,181,537,AI_AUDIT_COMPLETE,qwen3.5:27b,FT_ELIGIBLE,eligible,2026-03-14T05:08:01.621441+00:00,data/surgical_autonomy/parsed_text/537_v2.md,only_file,36202,678,1,1,references_line,6094,1,1,
ft_screening_decisions,182,538,AI_AUDIT_COMPLETE,qwen3.5:27b,FT_ELIGIBLE,eligible,2026-03-14T05:08:30.991970+00:00,data/surgical_autonomy/parsed_text/538_v2.md,only_file,45311,1894,1,1,prefix,15405,1,1,
ft_screening_decisions,183,540,FT_SCREENED_OUT,qwen3.5:27b,FT_EXCLUDE,wrong_specialty,2026-03-14T05:08:56.903335+00:00,data/surgical_autonomy/parsed_text/540_v2.md,only_file,26678,1190,0,0,none,0,1,0,
ft_screening_decisions,184,541,AI_AUDIT_COMPLETE,qwen3.5:27b,FT_ELIGIBLE,eligible,2026-03-14T05:09:24.345863+00:00,data/surgical_autonomy/parsed_text/541_v2.md,only_file,36624,1568,1,1,references_line,7895,1,1,
ft_screening_decisions,185,542,AI_AUDIT_COMPLETE,qwen3.5:27b,FT_ELIGIBLE,eligible,2026-03-14T05:09:50.472957+00:00,data/surgical_autonomy/parsed_text/542_v2.md,only_file,40128,1199,1,1,prefix,9423,1,1,
ft_screening_decisions,186,543,AI_AUDIT_COMPLETE,qwen3.5:27b,FT_ELIGIBLE,eligible,2026-03-14T05:10:18.910287+00:00,data/surgical_autonomy/parsed_text/543_v2.md,only_file,66027,1530,1,1,prefix,35655,1,1,FT_ELIGIBLE
ft_screening_decisions,187,544,FT_SCREENED_OUT,qwen3.5:27b,FT_EXCLUDE,wrong_specialty,2026-03-14T05:10:41.612788+00:00,data/surgical_autonomy/parsed_text/544_v2.md,only_file,32018,1227,1,1,references_line,8109,1,1,
ft_screening_decisions,188,545,FT_SCREENED_OUT,qwen3.5:27b,FT_EXCLUDE,no_autonomy_content,2026-03-14T05:11:12.053151+00:00,data/surgical_autonomy/parsed_text/545_v2.md,only_file,32130,1027,1,1,references_line,3828,1,1,
ft_screening_decisions,189,546,AI_AUDIT_COMPLETE,qwen3.5:27b,FT_ELIGIBLE,eligible,2026-03-14T05:11:37.479381+00:00,data/surgical_autonomy/parsed_text/546_v2.md,only_file,64331,2946,1,1,prefix,35340,1,1,FT_ELIGIBLE
ft_screening_decisions,190,547,FT_SCREENED_OUT,qwen3.5:27b,FT_EXCLUDE,insufficient_data,2026-03-14T05:12:01.556067+00:00,data/surgical_autonomy/parsed_text/547_v2.md,only_file,36479,1167,1,1,references_line,8120,1,1,
ft_screening_decisions,191,548,AI_AUDIT_COMPLETE,qwen3.5:27b,FT_ELIGIBLE,eligible,2026-03-14T05:12:28.216635+00:00,data/surgical_autonomy/parsed_text/548_v2.md,only_file,36841,1315,1,1,references_line,9100,1,1,
ft_screening_decisions,192,549,AI_AUDIT_COMPLETE,qwen3.5:27b,FT_ELIGIBLE,eligible,2026-03-14T05:12:56.923105+00:00,data/surgical_autonomy/parsed_text/549_v2.md,only_file,35197,1624,1,1,references_line,7183,1,1,
ft_screening_decisions,193,550,AI_AUDIT_COMPLETE,qwen3.5:27b,FT_ELIGIBLE,eligible,2026-03-14T05:13:25.806151+00:00,data/surgical_autonomy/parsed_text/550_v2.md,only_file,45059,1079,1,1,prefix,14366,1,1,
ft_screening_decisions,194,551,FT_SCREENED_OUT,qwen3.5:27b,FT_EXCLUDE,no_autonomy_content,2026-03-14T05:14:02.366689+00:00,data/surgical_autonomy/parsed_text/551_v2.md,only_file,48312,1487,1,1,prefix,18299,1,1,
ft_screening_decisions,195,552,FT_SCREENED_OUT,qwen3.5:27b,FT_EXCLUDE,no_autonomy_content,2026-03-14T05:14:36.001680+00:00,data/surgical_autonomy/parsed_text/552_v2.md,only_file,37542,734,1,1,prefix,6411,1,1,
ft_screening_decisions,196,553,AI_AUDIT_COMPLETE,qwen3.5:27b,FT_ELIGIBLE,eligible,2026-03-14T05:15:04.339109+00:00,data/surgical_autonomy/parsed_text/553_v2.md,only_file,32063,1876,1,1,prefix,1989,1,1,FT_ELIGIBLE
ft_screening_decisions,197,554,AI_AUDIT_COMPLETE,qwen3.5:27b,FT_ELIGIBLE,eligible,2026-03-14T05:15:35.744840+00:00,data/surgical_autonomy/parsed_text/554_v2.md,only_file,31654,1273,1,0,references_line,5490,1,1,
ft_screening_decisions,198,555,FT_SCREENED_OUT,qwen3.5:27b,FT_EXCLUDE,wrong_specialty,2026-03-14T05:16:00.883031+00:00,data/surgical_autonomy/parsed_text/555_v2.md,only_file,55447,1672,1,1,prefix,25277,1,1,
ft_screening_decisions,199,556,AI_AUDIT_COMPLETE,qwen3.5:27b,FT_ELIGIBLE,eligible,2026-03-14T05:16:25.013036+00:00,data/surgical_autonomy/parsed_text/556_v2.md,only_file,20949,1304,0,0,none,0,1,0,
ft_screening_decisions,200,557,AI_AUDIT_COMPLETE,qwen3.5:27b,FT_ELIGIBLE,eligible,2026-03-14T05:16:53.546000+00:00,data/surgical_autonomy/parsed_text/557_v2.md,only_file,49650,1403,1,1,prefix,19259,1,1,
ft_screening_decisions,201,558,FT_SCREENED_OUT,qwen3.5:27b,FT_EXCLUDE,wrong_specialty,2026-03-14T05:17:20.175106+00:00,data/surgical_autonomy/parsed_text/558_v2.md,only_file,65678,1926,1,1,prefix,35837,1,1,
ft_screening_decisions,202,559,FT_SCREENED_OUT,qwen3.5:27b,FT_EXCLUDE,insufficient_data,2026-03-14T05:17:44.323382+00:00,data/surgical_autonomy/parsed_text/559_v2.md,only_file,42805,1545,1,1,prefix,12396,1,1,
ft_screening_decisions,203,560,FT_SCREENED_OUT,qwen3.5:27b,FT_EXCLUDE,wrong_specialty,2026-03-14T05:18:08.599694+00:00,data/surgical_autonomy/parsed_text/560_v2.md,only_file,58967,2401,1,1,prefix,29485,1,1,
ft_screening_decisions,204,561,FT_SCREENED_OUT,qwen3.5:27b,FT_EXCLUDE,wrong_specialty,2026-03-14T05:18:37.682743+00:00,data/surgical_autonomy/parsed_text/561_v2.md,only_file,59931,1196,1,1,prefix,29189,1,1,
ft_screening_decisions,205,562,AI_AUDIT_COMPLETE,qwen3.5:27b,FT_ELIGIBLE,eligible,2026-03-14T05:19:04.428049+00:00,data/surgical_autonomy/parsed_text/562_v2.md,only_file,39818,1980,1,1,references_line,10883,1,1,
ft_screening_decisions,206,563,FT_SCREENED_OUT,qwen3.5:27b,FT_EXCLUDE,wrong_specialty,2026-03-14T05:19:36.263560+00:00,data/surgical_autonomy/parsed_text/563_v2.md,only_file,41701,1570,1,1,prefix,11567,1,1,
ft_screening_decisions,207,564,FT_SCREENED_OUT,qwen3.5:27b,FT_EXCLUDE,no_autonomy_content,2026-03-14T05:20:05.245485+00:00,data/surgical_autonomy/parsed_text/564_v2.md,only_file,35609,1610,1,1,references_line,6451,1,1,
ft_screening_decisions,208,566,AI_AUDIT_COMPLETE,qwen3.5:27b,FT_ELIGIBLE,eligible,2026-03-14T05:20:38.804108+00:00,data/surgical_autonomy/parsed_text/566_v2.md,only_file,32104,1564,1,1,references_line,2846,1,1,
ft_screening_decisions,209,568,AI_AUDIT_COMPLETE,qwen3.5:27b,FT_ELIGIBLE,eligible,2026-03-14T05:21:13.297238+00:00,data/surgical_autonomy/parsed_text/568_v2.md,only_file,48653,1500,1,1,prefix,18288,1,1,
ft_screening_decisions,210,569,FT_SCREENED_OUT,qwen3.5:27b,FT_EXCLUDE,wrong_specialty,2026-03-14T05:21:34.696208+00:00,data/surgical_autonomy/parsed_text/569_v2.md,only_file,24132,1538,0,0,none,0,1,0,
ft_screening_decisions,211,570,AI_AUDIT_COMPLETE,qwen3.5:27b,FT_ELIGIBLE,eligible,2026-03-14T05:22:04.413403+00:00,data/surgical_autonomy/parsed_text/570_v2.md,only_file,39288,1635,1,1,prefix,9066,1,1,
ft_screening_decisions,212,571,FT_SCREENED_OUT,qwen3.5:27b,FT_EXCLUDE,no_autonomy_content,2026-03-14T05:22:36.629306+00:00,data/surgical_autonomy/parsed_text/571_v2.md,only_file,46349,3304,1,1,prefix,17757,1,1,
ft_screening_decisions,213,572,AI_AUDIT_COMPLETE,qwen3.5:27b,FT_ELIGIBLE,eligible,2026-03-14T05:23:05.185058+00:00,data/surgical_autonomy/parsed_text/572_v2.md,only_file,36226,1559,1,1,prefix,6028,1,1,
ft_screening_decisions,214,573,FT_SCREENED_OUT,qwen3.5:27b,FT_EXCLUDE,no_autonomy_content,2026-03-14T05:23:34.442210+00:00,data/surgical_autonomy/parsed_text/573_v2.md,only_file,41056,2226,1,1,prefix,11291,1,1,
ft_screening_decisions,215,574,AI_AUDIT_COMPLETE,qwen3.5:27b,FT_ELIGIBLE,eligible,2026-03-14T05:24:01.321215+00:00,data/surgical_autonomy/parsed_text/574_v2.md,only_file,39576,1156,1,1,prefix,8840,1,1,
ft_screening_decisions,216,575,FT_SCREENED_OUT,qwen3.5:27b,FT_EXCLUDE,wrong_specialty,2026-03-14T05:24:29.436250+00:00,data/surgical_autonomy/parsed_text/575_v2.md,only_file,21586,910,0,0,none,0,1,0,
ft_screening_decisions,217,576,AI_AUDIT_COMPLETE,qwen3.5:27b,FT_ELIGIBLE,eligible,2026-03-14T05:24:52.805215+00:00,data/surgical_autonomy/parsed_text/576_v2.md,only_file,20415,871,0,0,none,0,1,0,
ft_screening_decisions,218,577,AI_AUDIT_COMPLETE,qwen3.5:27b,FT_ELIGIBLE,eligible,2026-03-14T05:25:20.525144+00:00,data/surgical_autonomy/parsed_text/577_v2.md,only_file,30938,905,0,0,none,0,1,0,FT_ELIGIBLE
ft_screening_decisions,219,578,FT_SCREENED_OUT,qwen3.5:27b,FT_EXCLUDE,no_autonomy_content,2026-03-14T05:26:08.473913+00:00,data/surgical_autonomy/parsed_text/578_v2.md,only_file,34029,1063,1,1,references_line,6261,1,1,
ft_screening_decisions,220,579,FT_SCREENED_OUT,qwen3.5:27b,FT_EXCLUDE,no_autonomy_content,2026-03-14T05:26:40.609645+00:00,data/surgical_autonomy/parsed_text/579_v2.md,only_file,71354,1482,1,1,prefix,40840,1,1,
ft_screening_decisions,221,580,AI_AUDIT_COMPLETE,qwen3.5:27b,FT_ELIGIBLE,eligible,2026-03-14T05:27:07.768584+00:00,data/surgical_autonomy/parsed_text/580_v2.md,only_file,52488,1056,1,1,prefix,21575,1,1,
ft_screening_decisions,222,581,AI_AUDIT_COMPLETE,qwen3.5:27b,FT_ELIGIBLE,eligible,2026-03-14T05:27:32.747358+00:00,data/surgical_autonomy/parsed_text/581_v2.md,only_file,75443,3359,1,1,prefix,46852,1,1,
ft_screening_decisions,223,583,FT_SCREENED_OUT,qwen3.5:27b,FT_EXCLUDE,protocol_only,2026-03-14T05:27:58.641952+00:00,data/surgical_autonomy/parsed_text/583_v2.md,only_file,28024,1050,0,0,none,0,1,0,
ft_screening_decisions,224,584,FT_SCREENED_OUT,qwen3.5:27b,FT_EXCLUDE,wrong_intervention,2026-03-14T05:28:23.838487+00:00,data/surgical_autonomy/parsed_text/584_v2.md,only_file,37590,1471,1,1,prefix,7230,1,1,
ft_screening_decisions,225,585,FT_SCREENED_OUT,qwen3.5:27b,FT_EXCLUDE,no_autonomy_content,2026-03-14T05:29:00.159629+00:00,data/surgical_autonomy/parsed_text/585_v2.md,only_file,33089,1382,1,1,references_line,5174,1,1,
ft_screening_decisions,226,586,AI_AUDIT_COMPLETE,qwen3.5:27b,FT_ELIGIBLE,eligible,2026-03-14T05:29:33.551060+00:00,data/surgical_autonomy/parsed_text/586_v2.md,latest_of_1_existing_at_decision_(2_on_disk),69214,1387,1,1,prefix,38939,2,1,FT_ELIGIBLE
ft_screening_decisions,227,587,FT_SCREENED_OUT,qwen3.5:27b,FT_EXCLUDE,no_autonomy_content,2026-03-14T05:30:03.639836+00:00,data/surgical_autonomy/parsed_text/587_v2.md,only_file,28882,1462,0,0,none,0,1,0,
ft_screening_decisions,228,589,AI_AUDIT_COMPLETE,qwen3.5:27b,FT_ELIGIBLE,eligible,2026-03-14T05:30:28.632752+00:00,data/surgical_autonomy/parsed_text/589_v2.md,only_file,33636,1265,1,1,references_line,6042,1,1,
ft_screening_decisions,229,590,AI_AUDIT_COMPLETE,qwen3.5:27b,FT_ELIGIBLE,eligible,2026-03-14T05:30:53.685104+00:00,data/surgical_autonomy/parsed_text/590_v2.md,only_file,22249,1086,0,0,none,0,1,0,FT_ELIGIBLE
ft_screening_decisions,230,591,FT_SCREENED_OUT,qwen3.5:27b,FT_EXCLUDE,wrong_specialty,2026-03-14T05:31:25.386897+00:00,data/surgical_autonomy/parsed_text/591_v2.md,only_file,35083,989,1,1,references_line,5977,1,1,
ft_screening_decisions,231,592,FT_SCREENED_OUT,qwen3.5:27b,FT_EXCLUDE,wrong_specialty,2026-03-14T05:31:46.662553+00:00,data/surgical_autonomy/parsed_text/592_v2.md,only_file,13145,9557,0,0,none,0,1,0,
ft_screening_decisions,232,593,FT_SCREENED_OUT,qwen3.5:27b,FT_EXCLUDE,no_autonomy_content,2026-03-14T05:32:20.230978+00:00,data/surgical_autonomy/parsed_text/593_v2.md,only_file,33747,1449,1,1,references_line,3883,1,1,
ft_screening_decisions,233,594,FT_SCREENED_OUT,qwen3.5:27b,FT_EXCLUDE,wrong_specialty,2026-03-14T05:32:43.184431+00:00,data/surgical_autonomy/parsed_text/594_v2.md,only_file,38747,1142,1,1,prefix,7962,1,1,
ft_screening_decisions,234,597,FT_SCREENED_OUT,qwen3.5:27b,FT_EXCLUDE,no_autonomy_content,2026-03-14T05:33:22.035603+00:00,data/surgical_autonomy/parsed_text/597_v2.md,only_file,60248,2773,1,1,prefix,31081,1,1,
ft_screening_decisions,235,599,FT_SCREENED_OUT,qwen3.5:27b,FT_EXCLUDE,insufficient_data,2026-03-14T05:33:50.389801+00:00,data/surgical_autonomy/parsed_text/599_v2.md,only_file,44106,1623,1,1,prefix,13799,1,1,
ft_screening_decisions,236,601,FT_SCREENED_OUT,qwen3.5:27b,FT_EXCLUDE,no_autonomy_content,2026-03-14T05:34:20.483106+00:00,data/surgical_autonomy/parsed_text/601_v2.md,only_file,60455,1657,1,1,prefix,30188,1,1,
ft_screening_decisions,237,602,AI_AUDIT_COMPLETE,qwen3.5:27b,FT_ELIGIBLE,eligible,2026-03-14T05:34:45.667300+00:00,data/surgical_autonomy/parsed_text/602_v2.md,only_file,34449,1466,1,1,references_line,5756,1,1,
ft_screening_decisions,238,604,AI_AUDIT_COMPLETE,qwen3.5:27b,FT_ELIGIBLE,eligible,2026-03-14T05:35:12.243319+00:00,data/surgical_autonomy/parsed_text/604_v2.md,only_file,38794,1222,1,1,references_line,9081,1,1,
ft_screening_decisions,239,605,FT_SCREENED_OUT,qwen3.5:27b,FT_EXCLUDE,wrong_specialty,2026-03-14T05:35:47.965132+00:00,data/surgical_autonomy/parsed_text/605_v2.md,only_file,73546,749,1,1,prefix,42440,1,1,
ft_screening_decisions,240,607,AI_AUDIT_COMPLETE,qwen3.5:27b,FT_ELIGIBLE,eligible,2026-03-14T05:36:16.218550+00:00,data/surgical_autonomy/parsed_text/607_v2.md,only_file,130677,1392,1,1,prefix,100173,1,1,FT_ELIGIBLE
ft_screening_decisions,241,608,AI_AUDIT_COMPLETE,qwen3.5:27b,FT_ELIGIBLE,eligible,2026-03-14T05:36:41.712045+00:00,data/surgical_autonomy/parsed_text/608_v2.md,only_file,32604,1075,1,1,references_line,5301,1,1,
ft_screening_decisions,242,609,FT_SCREENED_OUT,qwen3.5:27b,FT_EXCLUDE,no_autonomy_content,2026-03-14T05:37:14.186612+00:00,data/surgical_autonomy/parsed_text/609_v2.md,only_file,27795,1579,0,0,none,0,1,0,
ft_screening_decisions,243,610,AI_AUDIT_COMPLETE,qwen3.5:27b,FT_ELIGIBLE,eligible,2026-03-14T05:37:45.052497+00:00,data/surgical_autonomy/parsed_text/610_v2.md,only_file,49268,1702,1,1,prefix,19028,1,1,
ft_screening_decisions,244,611,FT_SCREENED_OUT,qwen3.5:27b,FT_EXCLUDE,wrong_specialty,2026-03-14T05:38:09.407997+00:00,data/surgical_autonomy/parsed_text/611_v2.md,only_file,34827,1246,1,1,references_line,8503,1,1,
ft_screening_decisions,245,612,FT_SCREENED_OUT,qwen3:32b,FT_EXCLUDE,wrong_specialty,2026-03-14T22:01:48.115626+00:00,data/surgical_autonomy/parsed_text/612_v2.md,only_file,42672,1653,1,1,prefix,12509,1,1,
ft_screening_decisions,246,614,AI_AUDIT_COMPLETE,qwen3:32b,FT_ELIGIBLE,eligible,2026-03-14T22:02:17.399474+00:00,data/surgical_autonomy/parsed_text/614_v2.md,only_file,81561,2715,1,1,prefix,52292,1,1,
ft_screening_decisions,247,616,FT_SCREENED_OUT,qwen3:32b,FT_EXCLUDE,wrong_specialty,2026-03-14T22:02:38.970505+00:00,data/surgical_autonomy/parsed_text/616_v2.md,only_file,59881,660,1,1,prefix,28608,1,1,
ft_screening_decisions,248,617,AI_AUDIT_COMPLETE,qwen3:32b,FT_ELIGIBLE,eligible,2026-03-14T22:03:05.418833+00:00,data/surgical_autonomy/parsed_text/617_v2.md,only_file,75481,2032,1,1,prefix,45574,1,1,
ft_screening_decisions,249,618,AI_AUDIT_COMPLETE,qwen3:32b,FT_ELIGIBLE,eligible,2026-03-14T22:03:35.372929+00:00,data/surgical_autonomy/parsed_text/618_v2.md,only_file,58878,1984,1,1,prefix,28918,1,1,
ft_screening_decisions,250,620,FT_SCREENED_OUT,qwen3:32b,FT_EXCLUDE,wrong_specialty,2026-03-14T22:03:53.320394+00:00,data/surgical_autonomy/parsed_text/620_v2.md,only_file,20265,1166,0,0,none,0,1,0,
ft_screening_decisions,251,622,AI_AUDIT_COMPLETE,qwen3:32b,FT_ELIGIBLE,eligible,2026-03-14T22:04:21.829656+00:00,data/surgical_autonomy/parsed_text/622_v2.md,only_file,85609,2039,1,1,prefix,55935,1,1,
ft_screening_decisions,252,623,AI_AUDIT_COMPLETE,qwen3:32b,FT_ELIGIBLE,eligible,2026-03-14T22:04:49.562718+00:00,data/surgical_autonomy/parsed_text/623_v2.md,only_file,24784,1526,0,0,none,0,1,0,FT_ELIGIBLE
ft_screening_decisions,253,626,AI_AUDIT_COMPLETE,qwen3:32b,FT_ELIGIBLE,eligible,2026-03-14T22:05:15.204056+00:00,data/surgical_autonomy/parsed_text/626_v2.md,only_file,64771,2350,1,1,prefix,35136,1,1,
ft_screening_decisions,254,627,FT_SCREENED_OUT,qwen3:32b,FT_ELIGIBLE,eligible,2026-03-14T22:05:41.354543+00:00,data/surgical_autonomy/parsed_text/627_v2.md,only_file,70453,1656,1,1,prefix,40110,1,1,FT_SCREENED_OUT
ft_screening_decisions,255,628,AI_AUDIT_COMPLETE,qwen3:32b,FT_ELIGIBLE,eligible,2026-03-14T22:06:07.773812+00:00,data/surgical_autonomy/parsed_text/628_v2.md,only_file,30113,1224,0,0,none,0,1,0,FT_ELIGIBLE
ft_screening_decisions,256,629,FT_SCREENED_OUT,qwen3:32b,FT_EXCLUDE,no_autonomy_content,2026-03-14T22:06:24.282912+00:00,data/surgical_autonomy/parsed_text/629_v2.md,only_file,9580,5073,0,0,none,0,1,0,
ft_screening_decisions,257,630,FT_SCREENED_OUT,qwen3:32b,FT_EXCLUDE,wrong_specialty,2026-03-14T22:06:49.953773+00:00,data/surgical_autonomy/parsed_text/630_v2.md,only_file,22693,1192,0,0,none,0,1,0,
ft_screening_decisions,258,631,FT_SCREENED_OUT,qwen3:32b,FT_EXCLUDE,no_autonomy_content,2026-03-14T22:07:12.493477+00:00,data/surgical_autonomy/parsed_text/631_v2.md,only_file,46255,1712,1,1,prefix,16204,1,1,
ft_screening_decisions,259,635,AI_AUDIT_COMPLETE,qwen3:32b,FT_ELIGIBLE,eligible,2026-03-14T22:07:37.562297+00:00,data/surgical_autonomy/parsed_text/635_v2.md,only_file,37914,1563,1,1,prefix,7600,1,1,
ft_screening_decisions,260,637,AI_AUDIT_COMPLETE,qwen3:32b,FT_ELIGIBLE,eligible,2026-03-14T22:08:02.575052+00:00,data/surgical_autonomy/parsed_text/637_v2.md,only_file,32994,1480,1,1,references_line,4896,1,1,
ft_screening_decisions,261,638,FT_SCREENED_OUT,qwen3:32b,FT_EXCLUDE,wrong_specialty,2026-03-14T22:08:26.105537+00:00,data/surgical_autonomy/parsed_text/638_v2.md,only_file,27163,663,0,0,none,0,1,0,
ft_screening_decisions,262,639,AI_AUDIT_COMPLETE,qwen3:32b,FT_ELIGIBLE,eligible,2026-03-14T22:08:52.625869+00:00,data/surgical_autonomy/parsed_text/639_v2.md,only_file,47810,1512,1,1,prefix,17350,1,1,FT_ELIGIBLE
ft_screening_decisions,263,640,AI_AUDIT_COMPLETE,qwen3:32b,FT_ELIGIBLE,eligible,2026-03-14T22:09:14.940889+00:00,data/surgical_autonomy/parsed_text/640_v2.md,only_file,37152,1221,1,1,prefix,6388,1,1,
ft_screening_decisions,264,642,FT_SCREENED_OUT,qwen3:32b,FT_EXCLUDE,no_autonomy_content,2026-03-14T22:09:33.035979+00:00,data/surgical_autonomy/parsed_text/642_v2.md,only_file,19686,1514,0,0,none,0,1,0,
ft_screening_decisions,265,643,AI_AUDIT_COMPLETE,qwen3:32b,FT_ELIGIBLE,eligible,2026-03-14T22:09:59.245923+00:00,data/surgical_autonomy/parsed_text/643_v2.md,only_file,42639,1361,1,1,prefix,12153,1,1,
ft_screening_decisions,266,644,AI_AUDIT_COMPLETE,qwen3:32b,FT_ELIGIBLE,eligible,2026-03-14T22:10:27.180015+00:00,data/surgical_autonomy/parsed_text/644_v2.md,only_file,34916,1518,1,1,references_line,5491,1,1,FT_ELIGIBLE
ft_screening_decisions,267,645,AI_AUDIT_COMPLETE,qwen3:32b,FT_ELIGIBLE,eligible,2026-03-14T22:10:50.814669+00:00,data/surgical_autonomy/parsed_text/645_v2.md,only_file,44641,1511,1,1,prefix,14355,1,1,
ft_screening_decisions,268,646,FT_SCREENED_OUT,qwen3:32b,FT_EXCLUDE,wrong_specialty,2026-03-14T22:11:11.762614+00:00,data/surgical_autonomy/parsed_text/646_v2.md,only_file,27880,1196,0,0,none,0,1,0,
ft_screening_decisions,269,648,FT_SCREENED_OUT,qwen3:32b,FT_EXCLUDE,wrong_specialty,2026-03-14T22:11:35.757352+00:00,data/surgical_autonomy/parsed_text/648_v2.md,only_file,52590,1479,1,1,prefix,22217,1,1,
ft_screening_decisions,270,651,FT_SCREENED_OUT,qwen3:32b,FT_EXCLUDE,wrong_specialty,2026-03-14T22:11:57.492700+00:00,data/surgical_autonomy/parsed_text/651_v2.md,only_file,65386,1166,1,1,prefix,34614,1,1,
ft_screening_decisions,271,653,AI_AUDIT_COMPLETE,qwen3:32b,FT_ELIGIBLE,eligible,2026-03-14T22:12:22.276356+00:00,data/surgical_autonomy/parsed_text/653_v2.md,only_file,36250,1647,1,1,references_line,7065,1,1,
ft_screening_decisions,272,654,AI_AUDIT_COMPLETE,qwen3:32b,FT_ELIGIBLE,eligible,2026-03-14T22:12:46.601523+00:00,data/surgical_autonomy/parsed_text/654_v2.md,only_file,33573,1440,1,1,prefix,3052,1,1,
ft_screening_decisions,273,656,FT_SCREENED_OUT,qwen3:32b,FT_EXCLUDE,wrong_specialty,2026-03-14T22:13:08.682457+00:00,data/surgical_autonomy/parsed_text/656_v2.md,only_file,40973,1567,1,1,prefix,10620,1,1,
ft_screening_decisions,274,658,FT_SCREENED_OUT,qwen3:32b,FT_EXCLUDE,wrong_specialty,2026-03-14T22:13:30.146780+00:00,data/surgical_autonomy/parsed_text/658_v2.md,only_file,37513,1859,1,1,prefix,7401,1,1,
ft_screening_decisions,275,659,AI_AUDIT_COMPLETE,qwen3:32b,FT_ELIGIBLE,eligible,2026-03-14T22:13:55.717282+00:00,data/surgical_autonomy/parsed_text/659_v2.md,only_file,61293,1633,1,1,prefix,31121,1,1,
ft_screening_decisions,276,660,AI_AUDIT_COMPLETE,qwen3:32b,FT_ELIGIBLE,eligible,2026-03-14T22:14:23.340967+00:00,data/surgical_autonomy/parsed_text/660_v2.md,only_file,67316,1383,1,1,prefix,36780,1,1,FT_ELIGIBLE
ft_screening_decisions,277,661,AI_AUDIT_COMPLETE,qwen3:32b,FT_ELIGIBLE,eligible,2026-03-14T22:14:47.538778+00:00,data/surgical_autonomy/parsed_text/661_v2.md,only_file,52713,1796,1,1,prefix,22651,1,1,
ft_screening_decisions,278,663,AI_AUDIT_COMPLETE,qwen3:32b,FT_ELIGIBLE,eligible,2026-03-14T22:15:14.308377+00:00,data/surgical_autonomy/parsed_text/663_v2.md,only_file,58713,1728,1,1,prefix,28596,1,1,
ft_screening_decisions,279,664,FT_SCREENED_OUT,qwen3:32b,FT_ELIGIBLE,eligible,2026-03-14T22:15:39.915691+00:00,data/surgical_autonomy/parsed_text/664_v2.md,only_file,73091,1851,1,1,prefix,45406,1,1,FT_SCREENED_OUT
ft_screening_decisions,280,666,FT_SCREENED_OUT,qwen3:32b,FT_EXCLUDE,wrong_specialty,2026-03-14T22:16:04.046939+00:00,data/surgical_autonomy/parsed_text/666_v2.md,only_file,58959,300,1,1,prefix,28011,1,1,
ft_screening_decisions,281,667,FT_SCREENED_OUT,qwen3:32b,FT_EXCLUDE,no_autonomy_content,2026-03-14T22:16:23.484776+00:00,data/surgical_autonomy/parsed_text/667_v2.md,only_file,17831,3260,0,0,none,0,1,0,
ft_screening_decisions,282,668,AI_AUDIT_COMPLETE,qwen3:32b,FT_ELIGIBLE,eligible,2026-03-14T22:16:48.792689+00:00,data/surgical_autonomy/parsed_text/668_v2.md,only_file,17758,844,0,0,none,0,1,0,
ft_screening_decisions,283,670,AI_AUDIT_COMPLETE,qwen3:32b,FT_ELIGIBLE,eligible,2026-03-14T22:17:17.570004+00:00,data/surgical_autonomy/parsed_text/670_v2.md,only_file,36728,1331,1,1,prefix,6100,1,1,
ft_screening_decisions,284,671,FT_SCREENED_OUT,qwen3:32b,FT_EXCLUDE,wrong_specialty,2026-03-14T22:17:42.148438+00:00,data/surgical_autonomy/parsed_text/671_v2.md,only_file,51301,512,1,1,prefix,19841,1,1,
ft_screening_decisions,285,672,FT_SCREENED_OUT,qwen3:32b,FT_EXCLUDE,wrong_specialty,2026-03-14T22:18:03.684402+00:00,data/surgical_autonomy/parsed_text/672_v2.md,only_file,58642,1410,1,1,prefix,28288,1,1,
ft_screening_decisions,286,674,FT_SCREENED_OUT,qwen3:32b,FT_EXCLUDE,no_autonomy_content,2026-03-14T22:18:28.724841+00:00,data/surgical_autonomy/parsed_text/674_v2.md,only_file,25639,1140,0,0,none,0,1,0,
ft_screening_decisions,287,675,FT_SCREENED_OUT,qwen3:32b,FT_EXCLUDE,no_autonomy_content,2026-03-14T22:18:52.284518+00:00,data/surgical_autonomy/parsed_text/675_v2.md,only_file,39676,1598,1,1,prefix,9276,1,1,
ft_screening_decisions,288,676,AI_AUDIT_COMPLETE,qwen3:32b,FT_ELIGIBLE,eligible,2026-03-14T22:19:21.365018+00:00,data/surgical_autonomy/parsed_text/676_v2.md,only_file,28095,2362,0,0,none,0,1,0,
ft_screening_decisions,289,679,AI_AUDIT_COMPLETE,qwen3:32b,FT_ELIGIBLE,eligible,2026-03-14T22:19:43.297992+00:00,data/surgical_autonomy/parsed_text/679_v2.md,only_file,12314,8154,0,0,none,0,1,0,
ft_screening_decisions,290,681,FT_SCREENED_OUT,qwen3:32b,FT_EXCLUDE,wrong_specialty,2026-03-14T22:20:05.252899+00:00,data/surgical_autonomy/parsed_text/681_v2.md,only_file,40260,1471,1,1,prefix,9798,1,1,
ft_screening_decisions,291,683,AI_AUDIT_COMPLETE,qwen3:32b,FT_ELIGIBLE,eligible,2026-03-14T22:20:30.256478+00:00,data/surgical_autonomy/parsed_text/683_v2.md,only_file,42786,1681,1,1,prefix,12531,1,1,
ft_screening_decisions,292,686,FT_SCREENED_OUT,qwen3:32b,FT_EXCLUDE,wrong_specialty,2026-03-14T22:20:54.837928+00:00,data/surgical_autonomy/parsed_text/686_v2.md,only_file,45833,1520,1,1,prefix,15395,1,1,
ft_screening_decisions,293,687,AI_AUDIT_COMPLETE,qwen3:32b,FT_ELIGIBLE,eligible,2026-03-14T22:21:23.123064+00:00,data/surgical_autonomy/parsed_text/687_v2.md,only_file,33991,1252,1,1,references_line,3918,1,1,
ft_screening_decisions,294,689,AI_AUDIT_COMPLETE,qwen3:32b,FT_ELIGIBLE,eligible,2026-03-14T22:21:48.966723+00:00,data/surgical_autonomy/parsed_text/689_v2.md,only_file,60189,1081,1,1,prefix,29371,1,1,FT_ELIGIBLE
ft_screening_decisions,295,690,AI_AUDIT_COMPLETE,qwen3:32b,FT_ELIGIBLE,eligible,2026-03-14T22:22:14.752612+00:00,data/surgical_autonomy/parsed_text/690_v2.md,only_file,83851,2287,1,1,prefix,54151,1,1,FT_ELIGIBLE
ft_screening_decisions,296,691,AI_AUDIT_COMPLETE,qwen3:32b,FT_ELIGIBLE,eligible,2026-03-14T22:22:41.131440+00:00,data/surgical_autonomy/parsed_text/691_v2.md,only_file,40761,1761,1,1,prefix,10525,1,1,
ft_screening_decisions,297,692,FT_SCREENED_OUT,qwen3:32b,FT_EXCLUDE,no_autonomy_content,2026-03-14T22:23:05.701710+00:00,data/surgical_autonomy/parsed_text/692_v2.md,only_file,29796,1422,0,0,none,0,1,0,
ft_screening_decisions,298,693,AI_AUDIT_COMPLETE,qwen3:32b,FT_ELIGIBLE,eligible,2026-03-14T22:23:38.520935+00:00,data/surgical_autonomy/parsed_text/693_v2.md,only_file,29482,1094,0,0,none,0,1,0,
ft_screening_decisions,299,694,AI_AUDIT_COMPLETE,qwen3:32b,FT_ELIGIBLE,eligible,2026-03-14T22:24:06.050042+00:00,data/surgical_autonomy/parsed_text/694_v2.md,only_file,39335,1112,1,1,prefix,8520,1,1,FT_ELIGIBLE
ft_screening_decisions,300,695,FT_SCREENED_OUT,qwen3:32b,FT_EXCLUDE,wrong_specialty,2026-03-14T22:24:27.941965+00:00,data/surgical_autonomy/parsed_text/695_v2.md,only_file,101325,2108,1,1,prefix,71698,1,1,
ft_screening_decisions,301,697,FT_SCREENED_OUT,qwen3:32b,FT_EXCLUDE,insufficient_data,2026-03-14T22:24:39.186780+00:00,data/surgical_autonomy/parsed_text/697_v2.md,only_file,7208,228,0,0,none,0,1,0,
ft_screening_decisions,302,699,AI_AUDIT_COMPLETE,qwen3:32b,FT_ELIGIBLE,eligible,2026-03-14T22:25:12.009623+00:00,data/surgical_autonomy/parsed_text/699_v2.md,latest_of_1_existing_at_decision_(2_on_disk),48546,1496,1,1,prefix,18093,2,1,
ft_screening_decisions,303,700,AI_AUDIT_COMPLETE,qwen3:32b,FT_ELIGIBLE,eligible,2026-03-14T22:25:39.525752+00:00,data/surgical_autonomy/parsed_text/700_v2.md,only_file,36423,1399,1,1,references_line,7986,1,1,
ft_screening_decisions,304,702,FT_SCREENED_OUT,qwen3:32b,FT_EXCLUDE,no_autonomy_content,2026-03-14T22:26:01.569856+00:00,data/surgical_autonomy/parsed_text/702_v2.md,only_file,44374,1736,1,1,prefix,14237,1,1,
ft_screening_decisions,305,706,FT_SCREENED_OUT,qwen3:32b,FT_EXCLUDE,wrong_specialty,2026-03-14T22:26:24.998059+00:00,data/surgical_autonomy/parsed_text/706_v2.md,only_file,40574,1552,1,1,prefix,10150,1,1,
ft_screening_decisions,306,708,AI_AUDIT_COMPLETE,qwen3:32b,FT_ELIGIBLE,eligible,2026-03-14T22:26:56.027894+00:00,data/surgical_autonomy/parsed_text/708_v2.md,only_file,85603,1910,1,1,prefix,55586,1,1,
ft_screening_decisions,307,709,FT_SCREENED_OUT,qwen3:32b,FT_EXCLUDE,wrong_specialty,2026-03-14T22:27:18.117514+00:00,data/surgical_autonomy/parsed_text/709_v2.md,only_file,27018,1277,0,0,none,0,1,0,
ft_screening_decisions,308,711,FT_SCREENED_OUT,qwen3:32b,FT_EXCLUDE,wrong_specialty,2026-03-14T22:27:39.786404+00:00,data/surgical_autonomy/parsed_text/711_v2.md,only_file,71029,1678,1,1,prefix,40793,1,1,
ft_screening_decisions,309,713,FT_SCREENED_OUT,qwen3:32b,FT_EXCLUDE,no_autonomy_content,2026-03-14T22:28:05.084508+00:00,data/surgical_autonomy/parsed_text/713_v2.md,only_file,67914,1655,1,1,prefix,37624,1,1,
ft_screening_decisions,310,715,FT_SCREENED_OUT,qwen3:32b,FT_EXCLUDE,no_autonomy_content,2026-03-14T22:28:30.834821+00:00,data/surgical_autonomy/parsed_text/715_v2.md,only_file,25550,1964,0,0,none,0,1,0,
ft_screening_decisions,311,717,FT_SCREENED_OUT,qwen3:32b,FT_EXCLUDE,wrong_specialty,2026-03-14T22:28:44.930695+00:00,data/surgical_autonomy/parsed_text/717_v2.md,only_file,3482,1544,0,0,none,0,1,0,
ft_screening_decisions,312,718,FT_SCREENED_OUT,qwen3:32b,FT_EXCLUDE,wrong_specialty,2026-03-14T22:29:09.602310+00:00,data/surgical_autonomy/parsed_text/718_v2.md,only_file,55218,1511,1,1,prefix,24774,1,1,
ft_screening_decisions,313,719,AI_AUDIT_COMPLETE,qwen3:32b,FT_ELIGIBLE,eligible,2026-03-14T22:29:49.722899+00:00,data/surgical_autonomy/parsed_text/719_v2.md,latest_of_1_existing_at_decision_(2_on_disk),279389,745,1,1,prefix,248134,2,1,FT_ELIGIBLE
ft_screening_decisions,314,720,AI_AUDIT_COMPLETE,qwen3:32b,FT_ELIGIBLE,eligible,2026-03-14T22:30:19.266284+00:00,data/surgical_autonomy/parsed_text/720_v2.md,only_file,68660,1931,1,1,prefix,38662,1,1,
ft_screening_decisions,315,731,FT_SCREENED_OUT,qwen3:32b,FT_EXCLUDE,no_autonomy_content,2026-03-14T22:30:43.978402+00:00,data/surgical_autonomy/parsed_text/731_v2.md,only_file,27538,1696,0,0,none,0,1,0,
ft_screening_decisions,316,732,FT_SCREENED_OUT,qwen3:32b,FT_EXCLUDE,wrong_specialty,2026-03-14T22:30:56.055270+00:00,data/surgical_autonomy/parsed_text/732_v2.md,only_file,5516,2125,0,0,none,0,1,0,
ft_screening_decisions,317,738,AI_AUDIT_COMPLETE,qwen3:32b,FT_ELIGIBLE,eligible,2026-03-14T22:31:20.129869+00:00,data/surgical_autonomy/parsed_text/738_v2.md,only_file,38545,824,1,1,references_line,9800,1,1,
ft_screening_decisions,318,739,FT_SCREENED_OUT,qwen3:32b,FT_EXCLUDE,wrong_specialty,2026-03-14T22:31:45.423689+00:00,data/surgical_autonomy/parsed_text/739_v2.md,only_file,57813,1595,1,1,prefix,27464,1,1,
ft_screening_decisions,319,741,AI_AUDIT_COMPLETE,qwen3:32b,FT_ELIGIBLE,eligible,2026-03-14T22:32:13.306530+00:00,data/surgical_autonomy/parsed_text/741_v2.md,only_file,59069,1397,1,1,prefix,28560,1,1,
ft_screening_decisions,320,742,AI_AUDIT_COMPLETE,qwen3:32b,FT_ELIGIBLE,eligible,2026-03-14T22:32:39.548314+00:00,data/surgical_autonomy/parsed_text/742_v2.md,only_file,68550,1550,1,1,prefix,38661,1,1,FT_ELIGIBLE
ft_screening_decisions,321,744,AI_AUDIT_COMPLETE,qwen3:32b,FT_ELIGIBLE,eligible,2026-03-14T22:33:04.749810+00:00,data/surgical_autonomy/parsed_text/744_v2.md,only_file,32085,1334,1,1,references_line,4160,1,1,
ft_screening_decisions,322,747,FT_SCREENED_OUT,qwen3:32b,FT_EXCLUDE,no_autonomy_content,2026-03-14T22:33:26.613240+00:00,data/surgical_autonomy/parsed_text/747_v2.md,only_file,27609,1296,0,0,none,0,1,0,
ft_screening_decisions,323,748,AI_AUDIT_COMPLETE,qwen3:32b,FT_ELIGIBLE,eligible,2026-03-14T22:33:54.604099+00:00,data/surgical_autonomy/parsed_text/748_v2.md,only_file,56017,1708,1,1,prefix,26172,1,1,
ft_screening_decisions,324,750,AI_AUDIT_COMPLETE,qwen3:32b,FT_ELIGIBLE,eligible,2026-03-14T22:34:22.313248+00:00,data/surgical_autonomy/parsed_text/750_v2.md,only_file,37673,1784,1,1,references_line,8561,1,1,
ft_screening_decisions,325,752,AI_AUDIT_COMPLETE,qwen3:32b,FT_ELIGIBLE,eligible,2026-03-14T22:34:46.997857+00:00,data/surgical_autonomy/parsed_text/752_v2.md,only_file,31246,1338,1,0,references_line,5746,1,1,
ft_screening_decisions,326,755,AI_AUDIT_COMPLETE,qwen3:32b,FT_ELIGIBLE,eligible,2026-03-14T22:35:16.933349+00:00,data/surgical_autonomy/parsed_text/755_v2.md,only_file,54492,1319,1,1,prefix,23989,1,1,FT_ELIGIBLE
ft_screening_decisions,327,756,FT_SCREENED_OUT,qwen3:32b,FT_EXCLUDE,wrong_specialty,2026-03-14T22:35:38.979222+00:00,data/surgical_autonomy/parsed_text/756_v2.md,only_file,62745,1537,1,1,prefix,32608,1,1,
ft_screening_decisions,328,758,AI_AUDIT_COMPLETE,qwen3:32b,FT_ELIGIBLE,eligible,2026-03-14T22:36:06.188087+00:00,data/surgical_autonomy/parsed_text/758_v2.md,only_file,26101,1804,0,0,none,0,1,0,
ft_screening_decisions,329,759,FT_SCREENED_OUT,qwen3:32b,FT_EXCLUDE,no_autonomy_content,2026-03-14T22:36:29.144851+00:00,data/surgical_autonomy/parsed_text/759_v2.md,only_file,32994,1353,1,1,references_line,8524,1,1,
ft_screening_decisions,330,760,FT_SCREENED_OUT,qwen3:32b,FT_EXCLUDE,wrong_specialty,2026-03-14T22:36:53.093907+00:00,data/surgical_autonomy/parsed_text/760_v2.md,only_file,49441,2479,1,1,prefix,19940,1,1,
ft_screening_decisions,331,762,FT_SCREENED_OUT,qwen3:32b,FT_EXCLUDE,wrong_specialty,2026-03-14T22:37:14.121157+00:00,data/surgical_autonomy/parsed_text/762_v2.md,only_file,32860,1729,1,1,prefix,2766,1,1,
ft_screening_decisions,332,763,AI_AUDIT_COMPLETE,qwen3:32b,FT_ELIGIBLE,eligible,2026-03-14T22:37:38.097631+00:00,data/surgical_autonomy/parsed_text/763_v2.md,only_file,21685,778,0,0,none,0,1,0,
ft_screening_decisions,333,764,AI_AUDIT_COMPLETE,qwen3:32b,FT_ELIGIBLE,eligible,2026-03-14T22:38:06.150198+00:00,data/surgical_autonomy/parsed_text/764_v2.md,only_file,34526,1387,1,1,references_line,4845,1,1,
ft_screening_decisions,334,766,FT_SCREENED_OUT,qwen3:32b,FT_EXCLUDE,no_autonomy_content,2026-03-14T22:38:35.729909+00:00,data/surgical_autonomy/parsed_text/766_v2.md,only_file,57817,1545,1,1,prefix,27464,1,1,
ft_screening_decisions,335,769,AI_AUDIT_COMPLETE,qwen3:32b,FT_ELIGIBLE,eligible,2026-03-14T22:39:05.552848+00:00,data/surgical_autonomy/parsed_text/769_v2.md,only_file,44012,2674,1,1,prefix,14707,1,1,
ft_screening_decisions,336,770,FT_SCREENED_OUT,qwen3:32b,FT_EXCLUDE,wrong_specialty,2026-03-14T22:39:29.214427+00:00,data/surgical_autonomy/parsed_text/770_v2.md,only_file,41516,607,1,1,prefix,10626,1,1,
ft_screening_decisions,337,776,FT_SCREENED_OUT,qwen3:32b,FT_ELIGIBLE,eligible,2026-03-14T22:39:55.931942+00:00,data/surgical_autonomy/parsed_text/776_v2.md,only_file,53798,1449,1,1,prefix,23358,1,1,FT_SCREENED_OUT
ft_screening_decisions,338,777,FT_SCREENED_OUT,qwen3:32b,FT_EXCLUDE,wrong_specialty,2026-03-14T22:41:06.209340+00:00,data/surgical_autonomy/parsed_text/777_v2.md,only_file,41228,1735,1,1,prefix,11338,1,1,
ft_screening_decisions,339,779,AI_AUDIT_COMPLETE,qwen3:32b,FT_ELIGIBLE,eligible,2026-03-14T22:41:30.939202+00:00,data/surgical_autonomy/parsed_text/779_v2.md,only_file,35303,398,1,1,references_line,4862,1,1,
ft_screening_decisions,340,780,AI_AUDIT_COMPLETE,qwen3:32b,FT_ELIGIBLE,eligible,2026-03-14T22:41:59.716226+00:00,data/surgical_autonomy/parsed_text/780_v2.md,only_file,59427,890,1,1,prefix,28468,1,1,FT_ELIGIBLE
ft_screening_decisions,341,783,AI_AUDIT_COMPLETE,qwen3:32b,FT_ELIGIBLE,eligible,2026-03-14T22:42:19.331004+00:00,data/surgical_autonomy/parsed_text/783_v2.md,only_file,7987,2963,0,0,none,0,1,0,
ft_screening_decisions,342,789,FT_SCREENED_OUT,qwen3:32b,FT_EXCLUDE,wrong_specialty,2026-03-14T22:42:39.026524+00:00,data/surgical_autonomy/parsed_text/789_v2.md,only_file,31634,1986,1,0,references_line,9276,1,1,
ft_screening_decisions,343,796,AI_AUDIT_COMPLETE,qwen3:32b,FT_ELIGIBLE,eligible,2026-03-14T22:43:05.004526+00:00,data/surgical_autonomy/parsed_text/796_v2.md,only_file,36800,441,1,1,references_line,7443,1,1,
ft_screening_decisions,344,799,FT_SCREENED_OUT,qwen3:32b,FT_EXCLUDE,wrong_specialty,2026-03-14T22:43:30.737136+00:00,data/surgical_autonomy/parsed_text/799_v2.md,only_file,22932,1209,0,0,none,0,1,0,
ft_screening_decisions,345,801,AI_AUDIT_COMPLETE,qwen3:32b,FT_ELIGIBLE,eligible,2026-03-14T22:44:00.526427+00:00,data/surgical_autonomy/parsed_text/801_v2.md,only_file,23044,1896,0,0,none,0,1,0,
ft_screening_decisions,346,803,FT_SCREENED_OUT,qwen3:32b,FT_EXCLUDE,wrong_specialty,2026-03-14T22:45:07.755815+00:00,data/surgical_autonomy/parsed_text/803_v2.md,only_file,50252,1437,1,1,prefix,19918,1,1,
ft_screening_decisions,347,5,FT_SCREENED_OUT,qwen3:32b,FT_EXCLUDE,wrong_specialty,2026-03-14T22:45:28.098940+00:00,data/surgical_autonomy/parsed_text/5_v1.md,only_file,32742,1122,1,1,references_line,6693,1,1,
ft_screening_decisions,348,9,AI_AUDIT_COMPLETE,qwen3:32b,FT_ELIGIBLE,eligible,2026-03-14T22:45:53.934472+00:00,data/surgical_autonomy/parsed_text/9_v1.md,only_file,78127,1875,1,1,prefix,48117,1,1,
ft_screening_decisions,349,11,AI_AUDIT_COMPLETE,qwen3:32b,FT_ELIGIBLE,eligible,2026-03-14T22:46:19.709198+00:00,data/surgical_autonomy/parsed_text/11_v1.md,only_file,156196,1632,1,1,prefix,125951,1,1,
ft_screening_decisions,350,12,AI_AUDIT_COMPLETE,qwen3:32b,FT_ELIGIBLE,eligible,2026-03-14T22:46:45.091220+00:00,data/surgical_autonomy/parsed_text/12_v1.md,only_file,38329,1994,1,1,prefix,8657,1,1,
ft_screening_decisions,351,14,AI_AUDIT_COMPLETE,qwen3:32b,FT_ELIGIBLE,eligible,2026-03-14T22:47:11.872741+00:00,data/surgical_autonomy/parsed_text/14_v1.md,only_file,24640,1608,0,0,none,0,1,0,
ft_screening_decisions,352,15,AI_AUDIT_COMPLETE,qwen3:32b,FT_ELIGIBLE,eligible,2026-03-14T22:47:46.016728+00:00,data/surgical_autonomy/parsed_text/15_v1.md,only_file,85409,1578,1,1,prefix,55071,1,1,
ft_screening_decisions,353,17,AI_AUDIT_COMPLETE,qwen3:32b,FT_ELIGIBLE,eligible,2026-03-14T22:48:12.642363+00:00,data/surgical_autonomy/parsed_text/17_v1.md,only_file,33601,893,1,1,references_line,4407,1,1,
ft_screening_decisions,354,22,AI_AUDIT_COMPLETE,qwen3:32b,FT_ELIGIBLE,eligible,2026-03-14T22:49:31.939424+00:00,data/surgical_autonomy/parsed_text/22_v1.md,only_file,71344,2135,1,1,prefix,41774,1,1,
ft_screening_decisions,355,24,AI_AUDIT_COMPLETE,qwen3:32b,FT_ELIGIBLE,eligible,2026-03-14T22:49:53.960444+00:00,data/surgical_autonomy/parsed_text/24_v1.md,only_file,20949,1750,0,0,none,0,1,0,
ft_screening_decisions,356,39,AI_AUDIT_COMPLETE,qwen3:32b,FT_ELIGIBLE,eligible,2026-03-14T22:50:22.359039+00:00,data/surgical_autonomy/parsed_text/39_v1.md,only_file,86358,2183,1,1,prefix,56553,1,1,
ft_screening_decisions,357,47,FT_SCREENED_OUT,qwen3:32b,FT_EXCLUDE,wrong_specialty,2026-03-14T22:50:47.639856+00:00,data/surgical_autonomy/parsed_text/47_v1.md,only_file,84328,1333,1,1,prefix,53721,1,1,
ft_screening_decisions,358,67,AI_AUDIT_COMPLETE,qwen3:32b,FT_ELIGIBLE,eligible,2026-03-14T22:51:11.817547+00:00,data/surgical_autonomy/parsed_text/67_v1.md,only_file,49210,1297,1,1,prefix,18596,1,1,
ft_screening_decisions,359,78,AI_AUDIT_COMPLETE,qwen3:32b,FT_ELIGIBLE,eligible,2026-03-14T22:51:40.054342+00:00,data/surgical_autonomy/parsed_text/78_v1.md,only_file,57633,1319,1,1,prefix,27130,1,1,
ft_screening_decisions,360,81,AI_AUDIT_COMPLETE,qwen3:32b,FT_ELIGIBLE,eligible,2026-03-14T22:53:07.332921+00:00,data/surgical_autonomy/parsed_text/81_v1.md,only_file,48004,1601,1,1,prefix,17753,1,1,
ft_screening_decisions,361,82,AI_AUDIT_COMPLETE,qwen3:32b,FT_ELIGIBLE,eligible,2026-03-14T22:53:34.382832+00:00,data/surgical_autonomy/parsed_text/82_v1.md,only_file,53317,1122,1,1,prefix,23061,1,1,
ft_screening_decisions,362,99,FT_SCREENED_OUT,qwen3:32b,FT_EXCLUDE,wrong_specialty,2026-03-14T22:53:56.817286+00:00,data/surgical_autonomy/parsed_text/99_v1.md,only_file,31710,3381,1,0,references_line,4026,1,1,
ft_screening_decisions,363,102,AI_AUDIT_COMPLETE,qwen3:32b,FT_ELIGIBLE,eligible,2026-03-14T22:54:20.324778+00:00,data/surgical_autonomy/parsed_text/102_v1.md,only_file,35187,1636,1,1,prefix,5160,1,1,
ft_screening_decisions,364,106,FT_SCREENED_OUT,qwen3:32b,FT_EXCLUDE,wrong_specialty,2026-03-14T22:54:45.769515+00:00,data/surgical_autonomy/parsed_text/106_v1.md,only_file,44927,1651,1,1,prefix,14645,1,1,
ft_screening_decisions,365,121,AI_AUDIT_COMPLETE,qwen3:32b,FT_ELIGIBLE,eligible,2026-03-14T22:55:09.820956+00:00,data/surgical_autonomy/parsed_text/121_v1.md,only_file,21348,1981,0,0,none,0,1,0,
ft_screening_decisions,366,132,AI_AUDIT_COMPLETE,qwen3:32b,FT_ELIGIBLE,eligible,2026-03-14T22:55:36.093751+00:00,data/surgical_autonomy/parsed_text/132_v1.md,only_file,43198,1775,1,1,prefix,13025,1,1,
ft_verification_decisions,1,9,AI_AUDIT_COMPLETE,gemma3:27b,FT_ELIGIBLE,,2026-03-13T00:12:06.243025+00:00,data/surgical_autonomy/parsed_text/9_v1.md,only_file,78127,1875,1,1,prefix,48117,1,1,
ft_verification_decisions,2,12,AI_AUDIT_COMPLETE,gemma3:27b,FT_ELIGIBLE,,2026-03-13T00:12:24.539603+00:00,data/surgical_autonomy/parsed_text/12_v1.md,only_file,38329,1994,1,1,prefix,8657,1,1,
ft_verification_decisions,3,168,ABSTRACT_SCREENED_OUT,gemma3:27b,FT_ELIGIBLE,,2026-03-13T00:12:42.695222+00:00,data/surgical_autonomy/parsed_text/168_v1.md,only_file,38194,49,1,1,prefix,6361,1,1,
ft_verification_decisions,4,252,AI_AUDIT_COMPLETE,gemma3:27b,FT_ELIGIBLE,,2026-03-14T22:56:04.960954+00:00,data/surgical_autonomy/parsed_text/252_v2.md,only_file,58719,1843,1,1,prefix,28614,1,1,
ft_verification_decisions,5,262,AI_AUDIT_COMPLETE,gemma3:27b,FT_ELIGIBLE,,2026-03-14T22:56:27.740653+00:00,data/surgical_autonomy/parsed_text/262_v2.md,only_file,31228,382,0,0,none,0,1,0,
ft_verification_decisions,6,268,AI_AUDIT_COMPLETE,gemma3:27b,FT_ELIGIBLE,,2026-03-14T22:56:45.300909+00:00,data/surgical_autonomy/parsed_text/268_v2.md,only_file,22661,1136,0,0,none,0,1,0,
ft_verification_decisions,7,277,AI_AUDIT_COMPLETE,gemma3:27b,FT_ELIGIBLE,,2026-03-14T22:57:02.955313+00:00,data/surgical_autonomy/parsed_text/277_v2.md,only_file,86455,2017,1,1,prefix,56607,1,1,
ft_verification_decisions,8,281,AI_AUDIT_COMPLETE,gemma3:27b,FT_ELIGIBLE,,2026-03-14T22:57:22.673031+00:00,data/surgical_autonomy/parsed_text/281_v2.md,only_file,82853,1617,1,1,prefix,52496,1,1,
ft_verification_decisions,9,286,AI_AUDIT_COMPLETE,gemma3:27b,FT_ELIGIBLE,,2026-03-14T22:57:40.366284+00:00,data/surgical_autonomy/parsed_text/286_v2.md,only_file,59089,512,1,1,prefix,27629,1,1,
ft_verification_decisions,10,292,AI_AUDIT_COMPLETE,gemma3:27b,FT_ELIGIBLE,,2026-03-14T22:57:59.707448+00:00,data/surgical_autonomy/parsed_text/292_v2.md,only_file,60770,1769,1,1,prefix,30616,1,1,
ft_verification_decisions,11,295,AI_AUDIT_COMPLETE,gemma3:27b,FT_ELIGIBLE,,2026-03-14T22:58:24.223573+00:00,data/surgical_autonomy/parsed_text/295_v2.md,only_file,51670,2155,1,1,prefix,22056,1,1,
ft_verification_decisions,12,296,AI_AUDIT_COMPLETE,gemma3:27b,FT_FLAGGED,,2026-03-14T22:58:48.258162+00:00,data/surgical_autonomy/parsed_text/296_v2.md,only_file,78931,1234,1,1,prefix,48181,1,1,FT_ELIGIBLE
ft_verification_decisions,13,297,AI_AUDIT_COMPLETE,gemma3:27b,FT_ELIGIBLE,,2026-03-14T22:59:10.595692+00:00,data/surgical_autonomy/parsed_text/297_v2.md,only_file,56544,1612,1,1,prefix,26222,1,1,
ft_verification_decisions,14,318,AI_AUDIT_COMPLETE,gemma3:27b,FT_ELIGIBLE,,2026-03-14T22:59:29.077795+00:00,data/surgical_autonomy/parsed_text/318_v2.md,only_file,32612,1630,1,1,references_line,5932,1,1,
ft_verification_decisions,15,323,AI_AUDIT_COMPLETE,gemma3:27b,FT_ELIGIBLE,,2026-03-14T22:59:47.022564+00:00,data/surgical_autonomy/parsed_text/323_v2.md,only_file,32164,619,1,1,references_line,6605,1,1,
ft_verification_decisions,16,334,FT_SCREENED_OUT,gemma3:27b,FT_FLAGGED,,2026-03-14T23:00:10.509273+00:00,data/surgical_autonomy/parsed_text/334_v2.md,only_file,47131,1483,1,1,prefix,17050,1,1,FT_SCREENED_OUT
ft_verification_decisions,17,346,AI_AUDIT_COMPLETE,gemma3:27b,FT_FLAGGED,,2026-03-14T23:00:34.594651+00:00,data/surgical_autonomy/parsed_text/346_v2.md,only_file,39232,541,1,1,prefix,7874,1,1,FT_ELIGIBLE
ft_verification_decisions,18,347,AI_AUDIT_COMPLETE,gemma3:27b,FT_ELIGIBLE,,2026-03-14T23:00:53.049780+00:00,data/surgical_autonomy/parsed_text/347_v2.md,only_file,72517,1803,1,1,prefix,42377,1,1,
ft_verification_decisions,19,364,AI_AUDIT_COMPLETE,gemma3:27b,FT_ELIGIBLE,,2026-03-14T23:01:12.884689+00:00,data/surgical_autonomy/parsed_text/364_v2.md,only_file,37942,1616,1,1,prefix,7706,1,1,
ft_verification_decisions,20,366,AI_AUDIT_COMPLETE,gemma3:27b,FT_ELIGIBLE,,2026-03-14T23:01:31.266149+00:00,data/surgical_autonomy/parsed_text/366_v2.md,only_file,77732,305,1,1,prefix,46174,1,1,
ft_verification_decisions,21,368,AI_AUDIT_COMPLETE,gemma3:27b,FT_FLAGGED,,2026-03-14T23:01:52.083606+00:00,data/surgical_autonomy/parsed_text/368_v2.md,only_file,55731,1657,1,1,prefix,25437,1,1,FT_ELIGIBLE
ft_verification_decisions,22,370,AI_AUDIT_COMPLETE,gemma3:27b,FT_ELIGIBLE,,2026-03-14T23:02:09.408957+00:00,data/surgical_autonomy/parsed_text/370_v2.md,only_file,48165,1285,1,1,prefix,17609,1,1,
ft_verification_decisions,23,376,AI_AUDIT_COMPLETE,gemma3:27b,FT_ELIGIBLE,,2026-03-14T23:02:27.590900+00:00,data/surgical_autonomy/parsed_text/376_v2.md,only_file,45637,1566,1,1,prefix,15284,1,1,
ft_verification_decisions,24,378,AI_AUDIT_COMPLETE,gemma3:27b,FT_ELIGIBLE,,2026-03-14T23:02:47.001794+00:00,data/surgical_autonomy/parsed_text/378_v2.md,only_file,44463,1634,1,1,prefix,14491,1,1,
ft_verification_decisions,25,380,AI_AUDIT_COMPLETE,gemma3:27b,FT_ELIGIBLE,,2026-03-14T23:03:05.717098+00:00,data/surgical_autonomy/parsed_text/380_v2.md,only_file,38341,1601,1,1,prefix,8023,1,1,
ft_verification_decisions,26,383,AI_AUDIT_COMPLETE,gemma3:27b,FT_ELIGIBLE,,2026-03-14T23:03:24.902471+00:00,data/surgical_autonomy/parsed_text/383_v2.md,only_file,54857,880,1,1,prefix,23780,1,1,
ft_verification_decisions,27,386,AI_AUDIT_COMPLETE,gemma3:27b,FT_ELIGIBLE,,2026-03-14T23:03:44.824285+00:00,data/surgical_autonomy/parsed_text/386_v2.md,only_file,35314,518,1,1,references_line,4612,1,1,
ft_verification_decisions,28,388,AI_AUDIT_COMPLETE,gemma3:27b,FT_ELIGIBLE,,2026-03-14T23:04:03.173864+00:00,data/surgical_autonomy/parsed_text/388_v2.md,only_file,48425,1589,1,1,prefix,18067,1,1,
ft_verification_decisions,29,392,AI_AUDIT_COMPLETE,gemma3:27b,FT_ELIGIBLE,,2026-03-14T23:04:20.480005+00:00,data/surgical_autonomy/parsed_text/392_v2.md,only_file,33751,641,1,1,references_line,4546,1,1,
ft_verification_decisions,30,395,AI_AUDIT_COMPLETE,gemma3:27b,FT_ELIGIBLE,,2026-03-14T23:04:40.844505+00:00,data/surgical_autonomy/parsed_text/395_v2.md,only_file,60191,1813,1,1,prefix,30078,1,1,
ft_verification_decisions,31,400,AI_AUDIT_COMPLETE,gemma3:27b,FT_ELIGIBLE,,2026-03-14T23:05:00.552092+00:00,data/surgical_autonomy/parsed_text/400_v2.md,only_file,48389,1368,1,1,prefix,17791,1,1,
ft_verification_decisions,32,402,AI_AUDIT_COMPLETE,gemma3:27b,FT_ELIGIBLE,,2026-03-14T23:05:18.860482+00:00,data/surgical_autonomy/parsed_text/402_v2.md,only_file,60051,239,1,1,prefix,28325,1,1,
ft_verification_decisions,33,405,AI_AUDIT_COMPLETE,gemma3:27b,FT_ELIGIBLE,,2026-03-14T23:05:37.100541+00:00,data/surgical_autonomy/parsed_text/405_v2.md,only_file,43109,231,1,1,prefix,11658,1,1,
ft_verification_decisions,34,406,AI_AUDIT_COMPLETE,gemma3:27b,FT_ELIGIBLE,,2026-03-14T23:05:54.873145+00:00,data/surgical_autonomy/parsed_text/406_v2.md,only_file,42699,1237,1,1,prefix,11975,1,1,
ft_verification_decisions,35,407,AI_AUDIT_COMPLETE,gemma3:27b,FT_ELIGIBLE,,2026-03-14T23:06:17.100387+00:00,data/surgical_autonomy/parsed_text/407_v2.md,only_file,35096,2065,1,1,references_line,6170,1,1,
ft_verification_decisions,36,409,AI_AUDIT_COMPLETE,gemma3:27b,FT_ELIGIBLE,,2026-03-14T23:06:34.456342+00:00,data/surgical_autonomy/parsed_text/409_v2.md,only_file,45715,352,1,1,prefix,14826,1,1,
ft_verification_decisions,37,411,AI_AUDIT_COMPLETE,gemma3:27b,FT_ELIGIBLE,,2026-03-14T23:06:55.833802+00:00,data/surgical_autonomy/parsed_text/411_v2.md,only_file,49876,1210,1,1,prefix,19247,1,1,
ft_verification_decisions,38,415,AI_AUDIT_COMPLETE,gemma3:27b,FT_ELIGIBLE,,2026-03-14T23:07:16.819263+00:00,data/surgical_autonomy/parsed_text/415_v2.md,only_file,1771635,1523,1,1,prefix,1741158,1,1,
ft_verification_decisions,39,431,AI_AUDIT_COMPLETE,gemma3:27b,FT_ELIGIBLE,,2026-03-14T23:07:37.245590+00:00,data/surgical_autonomy/parsed_text/431_v2.md,only_file,38170,317,1,1,references_line,8029,1,1,
ft_verification_decisions,40,432,AI_AUDIT_COMPLETE,gemma3:27b,FT_ELIGIBLE,,2026-03-14T23:07:55.173846+00:00,data/surgical_autonomy/parsed_text/432_v2.md,only_file,50790,1675,1,1,prefix,20959,1,1,
ft_verification_decisions,41,433,AI_AUDIT_COMPLETE,gemma3:27b,FT_ELIGIBLE,,2026-03-14T23:08:15.166214+00:00,data/surgical_autonomy/parsed_text/433_v2.md,only_file,48629,1526,1,1,prefix,18253,1,1,
ft_verification_decisions,42,434,AI_AUDIT_COMPLETE,gemma3:27b,FT_ELIGIBLE,,2026-03-14T23:08:33.808469+00:00,data/surgical_autonomy/parsed_text/434_v2.md,only_file,45849,1155,1,1,prefix,15082,1,1,
ft_verification_decisions,43,439,AI_AUDIT_COMPLETE,gemma3:27b,FT_ELIGIBLE,,2026-03-14T23:08:55.845899+00:00,data/surgical_autonomy/parsed_text/439_v2.md,only_file,51239,1047,1,1,prefix,20701,1,1,
ft_verification_decisions,44,442,AI_AUDIT_COMPLETE,gemma3:27b,FT_ELIGIBLE,,2026-03-14T23:09:15.867007+00:00,data/surgical_autonomy/parsed_text/442_v2.md,only_file,50576,1364,1,1,prefix,19964,1,1,
ft_verification_decisions,45,445,AI_AUDIT_COMPLETE,gemma3:27b,FT_ELIGIBLE,,2026-03-14T23:09:35.120976+00:00,data/surgical_autonomy/parsed_text/445_v2.md,only_file,54424,1866,1,1,prefix,24479,1,1,
ft_verification_decisions,46,449,AI_AUDIT_COMPLETE,gemma3:27b,FT_ELIGIBLE,,2026-03-14T23:09:56.544423+00:00,data/surgical_autonomy/parsed_text/449_v2.md,only_file,34161,1043,1,1,references_line,5142,1,1,
ft_verification_decisions,47,453,AI_AUDIT_COMPLETE,gemma3:27b,FT_ELIGIBLE,,2026-03-14T23:10:15.673288+00:00,data/surgical_autonomy/parsed_text/453_v2.md,only_file,31303,584,0,0,none,0,1,0,
ft_verification_decisions,48,455,AI_AUDIT_COMPLETE,gemma3:27b,FT_ELIGIBLE,,2026-03-14T23:10:36.871337+00:00,data/surgical_autonomy/parsed_text/455_v2.md,latest_of_1_existing_at_decision_(2_on_disk),59964,1557,1,1,references_line,33996,2,1,
ft_verification_decisions,49,457,AI_AUDIT_COMPLETE,gemma3:27b,FT_FLAGGED,,2026-03-14T23:10:58.976342+00:00,data/surgical_autonomy/parsed_text/457_v2.md,only_file,26586,1240,0,0,none,0,1,0,FT_ELIGIBLE
ft_verification_decisions,50,458,AI_AUDIT_COMPLETE,gemma3:27b,FT_ELIGIBLE,,2026-03-14T23:11:17.652458+00:00,data/surgical_autonomy/parsed_text/458_v2.md,only_file,61301,340,1,1,prefix,29739,1,1,
ft_verification_decisions,51,459,AI_AUDIT_COMPLETE,gemma3:27b,FT_FLAGGED,,2026-03-14T23:11:41.811255+00:00,data/surgical_autonomy/parsed_text/459_v2.md,only_file,82860,1802,1,1,prefix,52900,1,1,FT_ELIGIBLE
ft_verification_decisions,52,460,AI_AUDIT_COMPLETE,gemma3:27b,FT_ELIGIBLE,,2026-03-14T23:12:00.526555+00:00,data/surgical_autonomy/parsed_text/460_v2.md,only_file,44688,1625,1,1,prefix,14355,1,1,
ft_verification_decisions,53,461,AI_AUDIT_COMPLETE,gemma3:27b,FT_ELIGIBLE,,2026-03-14T23:12:17.835088+00:00,data/surgical_autonomy/parsed_text/461_v2.md,only_file,37337,1388,1,1,references_line,7962,1,1,
ft_verification_decisions,54,462,AI_AUDIT_COMPLETE,gemma3:27b,FT_ELIGIBLE,,2026-03-14T23:12:36.177706+00:00,data/surgical_autonomy/parsed_text/462_v2.md,only_file,35236,1303,1,1,references_line,6031,1,1,
ft_verification_decisions,55,463,AI_AUDIT_COMPLETE,gemma3:27b,FT_ELIGIBLE,,2026-03-14T23:12:54.591079+00:00,data/surgical_autonomy/parsed_text/463_v2.md,only_file,34259,1244,1,1,references_line,5923,1,1,
ft_verification_decisions,56,464,AI_AUDIT_COMPLETE,gemma3:27b,FT_ELIGIBLE,,2026-03-14T23:13:17.861055+00:00,data/surgical_autonomy/parsed_text/464_v2.md,only_file,42778,1415,1,1,prefix,12208,1,1,
ft_verification_decisions,57,466,AI_AUDIT_COMPLETE,gemma3:27b,FT_ELIGIBLE,,2026-03-14T23:13:40.393669+00:00,data/surgical_autonomy/parsed_text/466_v2.md,only_file,44175,1243,1,1,prefix,13436,1,1,
ft_verification_decisions,58,467,AI_AUDIT_COMPLETE,gemma3:27b,FT_ELIGIBLE,,2026-03-14T23:13:58.795441+00:00,data/surgical_autonomy/parsed_text/467_v2.md,only_file,61473,1719,1,1,prefix,31473,1,1,
ft_verification_decisions,59,470,AI_AUDIT_COMPLETE,gemma3:27b,FT_ELIGIBLE,,2026-03-14T23:14:18.689337+00:00,data/surgical_autonomy/parsed_text/470_v2.md,only_file,34849,1487,1,1,references_line,6130,1,1,
ft_verification_decisions,60,472,AI_AUDIT_COMPLETE,gemma3:27b,FT_ELIGIBLE,,2026-03-14T23:14:36.496001+00:00,data/surgical_autonomy/parsed_text/472_v2.md,only_file,38262,1202,1,1,prefix,7582,1,1,
ft_verification_decisions,61,473,AI_AUDIT_COMPLETE,gemma3:27b,FT_ELIGIBLE,,2026-03-14T23:14:54.963342+00:00,data/surgical_autonomy/parsed_text/473_v2.md,only_file,25025,1221,0,0,none,0,1,0,
ft_verification_decisions,62,474,AI_AUDIT_COMPLETE,gemma3:27b,FT_FLAGGED,,2026-03-14T23:15:16.936803+00:00,data/surgical_autonomy/parsed_text/474_v2.md,only_file,46069,1325,1,1,prefix,15610,1,1,FT_ELIGIBLE
ft_verification_decisions,63,475,AI_AUDIT_COMPLETE,gemma3:27b,FT_ELIGIBLE,,2026-03-14T23:15:35.588972+00:00,data/surgical_autonomy/parsed_text/475_v2.md,only_file,32176,1437,1,1,references_line,4230,1,1,
ft_verification_decisions,64,476,AI_AUDIT_COMPLETE,gemma3:27b,FT_ELIGIBLE,,2026-03-14T23:15:55.710643+00:00,data/surgical_autonomy/parsed_text/476_v2.md,only_file,43427,1466,1,1,prefix,12941,1,1,
ft_verification_decisions,65,477,AI_AUDIT_COMPLETE,gemma3:27b,FT_ELIGIBLE,,2026-03-14T23:16:14.962274+00:00,data/surgical_autonomy/parsed_text/477_v2.md,only_file,46178,1409,1,1,prefix,15830,1,1,
ft_verification_decisions,66,478,AI_AUDIT_COMPLETE,gemma3:27b,FT_FLAGGED,,2026-03-14T23:16:33.382969+00:00,data/surgical_autonomy/parsed_text/478_v2.md,only_file,45844,1700,1,1,prefix,15592,1,1,FT_ELIGIBLE
ft_verification_decisions,67,480,AI_AUDIT_COMPLETE,gemma3:27b,FT_ELIGIBLE,,2026-03-14T23:16:59.236252+00:00,data/surgical_autonomy/parsed_text/480_v2.md,only_file,54828,3251,1,1,prefix,26228,1,1,
ft_verification_decisions,68,485,AI_AUDIT_COMPLETE,gemma3:27b,FT_ELIGIBLE,,2026-03-14T23:17:19.533408+00:00,data/surgical_autonomy/parsed_text/485_v2.md,only_file,37544,1280,1,1,prefix,7013,1,1,
ft_verification_decisions,69,486,AI_AUDIT_COMPLETE,gemma3:27b,FT_FLAGGED,,2026-03-14T23:17:39.212097+00:00,data/surgical_autonomy/parsed_text/486_v2.md,only_file,42550,1302,1,1,prefix,12043,1,1,FT_ELIGIBLE
ft_verification_decisions,70,487,AI_AUDIT_COMPLETE,gemma3:27b,FT_ELIGIBLE,,2026-03-14T23:17:57.152269+00:00,data/surgical_autonomy/parsed_text/487_v2.md,only_file,78137,1066,1,1,prefix,47218,1,1,
ft_verification_decisions,71,488,AI_AUDIT_COMPLETE,gemma3:27b,FT_ELIGIBLE,,2026-03-14T23:18:16.108079+00:00,data/surgical_autonomy/parsed_text/488_v2.md,only_file,32780,1205,1,1,references_line,4897,1,1,
ft_verification_decisions,72,489,AI_AUDIT_COMPLETE,gemma3:27b,FT_FLAGGED,,2026-03-14T23:18:38.484453+00:00,data/surgical_autonomy/parsed_text/489_v2.md,only_file,49948,1970,1,1,prefix,19958,1,1,FT_ELIGIBLE
ft_verification_decisions,73,491,AI_AUDIT_COMPLETE,gemma3:27b,FT_ELIGIBLE,,2026-03-14T23:18:55.393899+00:00,data/surgical_autonomy/parsed_text/491_v2.md,only_file,10129,1413,0,0,none,0,1,0,
ft_verification_decisions,74,492,AI_AUDIT_COMPLETE,gemma3:27b,FT_ELIGIBLE,,2026-03-14T23:19:13.873513+00:00,data/surgical_autonomy/parsed_text/492_v2.md,only_file,47719,1571,1,1,prefix,17315,1,1,
ft_verification_decisions,75,493,AI_AUDIT_COMPLETE,gemma3:27b,FT_ELIGIBLE,,2026-03-14T23:19:34.312863+00:00,data/surgical_autonomy/parsed_text/493_v2.md,only_file,71700,3288,1,1,prefix,43091,1,1,
ft_verification_decisions,76,497,AI_AUDIT_COMPLETE,gemma3:27b,FT_ELIGIBLE,,2026-03-14T23:19:50.982452+00:00,data/surgical_autonomy/parsed_text/497_v2.md,only_file,32197,1019,1,1,references_line,4957,1,1,
ft_verification_decisions,77,498,AI_AUDIT_COMPLETE,gemma3:27b,FT_ELIGIBLE,,2026-03-14T23:20:14.145152+00:00,data/surgical_autonomy/parsed_text/498_v2.md,only_file,148805,1843,1,1,prefix,119595,1,1,
ft_verification_decisions,78,502,AI_AUDIT_COMPLETE,gemma3:27b,FT_ELIGIBLE,,2026-03-14T23:20:33.383189+00:00,data/surgical_autonomy/parsed_text/502_v2.md,only_file,42068,1709,1,1,prefix,11865,1,1,
ft_verification_decisions,79,504,AI_AUDIT_COMPLETE,gemma3:27b,FT_ELIGIBLE,,2026-03-14T23:20:56.561566+00:00,data/surgical_autonomy/parsed_text/504_v2.md,only_file,40937,1556,1,1,prefix,10523,1,1,
ft_verification_decisions,80,507,AI_AUDIT_COMPLETE,gemma3:27b,FT_ELIGIBLE,,2026-03-14T23:21:13.754055+00:00,data/surgical_autonomy/parsed_text/507_v2.md,only_file,32041,1219,1,1,references_line,3626,1,1,
ft_verification_decisions,81,509,AI_AUDIT_COMPLETE,gemma3:27b,FT_ELIGIBLE,,2026-03-14T23:21:31.110561+00:00,data/surgical_autonomy/parsed_text/509_v2.md,only_file,40347,1067,1,1,references_line,9896,1,1,
ft_verification_decisions,82,511,AI_AUDIT_COMPLETE,gemma3:27b,FT_FLAGGED,,2026-03-14T23:21:55.804316+00:00,data/surgical_autonomy/parsed_text/511_v2.md,only_file,82257,3031,1,1,prefix,53329,1,1,FT_ELIGIBLE
ft_verification_decisions,83,513,AI_AUDIT_COMPLETE,gemma3:27b,FT_ELIGIBLE,,2026-03-14T23:22:13.936581+00:00,data/surgical_autonomy/parsed_text/513_v2.md,only_file,34043,1792,1,1,prefix,3956,1,1,
ft_verification_decisions,84,514,AI_AUDIT_COMPLETE,gemma3:27b,FT_ELIGIBLE,,2026-03-14T23:22:34.095394+00:00,data/surgical_autonomy/parsed_text/514_v2.md,only_file,47755,1953,1,1,prefix,17775,1,1,
ft_verification_decisions,85,515,AI_AUDIT_COMPLETE,gemma3:27b,FT_ELIGIBLE,,2026-03-14T23:22:53.630152+00:00,data/surgical_autonomy/parsed_text/515_v2.md,only_file,37968,990,1,1,references_line,7754,1,1,
ft_verification_decisions,86,516,AI_AUDIT_COMPLETE,gemma3:27b,FT_FLAGGED,,2026-03-14T23:23:12.118361+00:00,data/surgical_autonomy/parsed_text/516_v2.md,only_file,40806,1550,1,1,prefix,10469,1,1,FT_ELIGIBLE
ft_verification_decisions,87,517,AI_AUDIT_COMPLETE,gemma3:27b,FT_FLAGGED,,2026-03-14T23:23:28.446716+00:00,data/surgical_autonomy/parsed_text/517_v2.md,only_file,31731,1069,1,0,references_line,6190,1,1,FT_ELIGIBLE
ft_verification_decisions,88,519,AI_AUDIT_COMPLETE,gemma3:27b,FT_ELIGIBLE,,2026-03-14T23:23:47.867332+00:00,data/surgical_autonomy/parsed_text/519_v2.md,only_file,30809,899,0,0,none,0,1,0,
ft_verification_decisions,89,522,AI_AUDIT_COMPLETE,gemma3:27b,FT_ELIGIBLE,,2026-03-14T23:24:09.538317+00:00,data/surgical_autonomy/parsed_text/522_v2.md,only_file,65182,1617,1,1,prefix,34802,1,1,
ft_verification_decisions,90,525,FT_SCREENED_OUT,gemma3:27b,FT_FLAGGED,,2026-03-14T23:24:27.773445+00:00,data/surgical_autonomy/parsed_text/525_v2.md,only_file,83676,2192,1,1,prefix,54831,1,1,FT_SCREENED_OUT
ft_verification_decisions,91,526,AI_AUDIT_COMPLETE,gemma3:27b,FT_ELIGIBLE,,2026-03-14T23:24:47.564147+00:00,data/surgical_autonomy/parsed_text/526_v2.md,only_file,74496,2136,1,1,prefix,44786,1,1,
ft_verification_decisions,92,528,AI_AUDIT_COMPLETE,gemma3:27b,FT_ELIGIBLE,,2026-03-14T23:25:04.945018+00:00,data/surgical_autonomy/parsed_text/528_v2.md,only_file,30228,1413,0,0,none,0,1,0,
ft_verification_decisions,93,532,AI_AUDIT_COMPLETE,gemma3:27b,FT_ELIGIBLE,,2026-03-14T23:25:28.943384+00:00,data/surgical_autonomy/parsed_text/532_v2.md,only_file,57232,1473,1,1,prefix,26845,1,1,
ft_verification_decisions,94,534,AI_AUDIT_COMPLETE,gemma3:27b,FT_ELIGIBLE,,2026-03-14T23:25:47.138220+00:00,data/surgical_autonomy/parsed_text/534_v2.md,only_file,43869,1233,1,1,prefix,13205,1,1,
ft_verification_decisions,95,536,AI_AUDIT_COMPLETE,gemma3:27b,FT_ELIGIBLE,,2026-03-14T23:26:05.667834+00:00,data/surgical_autonomy/parsed_text/536_v2.md,only_file,56296,1362,1,1,prefix,25692,1,1,
ft_verification_decisions,96,537,AI_AUDIT_COMPLETE,gemma3:27b,FT_ELIGIBLE,,2026-03-14T23:26:24.513520+00:00,data/surgical_autonomy/parsed_text/537_v2.md,only_file,36202,678,1,1,references_line,6094,1,1,
ft_verification_decisions,97,538,AI_AUDIT_COMPLETE,gemma3:27b,FT_ELIGIBLE,,2026-03-14T23:26:47.081485+00:00,data/surgical_autonomy/parsed_text/538_v2.md,only_file,45311,1894,1,1,prefix,15405,1,1,
ft_verification_decisions,98,541,AI_AUDIT_COMPLETE,gemma3:27b,FT_ELIGIBLE,,2026-03-14T23:27:09.017564+00:00,data/surgical_autonomy/parsed_text/541_v2.md,only_file,36624,1568,1,1,references_line,7895,1,1,
ft_verification_decisions,99,542,AI_AUDIT_COMPLETE,gemma3:27b,FT_ELIGIBLE,,2026-03-14T23:27:30.291472+00:00,data/surgical_autonomy/parsed_text/542_v2.md,only_file,40128,1199,1,1,prefix,9423,1,1,
ft_verification_decisions,100,543,AI_AUDIT_COMPLETE,gemma3:27b,FT_FLAGGED,,2026-03-14T23:27:51.085266+00:00,data/surgical_autonomy/parsed_text/543_v2.md,only_file,66027,1530,1,1,prefix,35655,1,1,FT_ELIGIBLE
ft_verification_decisions,101,546,AI_AUDIT_COMPLETE,gemma3:27b,FT_FLAGGED,,2026-03-14T23:28:13.907513+00:00,data/surgical_autonomy/parsed_text/546_v2.md,only_file,64331,2946,1,1,prefix,35340,1,1,FT_ELIGIBLE
ft_verification_decisions,102,548,AI_AUDIT_COMPLETE,gemma3:27b,FT_ELIGIBLE,,2026-03-14T23:28:32.301624+00:00,data/surgical_autonomy/parsed_text/548_v2.md,only_file,36841,1315,1,1,references_line,9100,1,1,
ft_verification_decisions,103,549,AI_AUDIT_COMPLETE,gemma3:27b,FT_ELIGIBLE,,2026-03-14T23:28:49.508317+00:00,data/surgical_autonomy/parsed_text/549_v2.md,only_file,35197,1624,1,1,references_line,7183,1,1,
ft_verification_decisions,104,550,AI_AUDIT_COMPLETE,gemma3:27b,FT_ELIGIBLE,,2026-03-14T23:29:10.142428+00:00,data/surgical_autonomy/parsed_text/550_v2.md,only_file,45059,1079,1,1,prefix,14366,1,1,
ft_verification_decisions,105,553,AI_AUDIT_COMPLETE,gemma3:27b,FT_FLAGGED,,2026-03-14T23:29:32.307958+00:00,data/surgical_autonomy/parsed_text/553_v2.md,only_file,32063,1876,1,1,prefix,1989,1,1,FT_ELIGIBLE
ft_verification_decisions,106,554,AI_AUDIT_COMPLETE,gemma3:27b,FT_ELIGIBLE,,2026-03-14T23:29:49.671321+00:00,data/surgical_autonomy/parsed_text/554_v2.md,only_file,31654,1273,1,0,references_line,5490,1,1,
ft_verification_decisions,107,556,AI_AUDIT_COMPLETE,gemma3:27b,FT_ELIGIBLE,,2026-03-14T23:30:07.667929+00:00,data/surgical_autonomy/parsed_text/556_v2.md,only_file,20949,1304,0,0,none,0,1,0,
ft_verification_decisions,108,557,AI_AUDIT_COMPLETE,gemma3:27b,FT_ELIGIBLE,,2026-03-14T23:30:27.392103+00:00,data/surgical_autonomy/parsed_text/557_v2.md,only_file,49650,1403,1,1,prefix,19259,1,1,
ft_verification_decisions,109,562,AI_AUDIT_COMPLETE,gemma3:27b,FT_ELIGIBLE,,2026-03-14T23:30:47.897871+00:00,data/surgical_autonomy/parsed_text/562_v2.md,only_file,39818,1980,1,1,references_line,10883,1,1,
ft_verification_decisions,110,566,AI_AUDIT_COMPLETE,gemma3:27b,FT_ELIGIBLE,,2026-03-14T23:31:08.232920+00:00,data/surgical_autonomy/parsed_text/566_v2.md,only_file,32104,1564,1,1,references_line,2846,1,1,
ft_verification_decisions,111,568,AI_AUDIT_COMPLETE,gemma3:27b,FT_ELIGIBLE,,2026-03-14T23:31:28.093555+00:00,data/surgical_autonomy/parsed_text/568_v2.md,only_file,48653,1500,1,1,prefix,18288,1,1,
ft_verification_decisions,112,570,AI_AUDIT_COMPLETE,gemma3:27b,FT_ELIGIBLE,,2026-03-14T23:31:47.162646+00:00,data/surgical_autonomy/parsed_text/570_v2.md,only_file,39288,1635,1,1,prefix,9066,1,1,
ft_verification_decisions,113,572,AI_AUDIT_COMPLETE,gemma3:27b,FT_ELIGIBLE,,2026-03-14T23:32:06.982489+00:00,data/surgical_autonomy/parsed_text/572_v2.md,only_file,36226,1559,1,1,prefix,6028,1,1,
ft_verification_decisions,114,574,AI_AUDIT_COMPLETE,gemma3:27b,FT_ELIGIBLE,,2026-03-14T23:32:25.697022+00:00,data/surgical_autonomy/parsed_text/574_v2.md,only_file,39576,1156,1,1,prefix,8840,1,1,
ft_verification_decisions,115,576,AI_AUDIT_COMPLETE,gemma3:27b,FT_ELIGIBLE,,2026-03-14T23:32:41.727122+00:00,data/surgical_autonomy/parsed_text/576_v2.md,only_file,20415,871,0,0,none,0,1,0,
ft_verification_decisions,116,577,AI_AUDIT_COMPLETE,gemma3:27b,FT_FLAGGED,,2026-03-14T23:33:06.030538+00:00,data/surgical_autonomy/parsed_text/577_v2.md,only_file,30938,905,0,0,none,0,1,0,FT_ELIGIBLE
ft_verification_decisions,117,580,AI_AUDIT_COMPLETE,gemma3:27b,FT_ELIGIBLE,,2026-03-14T23:33:26.227582+00:00,data/surgical_autonomy/parsed_text/580_v2.md,only_file,52488,1056,1,1,prefix,21575,1,1,
ft_verification_decisions,118,581,AI_AUDIT_COMPLETE,gemma3:27b,FT_ELIGIBLE,,2026-03-14T23:33:44.100744+00:00,data/surgical_autonomy/parsed_text/581_v2.md,only_file,75443,3359,1,1,prefix,46852,1,1,
ft_verification_decisions,119,586,AI_AUDIT_COMPLETE,gemma3:27b,FT_FLAGGED,,2026-03-14T23:34:10.873958+00:00,data/surgical_autonomy/parsed_text/586_v2.md,latest_of_1_existing_at_decision_(2_on_disk),69214,1387,1,1,prefix,38939,2,1,FT_ELIGIBLE
ft_verification_decisions,120,589,AI_AUDIT_COMPLETE,gemma3:27b,FT_ELIGIBLE,,2026-03-14T23:34:28.794809+00:00,data/surgical_autonomy/parsed_text/589_v2.md,only_file,33636,1265,1,1,references_line,6042,1,1,
ft_verification_decisions,121,590,AI_AUDIT_COMPLETE,gemma3:27b,FT_FLAGGED,,2026-03-14T23:34:46.348783+00:00,data/surgical_autonomy/parsed_text/590_v2.md,only_file,22249,1086,0,0,none,0,1,0,FT_ELIGIBLE
ft_verification_decisions,122,602,AI_AUDIT_COMPLETE,gemma3:27b,FT_ELIGIBLE,,2026-03-14T23:35:06.004693+00:00,data/surgical_autonomy/parsed_text/602_v2.md,only_file,34449,1466,1,1,references_line,5756,1,1,
ft_verification_decisions,123,604,AI_AUDIT_COMPLETE,gemma3:27b,FT_ELIGIBLE,,2026-03-14T23:35:25.336749+00:00,data/surgical_autonomy/parsed_text/604_v2.md,only_file,38794,1222,1,1,references_line,9081,1,1,
ft_verification_decisions,124,607,AI_AUDIT_COMPLETE,gemma3:27b,FT_FLAGGED,,2026-03-14T23:35:45.285410+00:00,data/surgical_autonomy/parsed_text/607_v2.md,only_file,130677,1392,1,1,prefix,100173,1,1,FT_ELIGIBLE
ft_verification_decisions,125,608,AI_AUDIT_COMPLETE,gemma3:27b,FT_ELIGIBLE,,2026-03-14T23:36:06.522229+00:00,data/surgical_autonomy/parsed_text/608_v2.md,only_file,32604,1075,1,1,references_line,5301,1,1,
ft_verification_decisions,126,610,AI_AUDIT_COMPLETE,gemma3:27b,FT_ELIGIBLE,,2026-03-14T23:36:26.347559+00:00,data/surgical_autonomy/parsed_text/610_v2.md,only_file,49268,1702,1,1,prefix,19028,1,1,
ft_verification_decisions,127,614,AI_AUDIT_COMPLETE,gemma3:27b,FT_ELIGIBLE,,2026-03-14T23:36:46.110836+00:00,data/surgical_autonomy/parsed_text/614_v2.md,only_file,81561,2715,1,1,prefix,52292,1,1,
ft_verification_decisions,128,617,AI_AUDIT_COMPLETE,gemma3:27b,FT_ELIGIBLE,,2026-03-14T23:37:04.445709+00:00,data/surgical_autonomy/parsed_text/617_v2.md,only_file,75481,2032,1,1,prefix,45574,1,1,
ft_verification_decisions,129,618,AI_AUDIT_COMPLETE,gemma3:27b,FT_ELIGIBLE,,2026-03-14T23:37:23.519329+00:00,data/surgical_autonomy/parsed_text/618_v2.md,only_file,58878,1984,1,1,prefix,28918,1,1,
ft_verification_decisions,130,622,AI_AUDIT_COMPLETE,gemma3:27b,FT_ELIGIBLE,,2026-03-14T23:37:42.554620+00:00,data/surgical_autonomy/parsed_text/622_v2.md,only_file,85609,2039,1,1,prefix,55935,1,1,
ft_verification_decisions,131,623,AI_AUDIT_COMPLETE,gemma3:27b,FT_FLAGGED,,2026-03-14T23:38:02.506197+00:00,data/surgical_autonomy/parsed_text/623_v2.md,only_file,24784,1526,0,0,none,0,1,0,FT_ELIGIBLE
ft_verification_decisions,132,626,AI_AUDIT_COMPLETE,gemma3:27b,FT_ELIGIBLE,,2026-03-14T23:38:23.188090+00:00,data/surgical_autonomy/parsed_text/626_v2.md,only_file,64771,2350,1,1,prefix,35136,1,1,
ft_verification_decisions,133,627,FT_SCREENED_OUT,gemma3:27b,FT_FLAGGED,,2026-03-14T23:38:45.532014+00:00,data/surgical_autonomy/parsed_text/627_v2.md,only_file,70453,1656,1,1,prefix,40110,1,1,FT_SCREENED_OUT
ft_verification_decisions,134,628,AI_AUDIT_COMPLETE,gemma3:27b,FT_FLAGGED,,2026-03-14T23:39:03.752300+00:00,data/surgical_autonomy/parsed_text/628_v2.md,only_file,30113,1224,0,0,none,0,1,0,FT_ELIGIBLE
ft_verification_decisions,135,635,AI_AUDIT_COMPLETE,gemma3:27b,FT_ELIGIBLE,,2026-03-14T23:39:26.254808+00:00,data/surgical_autonomy/parsed_text/635_v2.md,only_file,37914,1563,1,1,prefix,7600,1,1,
ft_verification_decisions,136,637,AI_AUDIT_COMPLETE,gemma3:27b,FT_ELIGIBLE,,2026-03-14T23:39:46.272953+00:00,data/surgical_autonomy/parsed_text/637_v2.md,only_file,32994,1480,1,1,references_line,4896,1,1,
ft_verification_decisions,137,639,AI_AUDIT_COMPLETE,gemma3:27b,FT_FLAGGED,,2026-03-14T23:40:12.679809+00:00,data/surgical_autonomy/parsed_text/639_v2.md,only_file,47810,1512,1,1,prefix,17350,1,1,FT_ELIGIBLE
ft_verification_decisions,138,640,AI_AUDIT_COMPLETE,gemma3:27b,FT_ELIGIBLE,,2026-03-14T23:40:32.866914+00:00,data/surgical_autonomy/parsed_text/640_v2.md,only_file,37152,1221,1,1,prefix,6388,1,1,
ft_verification_decisions,139,643,AI_AUDIT_COMPLETE,gemma3:27b,FT_ELIGIBLE,,2026-03-14T23:40:51.729849+00:00,data/surgical_autonomy/parsed_text/643_v2.md,only_file,42639,1361,1,1,prefix,12153,1,1,
ft_verification_decisions,140,644,AI_AUDIT_COMPLETE,gemma3:27b,FT_FLAGGED,,2026-03-14T23:41:12.697822+00:00,data/surgical_autonomy/parsed_text/644_v2.md,only_file,34916,1518,1,1,references_line,5491,1,1,FT_ELIGIBLE
ft_verification_decisions,141,645,AI_AUDIT_COMPLETE,gemma3:27b,FT_ELIGIBLE,,2026-03-14T23:41:34.456928+00:00,data/surgical_autonomy/parsed_text/645_v2.md,only_file,44641,1511,1,1,prefix,14355,1,1,
ft_verification_decisions,142,653,AI_AUDIT_COMPLETE,gemma3:27b,FT_ELIGIBLE,,2026-03-14T23:41:52.405273+00:00,data/surgical_autonomy/parsed_text/653_v2.md,only_file,36250,1647,1,1,references_line,7065,1,1,
ft_verification_decisions,143,654,AI_AUDIT_COMPLETE,gemma3:27b,FT_ELIGIBLE,,2026-03-14T23:42:11.569242+00:00,data/surgical_autonomy/parsed_text/654_v2.md,only_file,33573,1440,1,1,prefix,3052,1,1,
ft_verification_decisions,144,659,AI_AUDIT_COMPLETE,gemma3:27b,FT_ELIGIBLE,,2026-03-14T23:42:31.639298+00:00,data/surgical_autonomy/parsed_text/659_v2.md,only_file,61293,1633,1,1,prefix,31121,1,1,
ft_verification_decisions,145,660,AI_AUDIT_COMPLETE,gemma3:27b,FT_FLAGGED,,2026-03-14T23:42:54.482242+00:00,data/surgical_autonomy/parsed_text/660_v2.md,only_file,67316,1383,1,1,prefix,36780,1,1,FT_ELIGIBLE
ft_verification_decisions,146,661,AI_AUDIT_COMPLETE,gemma3:27b,FT_ELIGIBLE,,2026-03-14T23:43:12.315792+00:00,data/surgical_autonomy/parsed_text/661_v2.md,only_file,52713,1796,1,1,prefix,22651,1,1,
ft_verification_decisions,147,663,AI_AUDIT_COMPLETE,gemma3:27b,FT_ELIGIBLE,,2026-03-14T23:43:32.054163+00:00,data/surgical_autonomy/parsed_text/663_v2.md,only_file,58713,1728,1,1,prefix,28596,1,1,
ft_verification_decisions,148,664,FT_SCREENED_OUT,gemma3:27b,FT_FLAGGED,,2026-03-14T23:43:54.611394+00:00,data/surgical_autonomy/parsed_text/664_v2.md,only_file,73091,1851,1,1,prefix,45406,1,1,FT_SCREENED_OUT
ft_verification_decisions,149,668,AI_AUDIT_COMPLETE,gemma3:27b,FT_ELIGIBLE,,2026-03-14T23:44:10.491585+00:00,data/surgical_autonomy/parsed_text/668_v2.md,only_file,17758,844,0,0,none,0,1,0,
ft_verification_decisions,150,670,AI_AUDIT_COMPLETE,gemma3:27b,FT_ELIGIBLE,,2026-03-14T23:44:31.865496+00:00,data/surgical_autonomy/parsed_text/670_v2.md,only_file,36728,1331,1,1,prefix,6100,1,1,
ft_verification_decisions,151,676,AI_AUDIT_COMPLETE,gemma3:27b,FT_ELIGIBLE,,2026-03-14T23:44:51.773909+00:00,data/surgical_autonomy/parsed_text/676_v2.md,only_file,28095,2362,0,0,none,0,1,0,
ft_verification_decisions,152,679,AI_AUDIT_COMPLETE,gemma3:27b,FT_ELIGIBLE,,2026-03-14T23:45:08.444237+00:00,data/surgical_autonomy/parsed_text/679_v2.md,only_file,12314,8154,0,0,none,0,1,0,
ft_verification_decisions,153,683,AI_AUDIT_COMPLETE,gemma3:27b,FT_ELIGIBLE,,2026-03-14T23:45:26.871384+00:00,data/surgical_autonomy/parsed_text/683_v2.md,only_file,42786,1681,1,1,prefix,12531,1,1,
ft_verification_decisions,154,687,AI_AUDIT_COMPLETE,gemma3:27b,FT_ELIGIBLE,,2026-03-14T23:45:45.942021+00:00,data/surgical_autonomy/parsed_text/687_v2.md,only_file,33991,1252,1,1,references_line,3918,1,1,
ft_verification_decisions,155,689,AI_AUDIT_COMPLETE,gemma3:27b,FT_FLAGGED,,2026-03-14T23:46:09.806602+00:00,data/surgical_autonomy/parsed_text/689_v2.md,only_file,60189,1081,1,1,prefix,29371,1,1,FT_ELIGIBLE
ft_verification_decisions,156,690,AI_AUDIT_COMPLETE,gemma3:27b,FT_FLAGGED,,2026-03-14T23:46:29.810877+00:00,data/surgical_autonomy/parsed_text/690_v2.md,only_file,83851,2287,1,1,prefix,54151,1,1,FT_ELIGIBLE
ft_verification_decisions,157,691,AI_AUDIT_COMPLETE,gemma3:27b,FT_ELIGIBLE,,2026-03-14T23:46:48.516146+00:00,data/surgical_autonomy/parsed_text/691_v2.md,only_file,40761,1761,1,1,prefix,10525,1,1,
ft_verification_decisions,158,693,AI_AUDIT_COMPLETE,gemma3:27b,FT_ELIGIBLE,,2026-03-14T23:47:09.028003+00:00,data/surgical_autonomy/parsed_text/693_v2.md,only_file,29482,1094,0,0,none,0,1,0,
ft_verification_decisions,159,694,AI_AUDIT_COMPLETE,gemma3:27b,FT_FLAGGED,,2026-03-14T23:47:30.093349+00:00,data/surgical_autonomy/parsed_text/694_v2.md,only_file,39335,1112,1,1,prefix,8520,1,1,FT_ELIGIBLE
ft_verification_decisions,160,699,AI_AUDIT_COMPLETE,gemma3:27b,FT_ELIGIBLE,,2026-03-14T23:47:57.405479+00:00,data/surgical_autonomy/parsed_text/699_v2.md,latest_of_1_existing_at_decision_(2_on_disk),48546,1496,1,1,prefix,18093,2,1,
ft_verification_decisions,161,700,AI_AUDIT_COMPLETE,gemma3:27b,FT_ELIGIBLE,,2026-03-14T23:48:19.499919+00:00,data/surgical_autonomy/parsed_text/700_v2.md,only_file,36423,1399,1,1,references_line,7986,1,1,
ft_verification_decisions,162,708,AI_AUDIT_COMPLETE,gemma3:27b,FT_ELIGIBLE,,2026-03-14T23:48:38.675549+00:00,data/surgical_autonomy/parsed_text/708_v2.md,only_file,85603,1910,1,1,prefix,55586,1,1,
ft_verification_decisions,163,719,AI_AUDIT_COMPLETE,gemma3:27b,FT_FLAGGED,,2026-03-14T23:49:11.960577+00:00,data/surgical_autonomy/parsed_text/719_v2.md,latest_of_1_existing_at_decision_(2_on_disk),279389,745,1,1,prefix,248134,2,1,FT_ELIGIBLE
ft_verification_decisions,164,720,AI_AUDIT_COMPLETE,gemma3:27b,FT_ELIGIBLE,,2026-03-14T23:49:30.221196+00:00,data/surgical_autonomy/parsed_text/720_v2.md,only_file,68660,1931,1,1,prefix,38662,1,1,
ft_verification_decisions,165,738,AI_AUDIT_COMPLETE,gemma3:27b,FT_ELIGIBLE,,2026-03-14T23:49:49.472094+00:00,data/surgical_autonomy/parsed_text/738_v2.md,only_file,38545,824,1,1,references_line,9800,1,1,
ft_verification_decisions,166,741,AI_AUDIT_COMPLETE,gemma3:27b,FT_ELIGIBLE,,2026-03-14T23:50:08.923881+00:00,data/surgical_autonomy/parsed_text/741_v2.md,only_file,59069,1397,1,1,prefix,28560,1,1,
ft_verification_decisions,167,742,AI_AUDIT_COMPLETE,gemma3:27b,FT_FLAGGED,,2026-03-14T23:50:31.306641+00:00,data/surgical_autonomy/parsed_text/742_v2.md,only_file,68550,1550,1,1,prefix,38661,1,1,FT_ELIGIBLE
ft_verification_decisions,168,744,AI_AUDIT_COMPLETE,gemma3:27b,FT_ELIGIBLE,,2026-03-14T23:50:49.838097+00:00,data/surgical_autonomy/parsed_text/744_v2.md,only_file,32085,1334,1,1,references_line,4160,1,1,
ft_verification_decisions,169,748,AI_AUDIT_COMPLETE,gemma3:27b,FT_ELIGIBLE,,2026-03-14T23:51:08.472300+00:00,data/surgical_autonomy/parsed_text/748_v2.md,only_file,56017,1708,1,1,prefix,26172,1,1,
ft_verification_decisions,170,750,AI_AUDIT_COMPLETE,gemma3:27b,FT_ELIGIBLE,,2026-03-14T23:51:26.210422+00:00,data/surgical_autonomy/parsed_text/750_v2.md,only_file,37673,1784,1,1,references_line,8561,1,1,
ft_verification_decisions,171,752,AI_AUDIT_COMPLETE,gemma3:27b,FT_ELIGIBLE,,2026-03-14T23:51:45.337117+00:00,data/surgical_autonomy/parsed_text/752_v2.md,only_file,31246,1338,1,0,references_line,5746,1,1,
ft_verification_decisions,172,755,AI_AUDIT_COMPLETE,gemma3:27b,FT_FLAGGED,,2026-03-14T23:52:08.399676+00:00,data/surgical_autonomy/parsed_text/755_v2.md,only_file,54492,1319,1,1,prefix,23989,1,1,FT_ELIGIBLE
ft_verification_decisions,173,758,AI_AUDIT_COMPLETE,gemma3:27b,FT_ELIGIBLE,,2026-03-14T23:52:31.952424+00:00,data/surgical_autonomy/parsed_text/758_v2.md,only_file,26101,1804,0,0,none,0,1,0,
ft_verification_decisions,174,763,AI_AUDIT_COMPLETE,gemma3:27b,FT_ELIGIBLE,,2026-03-14T23:52:49.409990+00:00,data/surgical_autonomy/parsed_text/763_v2.md,only_file,21685,778,0,0,none,0,1,0,
ft_verification_decisions,175,764,AI_AUDIT_COMPLETE,gemma3:27b,FT_ELIGIBLE,,2026-03-14T23:53:08.231274+00:00,data/surgical_autonomy/parsed_text/764_v2.md,only_file,34526,1387,1,1,references_line,4845,1,1,
ft_verification_decisions,176,769,AI_AUDIT_COMPLETE,gemma3:27b,FT_ELIGIBLE,,2026-03-14T23:53:28.169028+00:00,data/surgical_autonomy/parsed_text/769_v2.md,only_file,44012,2674,1,1,prefix,14707,1,1,
ft_verification_decisions,177,776,FT_SCREENED_OUT,gemma3:27b,FT_FLAGGED,,2026-03-14T23:53:49.612214+00:00,data/surgical_autonomy/parsed_text/776_v2.md,only_file,53798,1449,1,1,prefix,23358,1,1,FT_SCREENED_OUT
ft_verification_decisions,178,779,AI_AUDIT_COMPLETE,gemma3:27b,FT_ELIGIBLE,,2026-03-14T23:54:07.330917+00:00,data/surgical_autonomy/parsed_text/779_v2.md,only_file,35303,398,1,1,references_line,4862,1,1,
ft_verification_decisions,179,780,AI_AUDIT_COMPLETE,gemma3:27b,FT_FLAGGED,,2026-03-14T23:54:31.128340+00:00,data/surgical_autonomy/parsed_text/780_v2.md,only_file,59427,890,1,1,prefix,28468,1,1,FT_ELIGIBLE
ft_verification_decisions,180,783,AI_AUDIT_COMPLETE,gemma3:27b,FT_ELIGIBLE,,2026-03-14T23:54:44.951408+00:00,data/surgical_autonomy/parsed_text/783_v2.md,only_file,7987,2963,0,0,none,0,1,0,
ft_verification_decisions,181,796,AI_AUDIT_COMPLETE,gemma3:27b,FT_ELIGIBLE,,2026-03-14T23:55:02.691143+00:00,data/surgical_autonomy/parsed_text/796_v2.md,only_file,36800,441,1,1,references_line,7443,1,1,
ft_verification_decisions,182,801,AI_AUDIT_COMPLETE,gemma3:27b,FT_ELIGIBLE,,2026-03-14T23:55:25.542648+00:00,data/surgical_autonomy/parsed_text/801_v2.md,only_file,23044,1896,0,0,none,0,1,0,
